distance,bound,allowance,ratio
0.00015536307749949103,0.1510633247017033,1.4184559509297077e-06,0.0010284632474909328
0.0003279887191655584,0.730021982327366,1.4184559509297077e-06,0.00044928608604347125
1.412783997373368,5.476606388822754,1.4184559509297077e-06,0.2579670505911707
0.07060980164873827,0.276905409965017,1.4184559509297077e-06,0.25499610736265066
2.464271403225793,13.465913474635698,1.4184559509297077e-06,0.18300068598149524
0.017526584091924036,0.15950506653834026,1.4068445930273833e-10,0.10988104937538876
0.03700056641628406,0.7452038892671723,2.959967090965357e-10,0.04965160132573936
1.2803526748537488,2.1906425555289033,1.4068445930273833e-10,0.5844644401809421
0.06403123550553315,0.1107621639860006,1.4068445930273833e-10,0.5780966460137611
2.2734417410825776,5.0932318730889445,1.4068445930273833e-10,0.4463652544653892
0.028284271247461922,0.054274188313478036,1.7077201874790047e-11,0.5211366973209625
0.18232163174041413,0.8094040643066516,6.804050857131188e-11,0.22525415893061243
0.9065212105480198,1.0953212777644517,1.7077201874790047e-11,0.8276304212753245
0.045539529059324416,0.055381081993000195,1.7077201874790047e-11,0.8222939570787063
1.806201721570782,2.5339650712448414,1.7077201874790047e-11,0.7127966135237465
0.028284271247461967,0.030684427624317664,1.1392205999754766e-11,0.9217793336006844
0.4666590487274237,1.0056757849268667,3.267617066169017e-11,0.46402534069303397
0.3561141919575407,0.3651070925881502,1.1392205999754766e-11,0.9753691428811717
0.01798747026309672,0.018460360664333562,1.1392205999754766e-11,0.9743834689995796
0.8406697381571575,0.8804773926943203,1.1392205999754766e-11,0.9547885557681967
0.028284271247461936,0.028567618711324086,1.0914093672768646e-11,0.9900815161835721
0.608179214752507,1.1756550778341304,2.739954272207627e-11,0.5173109241129933
0.10928048192527982,0.10953212777644578,1.0914093672768646e-11,0.9977025384581265
0.005524862603298237,0.005538108199299966,1.0914093672768646e-11,0.9976082814699425
0.26123322653330333,0.26234653606546776,1.0914093672768646e-11,0.9957563398821221
0.012987673989325002,0.14639191429929468,2.730698433076485e-06,0.08871852008692242
0.027418422866352852,0.7236658082316283,2.730698433076485e-06,0.037888238679333684
0.6865209821715774,1.3769523637017762,2.730698433076485e-06,0.4985800527811621
0.03432284753948945,0.08020574298067136,2.730698433076485e-06,0.4279350363696631
2.194603129735873,10.795527137201443,2.730698433076485e-06,0.20328818610193283
0.028284271247461943,0.038271903624620324,1.9451317485537676e-10,0.7390348681079628
0.2668016825396908,0.8100832291593859,1.9451317485537676e-10,0.3293509517738663
0.483656738487176,0.5507809454807088,1.9451317485537676e-10,0.8781290319784968
0.024986860189983424,0.03208229719226782,1.9451317485537676e-10,0.7788363794599323
2.1853935345460713,4.644672353061576,1.9451317485537676e-10,0.4705161889633722
0.028284271247461936,0.03001487527036707,1.8142100662672673e-11,0.9423417886192679
0.47508433399024164,0.9596835638377607,3.227402478395005e-11,0.4950426910411868
0.26899220650002076,0.2753904727403556,1.8142100662672673e-11,0.9767665664804343
0.014923072608190889,0.01604114859613451,1.8142100662672673e-11,0.9302995055969341
1.3872538769015228,1.908278693809731,1.8142100662672673e-11,0.7269660775449825
0.028284271247461912,0.028512691144293823,1.1436302642462127e-11,0.9919888341764743
0.6109871547835145,1.1506201656344681,2.731957889280742e-11,0.5310068196541711
0.09160740985476556,0.09179682424678477,1.1436302642462127e-11,0.9979365910141946
0.0053039579916269895,0.0053470495320451115,1.1436302642462127e-11,0.9919410620455501
0.6929193256982374,0.7249529089592086,1.1436302642462127e-11,0.9558128771329979
0.028284271247461905,0.028333741236344325,1.0920763845630213e-11,0.9982540255284409
0.6537617231414623,1.2441687076373404,2.6186386959022517e-11,0.5254606703482737
0.027534094606720842,0.02753904727403532,1.0920763845630213e-11,0.9998201583640424
0.0016029503582736307,0.0016041148596140644,1.0920763845630213e-11,0.9992740536418234
0.20447813761719238,0.20539358357513032,1.0920763845630213e-11,0.9955429671073289
0.01298767398932407,0.14639191422331163,2.730698433076485e-06,0.0887185201329644
0.027418422866350774,0.7236658081330137,2.730698433076485e-06,0.037888238684493876
0.6865209821715644,1.3769523637017884,2.730698433076485e-06,0.4985800527811482
0.034322847539488825,0.08020574298065082,2.730698433076485e-06,0.4279350363697649
2.33290092626754,10.700208508553146,2.730698433076485e-06,0.21802387536679774
0.028284271247461974,0.0382719036246177,1.9451317485537676e-10,0.7390348681080142
0.2668016825396852,0.8100832291594221,1.9451317485537676e-10,0.3293509517738447
0.4836567384871757,0.5507809454807134,1.9451317485537676e-10,0.8781290319784888
0.024986860189983265,0.03208229719226653,1.9451317485537676e-10,0.7788363794599588
1.742220223970293,3.6628814884796728,1.9451317485537676e-10,0.4756419855378462
0.028284271247461922,0.030014875270366517,1.8142100662672673e-11,0.9423417886192847
0.4750843339902374,0.959683563837751,3.227402478395019e-11,0.4950426910411874
0.2689922065000219,0.27539047274035655,1.8142100662672673e-11,0.9767665664804351
0.014923072608190797,0.016041148596133002,1.8142100662672673e-11,0.9302995055970159
1.5198456944820409,2.1076539645317744,1.8142100662672673e-11,0.7211077909649566
0.0282842712474619,0.028512691144293965,1.1436302642462127e-11,0.991988834176469
0.610987154783513,1.150620165634465,2.7319578892807505e-11,0.5310068196541712
0.0916074098547661,0.09179682424678522,1.1436302642462127e-11,0.9979365910141957
0.005303957991626826,0.005347049532044513,1.1436302642462127e-11,0.9919410620456306
0.6260636866710243,0.6555640183452363,1.1436302642462127e-11,0.9550000749756276
0.028284271247461978,0.028333741236345484,1.0920763845630213e-11,0.9982540255284026
0.6537617231414615,1.2441687076373422,2.6186386959022517e-11,0.5254606703482724
0.027534094606720926,0.027539047274035687,1.0920763845630213e-11,0.999820158364032
0.0016029503582735134,0.0016041148596130227,1.0920763845630213e-11,0.9992740536423993
0.19220373440913302,0.19297380846047393,1.0920763845630213e-11,0.9960094374594952
0.00015536307749949624,0.15106332451557444,1.4184559509297077e-06,0.0010284632487581624
0.0003279887191655623,0.7300219822067793,1.4184559509297077e-06,0.0004492860861176907
1.412783997373367,5.476606388822641,1.4184559509297077e-06,0.2579670505911758
0.07060980164873824,0.2769054099650542,1.4184559509297077e-06,0.2549961073626163
2.170494522003381,11.959368373354177,1.4184559509297077e-06,0.1814890598101574
0.01752658409192322,0.15950506653833924,1.4068445930273833e-10,0.10988104937538436
0.0370005664162823,0.7452038892671089,2.9599670909654934e-10,0.04965160132574122
1.2803526748537541,2.1906425555289375,1.4068445930273833e-10,0.5844644401809354
0.06403123550553343,0.11076216398600182,1.4068445930273833e-10,0.5780966460137572
2.3758697788891117,5.28802054936917,1.4068445930273833e-10,0.44929284156668775
0.028284271247461905,0.054274188313479944,1.7077201874790202e-11,0.5211366973209438
0.1823216317404099,0.8094040643066593,6.804050857131306e-11,0.22525415893060505
0.9065212105480291,1.0953212777644687,1.7077201874790202e-11,0.82763042127532
0.04553952905932495,0.05538108199300098,1.7077201874790202e-11,0.8222939570787043
1.9201683296217962,2.662716958344996,1.7077201874790202e-11,0.7211312203514381
0.028284271247461912,0.030684427624317785,1.1392205999754774e-11,0.921779333600679
0.4666590487274208,1.0056757849268616,3.267617066169031e-11,0.4640253406930335
0.35611419195754584,0.36510709258815743,1.1392205999754774e-11,0.9753691428811666
0.01798747026309696,0.01846036066433377,1.1392205999754774e-11,0.9743834689995815
0.8095689452476288,0.8498405157810929,1.1392205999754774e-11,0.9526127905346449
0.028284271247461912,0.028567618711324346,1.0914093672768648e-11,0.9900815161835622
0.6081792147525055,1.1756550778341273,2.7399542722076315e-11,0.5173109241129933
0.10928048192528161,0.10953212777644712,1.0914093672768648e-11,0.9977025384581306
0.005524862603298373,0.005538108199300368,1.0914093672768648e-11,0.9976082814698948
0.2597785781592559,0.2609256479428586,1.0914093672768648e-11,0.995603844265038
0.01298767398932481,0.1463919140786717,2.730698433076485e-06,0.0887185202206262
0.027418422866352363,0.723665807922342,2.730698433076485e-06,0.037888238695525996
0.686520982171589,1.376952363701815,2.730698433076485e-06,0.49858005278115636
0.03432284753949003,0.08020574298067988,2.730698433076485e-06,0.42793503636962493
2.3385966401674576,11.248726887746054,2.730698433076485e-06,0.20789878388060412
0.028284271247461978,0.03827190362461569,1.9451317485537676e-10,0.7390348681080532
0.2668016825396904,0.8100832291594502,1.9451317485537676e-10,0.32935095177383966
0.4836567384871822,0.5507809454807187,1.9451317485537676e-10,0.8781290319784923
0.024986860189983705,0.032082297192267795,1.9451317485537676e-10,0.7788363794599418
1.8971077020723282,3.910250857124509,1.9451317485537676e-10,0.4851626587117249
0.028284271247462002,0.030014875270366226,1.8142100662672802e-11,0.9423417886192965
0.4750843339902419,0.9596835638377854,3.227402478395019e-11,0.4950426910411743
0.268992206500024,0.2753904727403584,1.8142100662672802e-11,0.976766566480436
0.014923072608190938,0.016041148596133713,1.8142100662672802e-11,0.9302995055969834
1.6178906433481808,2.224806301497929,1.8142100662672802e-11,0.7272051693933441
0.02828427124746199,0.02851269114429411,1.1436302642462134e-11,0.9919888341764671
0.6109871547835154,1.1506201656345072,2.731957889280742e-11,0.5310068196541539
0.09160740985476652,0.0917968242467867,1.1436302642462134e-11,0.9979365910141842
0.005303957991626949,0.005347049532044493,1.1436302642462134e-11,0.9919410620456571
0.6687709415314276,0.699977151316049,1.1436302642462134e-11,0.9554182451156447
0.028284271247461995,0.028333741236344842,1.0920763845630214e-11,0.9982540255284258
0.6537617231414633,1.2441687076373513,2.6186386959022517e-11,0.5254606703482699
0.027534094606721116,0.027539047274035538,1.0920763845630214e-11,0.9998201583640444
0.0016029503582735524,0.001604114859613364,1.0920763845630214e-11,0.999274053642211
0.21337130339468022,0.2143131115565816,1.0920763845630214e-11,0.9956054571040432
0.02828427124746194,0.08640501641445787,2.672783733473782e-05,0.32734524476902044
0.1332906763604708,1.0346717243564425,2.672783733473782e-05,0.12882412191497405
1.1304780537999919,1.5512381985486032,2.672783733473782e-05,0.7287585200375478
0.056500354019750586,0.0775295965375885,2.672783733473782e-05,0.7287585198815997
2.3631456743616184,10.150965941660536,2.672783733473782e-05,0.23280007911986408
0.02828427124746187,0.03494619046503576,4.964202982030703e-10,0.809366367866642
0.3672928932601143,0.9692008289839739,4.964202982030703e-10,0.3789646916059206
0.5823139843846209,0.6204952794194416,4.964202982030703e-10,0.9384664214197657
0.029103569205694724,0.03101183861503446,4.964202982030703e-10,0.938466421387392
1.9656648538389438,3.8649340193182296,4.964202982030703e-10,0.5085894982977446
0.02828427124746189,0.030158297035312226,2.2902919650929195e-11,0.9378603577763013
0.47929184257493657,0.9890834955070815,3.2078490159386674e-11,0.4845817817728463
0.30371632826152317,0.31024763970972136,2.2902919650929195e-11,0.9789480704694189
0.01517948978695228,0.015505919307516984,2.2902919650929195e-11,0.9789480704696782
1.4038951121102181,2.011897738854805,2.2902919650929195e-11,0.6977964560511565
0.028284271247461915,0.02859291029083322,1.1594159713522317e-11,0.9892057492493076
0.5932428709518426,1.097688583879084,2.7837618870643066e-11,0.5404473360335059
0.103030850466793,0.10341587990324023,1.1594159713522317e-11,0.9962768828461598
0.005149396317792127,0.005168639769172183,1.1594159713522317e-11,0.996276882847431
0.6627129358305638,0.699637048406964,1.1594159713522317e-11,0.9472239032217142
0.028284271247461888,0.028343830704574864,1.0942787208484323e-11,0.9978986800431544
0.647361117702783,1.2097475495144785,2.6346425419117426e-11,0.5351208340637645
0.03101337143837418,0.031024763970971824,1.0942787208484323e-11,0.9996327922878542
0.0015500225414365344,0.0015505919307516674,1.0942787208484323e-11,0.9996327922880025
0.1878609607950151,0.18895216666108366,1.0942787208484323e-11,0.9942249624052959
0.028284271247461933,0.0864050164220666,2.672783733473782e-05,0.32734524474019466
0.1332906763604794,1.0346717243753802,2.672783733473782e-05,0.1288241219126245
1.1304780537999686,1.5512381985485373,2.672783733473782e-05,0.7287585200375638
0.05650035401974937,0.07752959653758415,2.672783733473782e-05,0.7287585198816249
2.16675240882834,9.465683020063233,2.672783733473782e-05,0.22890608149837088
0.02828427124746195,0.03494619046503146,4.964202982030703e-10,0.8093663678667439
0.36729289326012265,0.9692008289839594,4.964202982030703e-10,0.37896469160593493
0.582313984384599,0.6204952794194148,4.964202982030703e-10,0.9384664214197709
0.029103569205693645,0.031011838615032775,4.964202982030703e-10,0.9384664213874082
1.8358332526286754,4.032098391896362,4.964202982030703e-10,0.45530467617513987
0.028284271247461888,0.030158297035312403,2.290291965093018e-11,0.9378603577762957
0.47929184257496915,0.9890834955071484,3.207849015938516e-11,0.4845817817728465
0.30371632826151257,0.3102476397097074,2.290291965093018e-11,0.9789480704694287
0.015179489786951756,0.015505919307516382,2.290291965093018e-11,0.9789480704696825
1.481136317880933,2.102721927691557,2.290291965093018e-11,0.7043900091473232
0.028284271247461936,0.02859291029083286,1.1594159713522313e-11,0.9892057492493208
0.5932428709518441,1.097688583879088,2.783761887064302e-11,0.5404473360335054
0.1030308504667887,0.10341587990323604,1.1594159713522313e-11,0.9962768828461586
0.00514939631779191,0.005168639769172151,1.1594159713522313e-11,0.9962768828473949
0.6216760875604105,0.6569105201344464,1.1594159713522313e-11,0.9463634216623222
0.028284271247461943,0.02834383070457534,1.0942787208484323e-11,0.9978986800431396
0.6473611177027836,1.2097475495144805,2.6346425419117426e-11,0.5351208340637641
0.03101337143837293,0.031024763970970894,1.0942787208484323e-11,0.9996327922878439
0.0015500225414364838,0.0015505919307517496,1.0942787208484323e-11,0.999632792287917
0.1881925699111066,0.18920607377246565,1.0942787208484323e-11,0.9946433862235424
0.012987673989326102,0.14639191433325272,2.730698433076485e-06,0.08871852006635021
0.027418422866355138,0.723665808180777,2.730698433076485e-06,0.03788823868199922
0.6865209821716837,1.37695236370186,2.730698433076485e-06,0.49858005278120887
0.03432284753949478,0.0802057429806802,2.730698433076485e-06,0.4279350363696824
2.054167879488925,9.932005724279025,2.730698433076485e-06,0.20682306640918083
0.028284271247461915,0.038271903624625264,1.9451317485543433e-10,0.7390348681078667
0.26680168253962194,0.8100832291593976,1.9451317485543433e-10,0.32935095177377655
0.4836567384871652,0.5507809454807402,1.9451317485543433e-10,0.8781290319784271
0.024986860189982446,0.03208229719226884,1.9451317485543433e-10,0.7788363794598772
2.028052594603594,4.3045173145563815,1.9451317485543433e-10,0.47114518223574686
0.02828427124746192,0.03001487527036653,1.8142100662672766e-11,0.9423417886192842
0.4750843339902477,0.9596835638377749,3.227402478394977e-11,0.4950426910411858
0.2689922065000362,0.27539047274037026,1.8142100662672766e-11,0.9767665664804382
0.014923072608191569,0.016041148596134626,1.8142100662672766e-11,0.9302995055969698
1.5765621007702926,2.133870980151759,1.8142100662672766e-11,0.7388272840460903
0.02828427124746191,0.028512691144293105,1.1436302642462132e-11,0.9919888341764992
0.6109871547835167,1.1506201656344952,2.731957889280742e-11,0.5310068196541605
0.09160740985477052,0.0917968242467902,1.1436302642462132e-11,0.9979365910141896
0.005303957991627142,0.005347049532044848,1.1436302642462132e-11,0.9919410620456276
0.6473106688623697,0.6755897627727249,1.1436302642462132e-11,0.9581416186735965
0.028284271247461905,0.028333741236344374,1.0920763845630214e-11,0.9982540255284391
0.6537617231414629,1.2441687076373509,2.618638695902244e-11,0.5254606703482698
0.02753409460672217,0.0275390472740375,1.0920763845630214e-11,0.9998201583640114
0.0016029503582736541,0.0016041148596135468,1.0920763845630214e-11,0.9992740536421605
0.23547259275642288,0.23647389612805653,1.0920763845630214e-11,0.9957656917400667
0.012987673989324131,0.14639191424986858,2.730698433076485e-06,0.0887185201168704
0.027418422866350867,0.7236658080178541,2.730698433076485e-06,0.0378882386905233
0.6865209821715965,1.3769523637018075,2.730698433076485e-06,0.4985800527811646
0.0343228475394904,0.08020574298069247,2.730698433076485e-06,0.4279350363695623
2.3768408051501053,11.390981139212249,2.730698433076485e-06,0.20865988417521666
0.028284271247461905,0.03827190362462148,1.9451317485539594e-10,0.7390348681079394
0.26680168253964637,0.8100832291594792,1.9451317485539594e-10,0.32935095177377355
0.4836567384871661,0.550780945480726,1.9451317485539594e-10,0.8781290319784514
0.024986860189982644,0.03208229719226706,1.9451317485539594e-10,0.7788363794599266
1.998397888214837,4.082674774439445,1.9451317485539594e-10,0.48948250806708427
0.028284271247462002,0.030014875270366857,1.8142100662672708e-11,0.9423417886192768
0.47508433399023764,0.95968356383779,3.227402478395019e-11,0.49504269104116755
0.2689922065000285,0.2753904727403631,1.8142100662672708e-11,0.9767665664804357
0.014923072608191111,0.01604114859613398,1.8142100662672708e-11,0.9302995055969787
1.4278252653989172,1.9479067818875568,1.8142100662672708e-11,0.7330049254283764
0.02828427124746195,0.028512691144294527,1.143630264246213e-11,0.9919888341764511
0.6109871547835135,1.150620165634496,2.7319578892807505e-11,0.5310068196541573
0.09160740985476815,0.0917968242467866,1.143630264246213e-11,0.9979365910142028
0.005303957991627008,0.005347049532045015,1.143630264246213e-11,0.9919410620455713
0.7243415418021483,0.757866392166551,1.143630264246213e-11,0.955764168050039
0.028284271247461835,0.028333741236345536,1.0920763845630213e-11,0.9982540255283957
0.653761723141462,1.2441687076373618,2.6186386959022517e-11,0.5254606703482645
0.027534094606721654,0.027539047274035097,1.0920763845630213e-11,0.9998201583640799
0.00160295035827357,0.001604114859613635,1.0920763845630213e-11,0.9992740536420531
0.19289861065217817,0.19365950518265246,1.0920763845630213e-11,0.9960709672899524
0.02828427124746192,0.08640501643453666,2.672783733473782e-05,0.32734524469295173
0.13329067636050448,1.0346717246653818,2.672783733473782e-05,0.12882412187654144
1.1304780537999803,1.5512381985485684,2.672783733473782e-05,0.7287585200375568
0.05650035401974999,0.07752959653758502,2.672783733473782e-05,0.7287585198816245
2.3162377324048338,10.090620949606535,2.672783733473782e-05,0.22954362709414342
0.028284271247461943,0.03494619046503531,4.964202982030703e-10,0.8093663678666545
0.3672928932601448,0.9692008289840928,4.964202982030703e-10,0.3789646916059056
0.5823139843846118,0.6204952794194268,4.964202982030703e-10,0.9384664214197733
0.029103569205694273,0.03101183861503354,4.964202982030703e-10,0.9384664213874052
2.0372104562239297,4.262900001365412,4.964202982030703e-10,0.4778930905185223
0.028284271247461884,0.0301582970353132,2.2902919650928772e-11,0.9378603577762707
0.47929184257495433,0.9890834955071137,3.207849015938585e-11,0.4845817817728485
0.3037163282615177,0.31024763970971314,2.2902919650928772e-11,0.9789480704694271
0.015179489786951992,0.015505919307516677,2.2902919650928772e-11,0.978948070469679
1.4031528732443248,1.9714637640462358,2.2902919650928772e-11,0.7117315057135473
0.028284271247461933,0.02859291029083291,1.1594159713522304e-11,0.989205749249319
0.5932428709518488,1.0976885838790975,2.783761887064284e-11,0.5404473360335049
0.10303085046679089,0.10341587990323779,1.1594159713522304e-11,0.9962768828461629
0.005149396317791971,0.005168639769171984,1.1594159713522304e-11,0.9962768828474391
0.6643861642386917,0.7021307512230224,1.1594159713522304e-11,0.9462427946382003
0.028284271247461912,0.028343830704574823,1.0942787208484322e-11,0.9978986800431567
0.6473611177027853,1.2097475495144947,2.6346425419117387e-11,0.5351208340637592
0.03101337143837358,0.031024763970971585,1.0942787208484322e-11,0.9996327922878425
0.001550022541436489,0.0015505919307516926,1.0942787208484322e-11,0.9996327922879571
0.17523868637643528,0.17621878065935276,1.0942787208484322e-11,0.99443819620559
0.028284271247461877,0.08640501643018993,2.672783733473782e-05,0.32734524470941884
0.13329067636052536,1.0346717243218846,2.672783733473782e-05,0.12882412191932952
1.1304780537999382,1.5512381985484556,2.672783733473782e-05,0.7287585200375826
0.05650035401974787,0.07752959653757605,2.672783733473782e-05,0.7287585198816817
2.495087565598751,10.599434202091171,2.672783733473782e-05,0.23539818428293965
0.0282842712474619,0.0349461904650328,4.964202982030703e-10,0.8093663678667115
0.36729289326016323,0.9692008289840706,4.964202982030703e-10,0.3789646916059333
0.5823139843845736,0.620495279419383,4.964202982030703e-10,0.9384664214197781
0.029103569205692435,0.03101183861503042,4.964202982030703e-10,0.9384664213874404
1.874189393035113,3.9383795203176986,4.964202982030703e-10,0.475878310702755
0.028284271247461922,0.030158297035311844,2.2902919650929056e-11,0.9378603577763142
0.47929184257496443,0.9890834955071194,3.207849015938537e-11,0.48458178177285594
0.30371632826149575,0.3102476397096914,2.2902919650929056e-11,0.978948070469425
0.015179489786950912,0.015505919307514942,2.2902919650929056e-11,0.9789480704697189
1.3340138751227621,1.865821504219252,2.2902919650929056e-11,0.7149740058768251
0.028284271247461926,0.028592910290833724,1.1594159713522312e-11,0.9892057492492906
0.5932428709518522,1.0976885838791006,2.7837618870642755e-11,0.5404473360335066
0.10303085046678323,0.10341587990323046,1.1594159713522312e-11,0.9962768828461595
0.00514939631779163,0.005168639769171615,1.1594159713522312e-11,0.9962768828474442
0.6056974776149417,0.6403030903274061,1.1594159713522312e-11,0.945954325013847
0.028284271247461943,0.02834383070457452,1.0942787208484322e-11,0.9978986800431684
0.6473611177027858,1.2097475495144956,2.634642541911735e-11,0.5351208340637593
0.03101337143837122,0.03102476397096926,1.0942787208484322e-11,0.9996327922878414
0.0015500225414364296,0.0015505919307516461,1.0942787208484322e-11,0.9996327922879487
0.20858528441302016,0.20968820864758175,1.0942787208484322e-11,0.994740170457485
0.012987673989331148,0.14639191384153386,2.730698433076485e-06,0.08871852036438317
0.027418422866365658,0.7236658078061537,2.730698433076485e-06,0.03788823870162752
0.6865209821716152,1.3769523637016499,2.730698433076485e-06,0.4985800527812352
0.034322847539491275,0.08020574298067293,2.730698433076485e-06,0.4279350363696775
2.2824792623549617,10.985707384850253,2.730698433076485e-06,0.20776807377034232
0.028284271247461957,0.0382719036246058,1.9451317485535756e-10,0.7390348681082436
0.2668016825396935,0.8100832291594059,1.9451317485535756e-10,0.32935095177386153
0.48365673848713003,0.5507809454806646,1.9451317485535756e-10,0.8781290319784838
0.024986860189981138,0.03208229719226532,1.9451317485535756e-10,0.7788363794599219
2.0437881892086702,4.382261545411561,1.9451317485535756e-10,0.4663775012124995
0.028284271247461912,0.030014875270365126,1.81421006626726e-11,0.942341788619328
0.475084333990243,0.9596835638377402,3.227402478394991e-11,0.4950426910411988
0.2689922064999969,0.2753904727403313,1.81421006626726e-11,0.9767665664804338
0.014923072608189692,0.0160411485961321,1.81421006626726e-11,0.9302995055969993
1.5416300830460594,2.1379620308430503,1.81421006626726e-11,0.7210745844902388
0.02828427124746194,0.028512691144293983,1.1436302642462126e-11,0.9919888341764697
0.610987154783515,1.150620165634457,2.731957889280742e-11,0.5310068196541766
0.09160740985475752,0.09179682424677667,1.1436302642462126e-11,0.9979365910141951
0.00530395799162654,0.005347049532044226,1.1436302642462126e-11,0.9919410620456304
0.7074622741255933,0.740892472258942,1.1436302642462126e-11,0.9548784751025722
0.028284271247461905,0.0283337412363456,1.0920763845630213e-11,0.9982540255283959
0.6537617231414621,1.244168707637332,2.6186386959022517e-11,0.5254606703482771
0.027534094606718306,0.027539047274032426,1.0920763845630213e-11,0.9998201583640554
0.0016029503582734373,0.0016041148596132918,1.0920763845630213e-11,0.9992740536421841
0.21803571799291863,0.21898804133273858,1.0920763845630213e-11,0.9956512541323069
0.00015536307749949285,0.15106332467448536,1.4184559509297077e-06,0.001028463247676249
0.0003279887191656027,0.7300219824085145,1.4184559509297077e-06,0.00044928608599358977
1.4127839973733691,5.47660638882256,1.4184559509297077e-06,0.25796705059118
0.07060980164873844,0.2769054099651162,1.4184559509297077e-06,0.2549961073625599
2.3854545097372135,12.877151657867753,1.4184559509297077e-06,0.18524706185934647
0.017526584091923824,0.1595050665383383,1.4068445930273833e-10,0.10988104937538878
0.03700056641628352,0.7452038892671579,2.959967090965407e-10,0.0496516013257396
1.2803526748537541,2.1906425555289313,1.4068445930273833e-10,0.584464440180937
0.06403123550553338,0.11076216398600192,1.4068445930273833e-10,0.5780966460137564
2.3755492173965926,5.35652282836469,1.4068445930273833e-10,0.443487182546337
0.028284271247461946,0.05427418831347974,1.7077201874790076e-11,0.5211366973209466
0.18232163174041263,0.8094040643066595,6.804050857131235e-11,0.22525415893060838
0.9065212105480269,1.0953212777644634,1.7077201874790076e-11,0.827630421275322
0.045539529059324776,0.05538108199300122,1.7077201874790076e-11,0.8222939570786976
1.9607596491781993,2.712651353792993,1.7077201874790076e-11,0.7228203677691742
0.028284271247461926,0.030684427624318666,1.1392205999754768e-11,0.9217793336006529
0.46665904872742314,1.005675784926861,3.267617066169024e-11,0.4640253406930361
0.3561141919575441,0.3651070925881552,1.1392205999754768e-11,0.9753691428811678
0.01798747026309691,0.018460360664333656,1.1392205999754768e-11,0.974383468999585
0.858232977952885,0.8993279302678003,1.1392205999754768e-11,0.9543048192635604
0.028284271247461988,0.02856761871132296,1.0914093672768648e-11,0.9900815161836131
0.6081792147525071,1.1756550778341304,2.739954272207627e-11,0.5173109241129934
0.10928048192528096,0.1095321277764463,1.0914093672768648e-11,0.9977025384581322
0.005524862603298379,0.005538108199300288,1.0914093672768648e-11,0.9976082814699102
0.26228395976084035,0.2634411852797373,1.0914093672768648e-11,0.9956072718179272
0.01298767398932294,0.14639191415139338,2.730698433076485e-06,0.0887185201765416
0.027418422866348508,0.7236658081438014,2.730698433076485e-06,0.03788823868392594
0.6865209821715957,1.3769523637018621,2.730698433076485e-06,0.49858005278114426
0.034322847539490366,0.08020574298069053,2.730698433076485e-06,0.42793503636957225
2.2797809388880905,10.736791769297355,2.730698433076485e-06,0.21233353387808931
0.028284271247461898,0.038271903624614384,1.9451317485535756e-10,0.7390348681080763
0.26680168253967784,0.8100832291594318,1.9451317485535756e-10,0.32935095177383167
0.48365673848719526,0.5507809454807359,1.9451317485535756e-10,0.8781290319784886
0.024986860189984233,0.032082297192268676,1.9451317485535756e-10,0.7788363794599369
1.9275086150750806,4.227937463095714,1.9451317485535756e-10,0.45589809023895794
0.028284271247461964,0.030014875270366146,1.81421006626726e-11,0.9423417886192978
0.47508433399023225,0.959683563837778,3.2274024783950466e-11,0.4950426910411681
0.26899220650003336,0.2753904727403684,1.81421006626726e-11,0.9767665664804347
0.014923072608191295,0.016041148596134223,1.81421006626726e-11,0.930299505596976
1.4137677411251681,1.9339967677509453,1.81421006626726e-11,0.731008326745678
0.028284271247461884,0.02851269114429367,1.1436302642462126e-11,0.9919888341764787
0.6109871547835115,1.1506201656344728,2.7319578892807595e-11,0.5310068196541664
0.09160740985476999,0.09179682424678992,1.1436302642462126e-11,0.997936591014187
0.005303957991627077,0.0053470495320449085,1.1436302642462126e-11,0.9919410620456042
0.6087509166448452,0.6390332572179628,1.1436302642462126e-11,0.9526122619893805
0.0282842712474619,0.0283337412363443,1.0920763845630213e-11,0.9982540255284416
0.6537617231414617,1.2441687076373553,2.6186386959022588e-11,0.525460670348267
0.027534094606722032,0.02753904727403757,1.0920763845630213e-11,0.9998201583640038
0.0016029503582736025,0.001604114859613681,1.0920763845630213e-11,0.9992740536420447
0.20135994654303055,0.2022815651115163,1.0920763845630213e-11,0.9954438825506533
0.012987673989326952,0.14639191423668252,2.730698433076485e-06,0.08871852012488086
0.027418422866356904,0.7236658081959246,2.730698433076485e-06,0.03788823868120859
0.686520982171691,1.3769523637018486,2.730698433076485e-06,0.4985800527812183
0.03432284753949509,0.08020574298068545,2.730698433076485e-06,0.4279350363696583
2.274016086640973,10.717290685283453,2.730698433076485e-06,0.21218199201814683
0.02828427124746191,0.038271903624620456,1.9451317485537676e-10,0.7390348681079593
0.2668016825396654,0.8100832291594019,1.9451317485537676e-10,0.32935095177382845
0.48365673848718643,0.5507809454807352,1.9451317485537676e-10,0.8781290319784736
0.024986860189983685,0.03208229719226852,1.9451317485537676e-10,0.7788363794599235
1.906026387101782,4.056028371965012,1.9451317485537676e-10,0.46992432308316795
0.028284271247461995,0.030014875270366167,1.8142100662672728e-11,0.9423417886192982
0.47508433399022354,0.9596835638377323,3.2274024783950886e-11,0.4950426910411826
0.26899220650003175,0.275390472740367,1.8142100662672728e-11,0.9767665664804338
0.014923072608191215,0.01604114859613451,1.8142100662672728e-11,0.9302995055969544
1.640536517569438,2.2623829355003804,1.8142100662672728e-11,0.7251365327358226
0.028284271247461957,0.02851269114429381,1.143630264246213e-11,0.9919888341764763
0.6109871547835083,1.1506201656344404,2.7319578892807673e-11,0.5310068196541785
0.0916074098547696,0.09179682424678931,1.143630264246213e-11,0.9979365910141893
0.005303957991627092,0.005347049532044708,1.143630264246213e-11,0.991941062045644
0.6524486219608909,0.6844898566312745,1.143630264246213e-11,0.9531896136078993
0.028284271247461943,0.02833374123634416,1.0920763845630214e-11,0.9982540255284481
0.6537617231414606,1.2441687076373353,2.6186386959022588e-11,0.5254606703482746
0.027534094606722,0.027539047274037217,1.0920763845630214e-11,0.9998201583640155
0.0016029503582736693,0.001604114859613411,1.0920763845630214e-11,0.9992740536422545
0.21299264719905822,0.21394649312569416,1.0920763845630214e-11,0.9955416613158714
0.00015536307749949757,0.15106332471737247,1.4184559509297077e-06,0.001028463247384298
0.00032798871916551233,0.730021982485311,1.4184559509297077e-06,0.00044928608594620216
1.4127839973733685,5.476606388822455,1.4184559509297077e-06,0.25796705059118485
0.07060980164873834,0.2769054099649686,1.4184559509297077e-06,0.2549961073626955
2.3004759461001187,12.378800568420056,1.4184559509297077e-06,0.18583997160184765
0.017526584091948197,0.15950506653842306,1.406844593029309e-10,0.1098810493754832
0.037000566416335125,0.7452038892672391,2.959967090961415e-10,0.04965160132580343
1.2803526748538219,2.1906425555289104,1.406844593029309e-10,0.5844644401809735
0.06403123550553677,0.11076216398600125,1.406844593029309e-10,0.5780966460137904
2.109168721810592,4.664226316619032,1.406844593029309e-10,0.4522011966476511
0.02828427124746195,0.054274188313479854,1.7077201874790176e-11,0.5211366973209456
0.18232163174041316,0.8094040643066515,6.804050857131212e-11,0.22525415893061126
0.9065212105480212,1.0953212777644539,1.7077201874790176e-11,0.827630421275324
0.04553952905932446,0.05538108199300057,1.7077201874790176e-11,0.8222939570787015
1.8723059179342725,2.58752732006111,1.7077201874790176e-11,0.7235888500261531
0.028284271247461964,0.030684427624317532,1.1392205999754773e-11,0.9217793336006882
0.4666590487274233,1.0056757849268654,3.267617066169024e-11,0.4640253406930342
0.3561141919575414,0.3651070925881517,1.1392205999754773e-11,0.9753691428811697
0.01798747026309673,0.01846036066433333,1.1392205999754773e-11,0.9743834689995924
0.9167721417792167,0.961799699827986,1.1392205999754773e-11,0.9531840589502968
0.028284271247461905,0.028567618711323472,1.0914093672768648e-11,0.9900815161835923
0.6081792147525069,1.1756550778341253,2.739954272207627e-11,0.5173109241129954
0.10928048192527996,0.10953212777644587,1.0914093672768648e-11,0.997702538458127
0.005524862603298288,0.005538108199300041,1.0914093672768648e-11,0.9976082814699383
0.2544587768596342,0.2556072677693642,1.0914093672768648e-11,0.995506814341577
0.012987673989329871,0.146391914208342,2.730698433076485e-06,0.08871852014207614
0.027418422866363097,0.7236658080552203,2.730698433076485e-06,0.037888238688583854
0.6865209821716967,1.3769523637017729,2.730698433076485e-06,0.49858005278124984
0.03432284753949542,0.08020574298068067,2.730698433076485e-06,0.4279350363696878
2.142819559486955,9.67495187675169,2.730698433076485e-06,0.22148115947077912
0.028284271247461967,0.03827190362461293,1.9451317485535756e-10,0.7390348681081063
0.26680168253968517,0.8100832291594245,1.9451317485535756e-10,0.32935095177384366
0.4836567384871702,0.5507809454807072,1.9451317485535756e-10,0.8781290319784888
0.024986860189983112,0.03208229719226829,1.9451317485535756e-10,0.7788363794599114
1.864179384233885,3.9888084003560063,1.9451317485535756e-10,0.46735245144076226
0.028284271247461946,0.03001487527036578,1.814210066267254e-11,0.9423417886193086
0.4750843339902371,0.9596835638377513,3.227402478395019e-11,0.49504269104118687
0.2689922065000191,0.2753904727403535,1.814210066267254e-11,0.9767665664804356
0.014923072608190745,0.016041148596134445,1.814210066267254e-11,0.9302995055969289
1.5703329415597052,2.1460790654982906,1.814210066267254e-11,0.7317218488383581
0.028284271247461943,0.028512691144293133,1.143630264246212e-11,0.9919888341764994
0.610987154783513,1.150620165634471,2.7319578892807505e-11,0.5310068196541684
0.0916074098547651,0.09179682424678444,1.143630264246212e-11,0.9979365910141933
0.005303957991626877,0.005347049532045029,1.143630264246212e-11,0.9919410620455443
0.6354582368415709,0.665227738504453,1.143630264246212e-11,0.9552491576346333
0.028284271247461922,0.02833374123634439,1.0920763845630213e-11,0.9982540255284391
0.6537617231414615,1.2441687076373407,2.6186386959022517e-11,0.525460670348273
0.027534094606720714,0.027539047274035965,1.0920763845630213e-11,0.9998201583640143
0.0016029503582735542,0.0016041148596136992,1.0920763845630213e-11,0.9992740536420032
0.2156010985796727,0.21657743609334995,1.0920763845630213e-11,0.9954919703026845
0.028284271247461943,0.08640501643708455,2.672783733473782e-05,0.32734524468329934
0.13329067636049705,1.0346717244388037,2.672783733473782e-05,0.12882412190474488
1.130478053799978,1.5512381985485633,2.672783733473782e-05,0.7287585200375576
0.05650035401974985,0.07752959653758298,2.672783733473782e-05,0.728758519881642
2.228382001000031,10.07030828148386,2.672783733473782e-05,0.22128240156235607
0.028284271247461964,0.03494619046503161,4.964202982030703e-10,0.8093663678667408
0.3672928932601383,0.969200828984051,4.964202982030703e-10,0.3789646916059153
0.5823139843846091,0.620495279419425,4.964202982030703e-10,0.9384664214197719
0.029103569205694232,0.03101183861503317,4.964202982030703e-10,0.9384664213874151
1.7332964383361305,3.697606534827862,4.964202982030703e-10,0.4687617305979318
0.028284271247461926,0.03015829703531225,2.2902919650928772e-11,0.9378603577763017
0.47929184257495044,0.989083495507104,3.2078490159386054e-11,0.48458178177284933
0.3037163282615163,0.3102476397097131,2.2902919650928772e-11,0.9789480704694228
0.015179489786951937,0.015505919307516831,2.2902919650928772e-11,0.9789480704696657
1.3989697498399274,2.0048476301753495,2.2902919650928772e-11,0.6977935523796238
0.028284271247461912,0.028592910290833412,1.1594159713522302e-11,0.9892057492493009
0.5932428709518475,1.097688583879097,2.7837618870642885e-11,0.5404473360335039
0.10303085046679045,0.10341587990323767,1.1594159713522302e-11,0.9962768828461598
0.005149396317792013,0.005168639769172094,1.1594159713522302e-11,0.9962768828474259
0.6332378136164997,0.6688820341053024,1.1594159713522302e-11,0.9467107521635253
0.028284271247461943,0.02834383070457499,1.0942787208484322e-11,0.997898680043152
0.6473611177027846,1.2097475495144887,2.6346425419117387e-11,0.5351208340637613
0.031013371438373363,0.0310247639709708,1.0942787208484322e-11,0.9996327922878608
0.001550022541436512,0.0015505919307517416,1.0942787208484322e-11,0.9996327922879403
0.20129148667182198,0.20229525113935448,1.0942787208484322e-11,0.9950381214493214
0.02828427124746191,0.08640501639497185,2.672783733473782e-05,0.32734524484284283
0.13329067636051947,1.034671724270892,2.672783733473782e-05,0.12882412192567277
1.1304780537999297,1.5512381985484296,2.672783733473782e-05,0.7287585200375893
0.056500354019747456,0.0775295965375818,2.672783733473782e-05,0.7287585198816222
2.343669619714791,9.57959841697762,2.672783733473782e-05,0.24465217827515393
0.028284271247461912,0.03494619046502786,4.964202982030703e-10,0.8093663678668263
0.36729289326015807,0.9692008289840539,4.964202982030703e-10,0.37896469160593454
0.5823139843845652,0.6204952794193722,4.964202982030703e-10,0.9384664214197808
0.029103569205691945,0.031011838615030516,4.964202982030703e-10,0.9384664213874218
1.7558206677655241,3.6501382352512306,4.964202982030703e-10,0.4810285404559959
0.028284271247461933,0.03015829703531218,2.290291965092868e-11,0.937860357776304
0.4792918425749618,0.9890834955071122,3.2078490159385505e-11,0.4845817817728568
0.30371632826149114,0.3102476397096865,2.290291965092868e-11,0.9789480704694256
0.015179489786950651,0.015505919307515478,2.290291965092868e-11,0.9789480704696683
1.4862463151559486,2.1081501784145735,2.290291965092868e-11,0.7050002084166862
0.028284271247461894,0.028592910290832406,1.15941597135223e-11,0.9892057492493351
0.5932428709518514,1.0976885838790955,2.78376188706428e-11,0.5404473360335083
0.1030308504667817,0.1034158799032289,1.15941597135223e-11,0.9962768828461598
0.00514939631779152,0.0051686397691721835,1.15941597135223e-11,0.9962768828473134
0.6081695819162849,0.6449821273953176,1.15941597135223e-11,0.942924704553139
0.028284271247461898,0.0283438307045741,1.094278720848432e-11,0.9978986800431816
0.6473611177027857,1.2097475495144796,2.6346425419117387e-11,0.5351208340637663
0.031013371438370865,0.031024763970968938,1.094278720848432e-11,0.9996327922878404
0.0015500225414364003,0.0015505919307517793,1.094278720848432e-11,0.999632792287844
0.19636202633056427,0.19743442590064728,1.094278720848432e-11,0.994568325330342
0.01298767398932963,0.1463919142375394,2.730698433076485e-06,0.08871852012437988
0.027418422866362615,0.7236658080532041,2.730698433076485e-06,0.03788823868868875
0.6865209821716727,1.37695236370176,2.730698433076485e-06,0.49858005278123707
0.03432284753949429,0.08020574298069064,2.730698433076485e-06,0.42793503636962066
2.2160232865001,10.149095670218493,2.730698433076485e-06,0.21834687133778813
0.02828427124746189,0.038271903624619935,1.9451317485535756e-10,0.7390348681079689
0.2668016825396839,0.8100832291594343,1.9451317485535756e-10,0.3293509517738381
0.4836567384871617,0.5507809454806982,1.9451317485535756e-10,0.8781290319784876
0.02498686018998269,0.03208229719226776,1.9451317485535756e-10,0.7788363794599109
2.021545382799009,4.23012950178641,1.9451317485535756e-10,0.47789207917755194
0.028284271247461957,0.030014875270366795,1.814210066267254e-11,0.9423417886192772
0.4750843339902364,0.9596835638377661,3.227402478395033e-11,0.4950426910411786
0.26899220650001493,0.27539047274034967,1.814210066267254e-11,0.9767665664804341
0.014923072608190507,0.01604114859613363,1.814210066267254e-11,0.9302995055969614
1.5934672140299775,2.173105049604866,1.814210066267254e-11,0.7332674572357726
0.02828427124746193,0.02851269114429373,1.1436302642462122e-11,0.9919888341764781
0.6109871547835125,1.150620165634456,2.7319578892807505e-11,0.5310068196541751
0.09160740985476372,0.09179682424678265,1.1436302642462122e-11,0.9979365910141976
0.005303957991626838,0.0053470495320445234,1.1436302642462122e-11,0.9919410620456308
0.6019157242806479,0.6330689148195466,1.1436302642462122e-11,0.9507902065483995
0.02828427124746185,0.02833374123634485,1.0920763845630213e-11,0.9982540255284205
0.6537617231414613,1.2441687076373331,2.6186386959022517e-11,0.525460670348276
0.02753409460672028,0.027539047274034906,1.0920763845630213e-11,0.9998201583640369
0.0016029503582735759,0.0016041148596133278,1.0920763845630213e-11,0.9992740536422481
0.20961145252937763,0.21049940703407624,1.0920763845630213e-11,0.9957816769310193
0.028284271247461915,0.08640501644178754,2.672783733473782e-05,0.32734524466548176
0.13329067636052283,1.034671724585137,2.672783733473782e-05,0.12882412188655026
1.1304780537999315,1.5512381985484336,2.672783733473782e-05,0.7287585200375886
0.056500354019747595,0.07752959653758967,2.672783733473782e-05,0.72875851988155
2.3799393846775643,9.969770647508007,2.672783733473782e-05,0.2387155601490634
0.02828427124746193,0.03494619046503267,4.964202982030703e-10,0.8093663678667153
0.36729289326016057,0.969200828984075,4.964202982030703e-10,0.3789646916059288
0.5823139843845668,0.6204952794193729,4.964202982030703e-10,0.9384664214197824
0.029103569205692043,0.0310118386150308,4.964202982030703e-10,0.9384664213874162
1.8132746148129624,3.6654558186160413,4.964202982030703e-10,0.4946928034444559
0.028284271247461926,0.030158297035311945,2.2902919650929147e-11,0.9378603577763112
0.4792918425749631,0.9890834955071173,3.2078490159385433e-11,0.4845817817728556
0.3037163282614918,0.31024763970968694,2.2902919650929147e-11,0.9789480704694263
0.015179489786950743,0.015505919307515536,2.2902919650929147e-11,0.9789480704696705
1.4842311274326485,2.103243804695584,2.2902919650929147e-11,0.7056866750868528
0.02828427124746198,0.02859291029083378,1.1594159713522313e-11,0.9892057492492906
0.5932428709518521,1.0976885838791024,2.7837618870642755e-11,0.5404473360335056
0.10303085046678205,0.10341587990322924,1.1594159713522313e-11,0.9962768828461598
0.005149396317791555,0.005168639769171558,1.1594159713522313e-11,0.9962768828474406
0.6829289616966598,0.7218340502175106,1.1594159713522313e-11,0.9461024476344286
0.028284271247461912,0.028343830704574947,1.0942787208484323e-11,0.9978986800431523
0.6473611177027863,1.209747549514487,2.634642541911735e-11,0.5351208340637634
0.031013371438370813,0.031024763970968434,1.0942787208484323e-11,0.9996327922878548
0.0015500225414363964,0.0015505919307513853,1.0942787208484323e-11,0.9996327922880954
0.19945351426457109,0.20048258110969971,1.0942787208484323e-11,0.9948670510952493
9.763095028998986e-05,0.14311921623950627,0.00041476255246159123,0.0006821652106213816
0.00020610978394547757,0.7170970743144346,0.00041476255246159123,0.00028742243041853774
0.5459527385353168,2.941180939181017,0.00041476255246159123,0.18562364907999826
0.02728626433304703,0.14699778001525893,0.00041476255246159123,0.18562364907969775
2.1106996840180328,10.63912872041776,0.00041476255246159123,0.198390276072828
0.02291809598952216,0.1493031648472295,1.287689452811432e-09,0.15350040310915375
0.048382647088991274,0.7291189968047936,1.287689452811432e-09,0.06635768276648635
0.6704411919122246,1.1764723756716764,1.287689452811432e-09,0.5698741473036744
0.03350809381661643,0.058799112005972355,1.287689452811432e-09,0.5698741473036691
1.8894660124897782,4.406748814388431,1.287689452811432e-09,0.42876644258018565
0.028284271247461967,0.04096181168582815,3.053291705118484e-11,0.6905034246140943
0.23796792828434518,0.7959964899972444,5.446834624336752e-11,0.2989560020361007
0.5017490904766229,0.588236187835837,3.053291705118484e-11,0.8529721578718128
0.025077002724340037,0.02939955600298603,3.053291705118484e-11,0.8529721578718072
1.3904939147458648,2.084240177664108,3.053291705118484e-11,0.6671466799494515
0.02828427124746192,0.029330359377758262,1.1807204497674202e-11,0.964334288686227
0.5140909599593099,0.9854403987920046,3.0583984263412433e-11,0.5216865074635714
0.19291356881749597,0.1960787292786121,1.1807204497674202e-11,0.9838577061736324
0.009641659910540319,0.009799852000995438,1.1807204497674202e-11,0.9838577061736188
0.6212294288903581,0.6622828683186182,1.1807204497674202e-11,0.9380122280189956
0.028284271247461964,0.028420012630972546,1.097026856083784e-11,0.9952237395080307
0.6244299907016172,1.1500497082429997,2.6946720028413416e-11,0.5429591314410197
0.058740500896423256,0.05882361878358396,1.097026856083784e-11,0.9985869980650715
0.0029358014373467513,0.002939955600298763,1.097026856083784e-11,0.9985869980650083
0.20876087768293727,0.2101621363143196,1.097026856083784e-11,0.9933324876880458
9.763095029001282e-05,0.1431191984299096,0.00041476255246159123,0.0006821652955094354
0.0002061097839454629,0.7170970945913097,0.00041476255246159123,0.00028742242229126545
0.5459527385353539,2.941180939179777,0.00041476255246159123,0.1856236490800891
0.02728626433304878,0.14699778001531405,0.00041476255246159123,0.18562364907964005
2.085046020592742,10.322128405832478,0.00041476255246159123,0.20199768290177392
0.022918095989521492,0.14930316484720693,1.287689452811432e-09,0.15350040310917246
0.04838264708898986,0.7291189968045908,1.287689452811432e-09,0.06635768276650288
0.6704411919122404,1.1764723756717033,1.287689452811432e-09,0.5698741473036747
0.03350809381661715,0.05879911200597239,1.287689452811432e-09,0.569874147303681
1.883863318721243,4.077255651841077,1.287689452811432e-09,0.4620419908843803
0.028284271247461922,0.040961811685825904,3.053291705118472e-11,0.6905034246141312
0.23796792828434202,0.795996489997147,5.446834624336752e-11,0.29895600203613326
0.5017490904766325,0.5882361878358494,3.053291705118472e-11,0.8529721578718111
0.025077002724340464,0.029399556002986243,3.053291705118472e-11,0.8529721578718155
1.3385719932789648,1.9484024312990427,3.053291705118472e-11,0.6870100199918707
0.0282842712474619,0.029330359377757357,1.1807204497674197e-11,0.964334288686256
0.5140909599593079,0.9854403987919584,3.0583984263412556e-11,0.5216865074635938
0.19291356881749983,0.19607872927861741,1.1807204497674197e-11,0.9838577061736254
0.009641659910540463,0.009799852000995453,1.1807204497674197e-11,0.9838577061736319
0.6446832722898318,0.6915280433882508,1.1807204497674197e-11,0.9322590435105196
0.028284271247461912,0.028420012630972043,1.0970268560837839e-11,0.9952237395080464
0.6244299907016156,1.150049708242989,2.6946720028413416e-11,0.5429591314410234
0.05874050089642438,0.05882361878358579,1.0970268560837839e-11,0.9985869980650596
0.0029358014373468216,0.0029399556002985224,1.0970268560837839e-11,0.998586998065114
0.22000072365949383,0.22155317063466562,1.0970268560837839e-11,0.9929928920866958
0.02828427124746189,0.08640501643236147,2.672783733473782e-05,0.32734524470119214
0.13329067636047937,1.0346717242600043,2.672783733473782e-05,0.1288241219269896
1.1304780537999792,1.5512381985485681,2.672783733473782e-05,0.7287585200375561
0.0565003540197499,0.07752959653758315,2.672783733473782e-05,0.7287585198816411
2.5084836788895024,11.069940323039322,2.672783733473782e-05,0.22660317993482934
0.02828427124746192,0.03494619046503523,4.964202982030703e-10,0.8093663678666557
0.3672928932601218,0.9692008289839891,4.964202982030703e-10,0.37896469160592244
0.5823139843846095,0.6204952794194266,4.964202982030703e-10,0.9384664214197699
0.029103569205694187,0.031011838615032997,4.964202982030703e-10,0.938466421387419
1.8673123775097913,3.9113454969217463,4.964202982030703e-10,0.4774092135249566
0.028284271247461884,0.030158297035312438,2.2902919650930278e-11,0.9378603577762945
0.47929184257496854,0.9890834955071484,3.2078490159385227e-11,0.4845817817728459
0.30371632826151845,0.3102476397097137,2.2902919650930278e-11,0.9789480704694278
0.01517948978695202,0.015505919307516429,2.2902919650930278e-11,0.9789480704696965
1.452214379365072,2.0130184313417763,2.2902919650930278e-11,0.7214113675040219
0.02828427124746193,0.02859291029083273,1.1594159713522315e-11,0.9892057492493251
0.5932428709518439,1.0976885838790846,2.783761887064302e-11,0.5404473360335068
0.10303085046679068,0.10341587990323815,1.1594159713522315e-11,0.9962768828461575
0.005149396317792014,0.005168639769172144,1.1594159713522315e-11,0.9962768828474163
0.5973200974756093,0.6318461820418204,1.1594159713522315e-11,0.9453568201446758
0.028284271247461912,0.028343830704573796,1.0942787208484323e-11,0.9978986800431928
0.6473611177027834,1.2097475495144783,2.6346425419117426e-11,0.535120834063765
0.03101337143837355,0.03102476397097185,1.0942787208484323e-11,0.9996327922878331
0.0015500225414364864,0.0015505919307516095,1.0942787208484323e-11,0.9996327922880089
0.17452944939790613,0.17542080117572614,1.0942787208484323e-11,0.994918779461467
0.02828427124746194,0.0864050164348203,2.672783733473782e-05,0.32734524469187737
0.1332906763605418,1.0346717244006634,2.672783733473782e-05,0.12882412190953688
1.1304780537999333,1.5512381985484365,2.672783733473782e-05,0.7287585200375883
0.05650035401974759,0.07752959653757611,2.672783733473782e-05,0.7287585198816774
2.3785245034196314,10.089498817963843,2.672783733473782e-05,0.2357425820978133
0.028284271247461974,0.03494619046503305,4.964202982030703e-10,0.8093663678667078
0.3672928932601783,0.9692008289841321,4.964202982030703e-10,0.37896469160592483
0.5823139843845693,0.6204952794193751,4.964202982030703e-10,0.938466421419783
0.029103569205692164,0.031011838615030207,4.964202982030703e-10,0.9384664213874381
2.067986095350626,4.3263280673280375,4.964202982030703e-10,0.47800029567055574
0.02828427124746197,0.030158297035312382,2.290291965092887e-11,0.9378603577762991
0.47929184257497365,0.9890834955071366,3.2078490159384955e-11,0.4845817817728568
0.3037163282614932,0.3102476397096876,2.290291965092887e-11,0.9789480704694288
0.015179489786950719,0.015505919307515043,2.290291965092887e-11,0.9789480704697001
1.3751173512364518,1.9533575802134546,2.290291965092887e-11,0.7039762535880322
0.02828427124746194,0.028592910290833277,1.1594159713522305e-11,0.9892057492493066
0.5932428709518558,1.097688583879109,2.7837618870642665e-11,0.5404473360335056
0.10303085046678212,0.10341587990322941,1.1594159713522305e-11,0.9962768828461589
0.005149396317791537,0.005168639769171505,1.1594159713522305e-11,0.9962768828474473
0.6274953662986967,0.6638793139309004,1.1594159713522305e-11,0.9451949369882149
0.028284271247461946,0.028343830704574396,1.0942787208484322e-11,0.997898680043173
0.6473611177027874,1.2097475495144898,2.634642541911735e-11,0.5351208340637631
0.0310133714383709,0.031024763970968483,1.0942787208484322e-11,0.9996327922878562
0.0015500225414363685,0.0015505919307514022,1.0942787208484322e-11,0.9996327922880666
0.19218632192598484,0.19316914676074418,1.0942787208484322e-11,0.9949121024178015
9.763095028998666e-05,0.14311919589526986,0.00041476255246159123,0.0006821653075903943
0.00020610978394547353,0.717097048867594,0.00041476255246159123,0.0002874224406179783
0.5459527385352609,2.9411809391783517,0.00041476255246159123,0.18562364908014747
0.027286264333044215,0.14699778001557787,0.00041476255246159123,0.18562364907927587
1.9317176640620932,9.985573761162719,0.00041476255246159123,0.19345084321295566
0.022918095989522165,0.1493031648472667,1.287689452811432e-09,0.15350040310911553
0.04838264708899124,0.7291189968045436,1.287689452811432e-09,0.06635768276650907
0.6704411919122322,1.176472375671678,1.287689452811432e-09,0.56987414730368
0.033508093816616784,0.05879911200597249,1.287689452811432e-09,0.5698741473036739
1.7295995557704569,3.8535669284439904,1.287689452811432e-09,0.4488308073758672
0.02828427124746193,0.04096181168582859,3.053291705118674e-11,0.690503424614086
0.23796792828432653,0.7959964899971729,5.446834624337086e-11,0.2989560020361041
0.501749090476613,0.5882361878358416,3.053291705118674e-11,0.8529721578717893
0.02507700272433957,0.029399556002986407,3.053291705118674e-11,0.8529721578717804
1.5171774687043416,2.229993630529852,3.053291705118674e-11,0.6803505839359086
0.028284271247461905,0.029330359377757888,1.1807204497674205e-11,0.9643342886862387
0.5140909599593092,0.9854403987919776,3.0583984263412433e-11,0.521686507463585
0.1929135688174971,0.19607872927861353,1.1807204497674205e-11,0.9838577061736311
0.009641659910540312,0.009799852000995328,1.1807204497674205e-11,0.983857706173629
0.6192454372370588,0.6667769017121202,1.1807204497674205e-11,0.9287145905129404
0.02828427124746195,0.028420012630972796,1.097026856083784e-11,0.9952237395080215
0.6244299907016163,1.150049708242983,2.6946720028413416e-11,0.5429591314410268
0.05874050089642356,0.058823618783584726,1.097026856083784e-11,0.9985869980650637
0.0029358014373467964,0.0029399556002986517,1.097026856083784e-11,0.9985869980650615
0.20725851862395234,0.20866831015297294,1.097026856083784e-11,0.9932438637760228
9.763095029008162e-05,0.14311923658246634,0.00041476255246159123,0.0006821651136590989
0.00020610978394555653,0.7170971099023781,0.00041476255246159123,0.0002874224161545084
0.5459527385353514,2.941180939180775,0.00041476255246159123,0.1856236490800253
0.02728626433304873,0.14699778001508315,0.00041476255246159123,0.18562364907993126
1.898746978916652,9.428772352255667,0.00041476255246159123,0.20137796395756766
0.022918095989523553,0.14930316484728348,1.287689452811432e-09,0.15350040310910756
0.048382647088994084,0.7291189968046408,1.287689452811432e-09,0.06635768276650413
0.6704411919122354,1.1764723756716746,1.287689452811432e-09,0.5698741473036844
0.033508093816616964,0.05879911200597072,1.287689452811432e-09,0.5698741473036941
1.837128202841203,3.977312438932603,1.287689452811432e-09,0.4619019076445087
0.02828427124746195,0.04096181168583129,3.05329170511865e-11,0.690503424614041
0.23796792828433241,0.7959964899971713,5.446834624336975e-11,0.29895600203611206
0.5017490904766101,0.588236187835835,3.05329170511865e-11,0.852972157871794
0.025077002724339385,0.029399556002985505,3.05329170511865e-11,0.8529721578718003
1.321553605338241,1.889016391313811,3.05329170511865e-11,0.6995988025382355
0.028284271247461905,0.02933035937775709,1.1807204497674195e-11,0.964334288686265
0.5140909599593128,0.9854403987919788,3.0583984263412433e-11,0.521686507463588
0.19291356881749516,0.19607872927861217,1.1807204497674195e-11,0.983857706173628
0.009641659910540237,0.009799852000995285,1.1807204497674195e-11,0.9838577061736258
0.6518742619038208,0.697673510130099,1.1807204497674195e-11,0.9343543253953589
0.0282842712474619,0.028420012630971263,1.0970268560837839e-11,0.9952237395080734
0.6244299907016178,1.150049708242993,2.6946720028413332e-11,0.5429591314410233
0.05874050089642278,0.058823618783583775,1.0970268560837839e-11,0.9985869980650665
0.002935801437346753,0.002939955600298645,1.0970268560837839e-11,0.9985869980650489
0.18633230325809325,0.18749535767363706,1.0970268560837839e-11,0.9937968895338289
0.028284271247461933,0.08640501642218912,2.672783733473782e-05,0.32734524473973053
0.13329067636051478,1.0346717245338086,2.672783733473782e-05,0.1288241218929332
1.1304780537999508,1.5512381985484898,2.672783733473782e-05,0.7287585200375747
0.05650035401974854,0.07752959653758015,2.672783733473782e-05,0.7287585198816516
2.021457832184926,9.328693739177142,2.672783733473782e-05,0.21669248543293193
0.0282842712474619,0.03494619046502971,4.964202982030703e-10,0.809366367866783
0.3672928932601539,0.9692008289840683,4.964202982030703e-10,0.37896469160592455
0.5823139843845845,0.6204952794193956,4.964202982030703e-10,0.9384664214197764
0.02910356920569291,0.031011838615031786,4.964202982030703e-10,0.9384664213874144
1.813588962757137,3.8102037506788364,4.964202982030703e-10,0.4759821472628657
0.028284271247461946,0.030158297035311945,2.2902919650928772e-11,0.9378603577763118
0.47929184257495966,0.9890834955071146,3.207849015938564e-11,0.48458178177285344
0.3037163282615019,0.3102476397096988,2.2902919650928772e-11,0.9789480704694214
0.015179489786951201,0.015505919307516117,2.2902919650928772e-11,0.9789480704696634
1.3763271275409261,1.9139403586644514,2.2902919650928772e-11,0.7191065914411919
0.028284271247461953,0.02859291029083279,1.1594159713522304e-11,0.9892057492493238
0.5932428709518507,1.0976885838791055,2.78376188706428e-11,0.5404473360335027
0.1030308504667853,0.10341587990323259,1.1594159713522304e-11,0.996276882846159
0.005149396317791682,0.005168639769171896,1.1594159713522304e-11,0.9962768828474001
0.5975556799343803,0.6300745594651975,1.1594159713522304e-11,0.9483888389995956
0.028284271247461933,0.02834383070457482,1.0942787208484322e-11,0.9978986800431575
0.6473611177027857,1.2097475495144892,2.6346425419117387e-11,0.5351208340637621
0.031013371438371806,0.03102476397096947,1.0942787208484322e-11,0.9996327922878535
0.0015500225414364097,0.0015505919307514245,1.0942787208484322e-11,0.9996327922880787
0.199481144829387,0.2004141856739871,1.0942787208484322e-11,0.9953444371142576
0.012987673989323783,0.14639191422165052,2.730698433076485e-06,0.08871852013396912
0.027418422866350177,0.723665808280418,2.730698433076485e-06,0.03788823867677555
0.686520982171552,1.3769523637017873,2.730698433076485e-06,0.49858005278113954
0.034322847539488215,0.08020574298066807,2.730698433076485e-06,0.42793503636966523
2.4703890685538834,11.716179687044205,2.730698433076485e-06,0.2108527809014101
0.028284271247461946,0.03827190362462204,1.9451317485537676e-10,0.7390348681079297
0.2668016825396823,0.8100832291594373,1.9451317485537676e-10,0.3293509517738349
0.48365673848717333,0.5507809454807124,1.9451317485537676e-10,0.8781290319784861
0.024986860189983213,0.03208229719226814,1.9451317485537676e-10,0.778836379459918
1.9464109412845711,4.179595292686087,1.9451317485537676e-10,0.4656936389728005
0.028284271247461856,0.030014875270367038,1.8142100662672673e-11,0.9423417886192662
0.47508433399023525,0.9596835638377325,3.227402478395033e-11,0.4950426910411947
0.2689922065000213,0.2753904727403558,1.8142100662672673e-11,0.9767665664804356
0.014923072608190821,0.016041148596134223,1.8142100662672673e-11,0.9302995055969465
1.41616036693964,1.9622475829722634,1.8142100662672673e-11,0.7217032036266026
0.028284271247461946,0.02851269114429406,1.1436302642462127e-11,0.9919888341764673
0.6109871547835123,1.1506201656344723,2.7319578892807595e-11,0.5310068196541672
0.09160740985476575,0.09179682424678533,1.1436302642462127e-11,0.9979365910141906
0.005303957991626915,0.005347049532044067,1.1436302642462127e-11,0.9919410620457298
0.7216737924247403,0.7563247675449597,1.1436302642462127e-11,0.9541850583147014
0.028284271247461905,0.028333741236345588,1.0920763845630213e-11,0.9982540255283964
0.6537617231414612,1.2441687076373396,2.6186386959022517e-11,0.5254606703482733
0.02753409460672089,0.027539047274035375,1.0920763845630213e-11,0.9998201583640421
0.001602950358273581,0.001604114859613356,1.0920763845630213e-11,0.9992740536422338
0.20493281596206336,0.20587422832830485,1.0920763845630213e-11,0.9954272451977805
0.028284271247461898,0.08640501640011994,2.672783733473782e-05,0.32734524482333915
0.13329067636049938,1.0346717244159038,2.672783733473782e-05,0.12882412190759832
1.130478053799939,1.551238198548455,2.672783733473782e-05,0.7287585200375835
0.05650035401974798,0.07752959653757646,2.672783733473782e-05,0.7287585198816792
2.4136215654837465,9.985197762726221,2.672783733473782e-05,0.24171995616286768
0.028284271247461922,0.034946190465031834,4.964202982030703e-10,0.8093663678667344
0.36729289326013975,0.969200828983991,4.964202982030703e-10,0.3789646916059402
0.5823139843845726,0.6204952794193835,4.964202982030703e-10,0.9384664214197755
0.029103569205692292,0.031011838615030603,4.964202982030703e-10,0.9384664213874303
1.9951286155908945,4.050252792443962,4.964202982030703e-10,0.49259360287657855
0.02828427124746191,0.03015829703531157,2.290291965093018e-11,0.9378603577763223
0.47929184257497887,0.9890834955071555,3.207849015938475e-11,0.4845817817728528
0.30371632826149736,0.3102476397096913,2.290291965093018e-11,0.9789480704694304
0.01517948978695093,0.015505919307515307,2.290291965093018e-11,0.9789480704696971
1.3635880564480913,1.9751750968093855,2.290291965093018e-11,0.6903631271226404
0.02828427124746196,0.02859291029083279,1.1594159713522313e-11,0.9892057492493241
0.5932428709518476,1.097688583879084,2.7837618870642885e-11,0.5404473360335105
0.10303085046678327,0.10341587990323037,1.1594159713522313e-11,0.9962768828461608
0.0051493963177916624,0.005168639769171534,1.1594159713522313e-11,0.9962768828474661
0.6307528130164607,0.6676467005436767,1.1594159713522313e-11,0.9447404031246277
0.028284271247461957,0.028343830704574413,1.0942787208484323e-11,0.9978986800431727
0.6473611177027847,1.209747549514469,2.6346425419117387e-11,0.5351208340637702
0.031013371438371257,0.03102476397096953,1.0942787208484323e-11,0.9996327922878339
0.0015500225414363474,0.001550591930751418,1.0942787208484323e-11,0.9996327922880428
0.2028540911547002,0.2039316814929856,1.0942787208484323e-11,0.9947159248117
0.028284271247461884,0.0864050164371184,2.672783733473782e-05,0.32734524468317044
0.13329067636050695,1.034671724507108,2.672783733473782e-05,0.1288241218962501
1.1304780537999517,1.5512381985484907,2.672783733473782e-05,0.7287585200375748
0.056500354019748567,0.07752959653757945,2.672783733473782e-05,0.7287585198816586
2.41734520620496,10.136501954206514,2.672783733473782e-05,0.23847923249319689
0.028284271247461898,0.0349461904650316,4.964202982030703e-10,0.8093663678667392
0.367292893260147,0.9692008289840376,4.964202982030703e-10,0.3789646916059295
0.5823139843845853,0.6204952794193972,4.964202982030703e-10,0.9384664214197753
0.029103569205692927,0.03101183861503184,4.964202982030703e-10,0.9384664213874133
1.8135468813460205,3.553085052646847,4.964202982030703e-10,0.5104147112929455
0.028284271247461926,0.03015829703531169,2.290291965092887e-11,0.937860357776319
0.4792918425749554,0.9890834955071065,3.2078490159385776e-11,0.48458178177285305
0.3037163282615024,0.3102476397096988,2.290291965092887e-11,0.978948070469423
0.015179489786951203,0.015505919307515995,2.290291965092887e-11,0.9789480704696711
1.364409267420899,1.8701970372070031,2.290291965092887e-11,0.7295537530411984
0.02828427124746191,0.028592910290833225,1.1594159713522307e-11,0.9892057492493073
0.593242870951849,1.0976885838790935,2.783761887064284e-11,0.5404473360335071
0.10303085046678559,0.10341587990323257,1.1594159713522307e-11,0.9962768828461619
0.00514939631779172,0.005168639769172357,1.1594159713522307e-11,0.9962768828473185
0.64059927710331,0.6789560685725806,1.1594159713522307e-11,0.9435062248579485
0.028284271247461888,0.02834383070457455,1.0942787208484322e-11,0.9978986800431655
0.6473611177027847,1.2097475495144874,2.6346425419117387e-11,0.535120834063762
0.031013371438371944,0.03102476397096928,1.0942787208484322e-11,0.9996327922878641
0.0015500225414364173,0.001550591930751933,1.0942787208484322e-11,0.9996327922877558
0.1990196209090257,0.20009682686895802,1.0942787208484322e-11,0.994616576500547
0.012987673989326931,0.14639191432615814,2.730698433076485e-06,0.08871852007065543
0.027418422866356897,0.7236658081442846,2.730698433076485e-06,0.03788823868391224
0.6865209821715382,1.3769523637017125,2.730698433076485e-06,0.49858005278115664
0.0343228475394875,0.0802057429807008,2.730698433076485e-06,0.42793503636948177
2.321069042752617,11.132721526517177,2.730698433076485e-06,0.2084907124663122
0.028284271247461894,0.038271903624617874,1.9451317485541515e-10,0.7390348681080088
0.266801682539666,0.8100832291594336,1.9451317485541515e-10,0.3293509517738163
0.4836567384871257,0.5507809454806755,1.9451317485541515e-10,0.8781290319784586
0.024986860189980878,0.03208229719226737,1.9451317485541515e-10,0.778836379459864
2.046738812565584,4.44194733633587,1.9451317485541515e-10,0.4607751190165897
0.028284271247461995,0.03001487527036555,1.8142100662672766e-11,0.9423417886193176
0.47508433399025196,0.9596835638377921,3.227402478394963e-11,0.49504269104118137
0.268992206500004,0.2753904727403374,1.8142100662672766e-11,0.9767665664804379
0.01492307260819021,0.016041148596133356,1.8142100662672766e-11,0.9302995055969588
1.5313609881800605,2.0897106948509574,1.8142100662672766e-11,0.7328100449279082
0.02828427124746199,0.02851269114429391,1.1436302642462132e-11,0.9919888341764741
0.6109871547835187,1.1506201656345112,2.731957889280742e-11,0.5310068196541549
0.09160740985475958,0.09179682424677825,1.1436302642462132e-11,0.9979365910142004
0.005303957991626691,0.005347049532044701,1.1436302642462132e-11,0.9919410620455704
0.6828053030496821,0.715495376885142,1.1436302642462132e-11,0.9543112717544399
0.028284271247462026,0.02833374123634518,1.0920763845630214e-11,0.998254025528415
0.6537617231414641,1.2441687076373675,2.618638695902244e-11,0.5254606703482637
0.027534094606718833,0.027539047274033602,1.0920763845630214e-11,0.9998201583640318
0.0016029503582735082,0.0016041148596134336,1.0920763845630214e-11,0.9992740536421401
0.23211707165961068,0.23311841998622482,1.0920763845630214e-11,0.9957045508172485
0.012987673989326006,0.146391914264495,2.730698433076485e-06,0.08871852010801909
0.027418422866354847,0.7236658079649325,2.730698433076485e-06,0.03788823869329956
0.6865209821715085,1.3769523637016867,2.730698433076485e-06,0.49858005278114437
0.0343228475394861,0.08020574298067225,2.730698433076485e-06,0.4279350363696166
2.377332748772968,11.38431916659082,2.730698433076485e-06,0.20882520192772236
0.02828427124746194,0.03827190362461779,1.9451317485537676e-10,0.7390348681080116
0.26680168253969844,0.8100832291594426,1.9451317485537676e-10,0.32935095177385265
0.4836567384871422,0.550780945480671,1.9451317485537676e-10,0.8781290319784956
0.02498686018998182,0.03208229719226674,1.9451317485537676e-10,0.7788363794599087
1.6872739654128819,3.536255464657403,1.9451317485537676e-10,0.4771357675586787
0.028284271247461943,0.030014875270365473,1.8142100662672934e-11,0.9423417886193183
0.4750843339902472,0.9596835638377696,3.227402478394991e-11,0.495042691041188
0.268992206500002,0.2753904727403363,1.8142100662672934e-11,0.9767665664804346
0.014923072608189997,0.016041148596133207,1.8142100662672934e-11,0.9302995055969542
1.5646269000482536,2.1665118270918224,1.8142100662672934e-11,0.722187103011804
0.028284271247461953,0.028512691144294267,1.143630264246214e-11,0.9919888341764603
0.6109871547835166,1.1506201656344683,2.731957889280742e-11,0.5310068196541728
0.09160740985475914,0.0917968242467787,1.143630264246214e-11,0.9979365910141907
0.005303957991626733,0.005347049532044744,1.143630264246214e-11,0.9919410620455703
0.6441567150234391,0.6753058933848781,1.143630264246214e-11,0.9538739722745376
0.02828427124746193,0.028333741236344835,1.0920763845630214e-11,0.9982540255284237
0.653761723141463,1.2441687076373387,2.6186386959022517e-11,0.525460670348275
0.027534094606718854,0.02753904727403327,1.0920763845630214e-11,0.9998201583640446
0.0016029503582735045,0.001604114859613744,1.0920763845630214e-11,0.9992740536419444
0.21176445703599997,0.21264666675985694,1.0920763845630214e-11,0.9958512882553044
0.02828427124746194,0.08640501636734481,2.672783733473782e-05,0.32734524494750816
0.13329067636051506,1.0346717242800636,2.672783733473782e-05,0.12882412192452658
1.1304780537999637,1.5512381985485229,2.672783733473782e-05,0.7287585200375675
0.056500354019749136,0.0775295965375841,2.672783733473782e-05,0.7287585198816223
2.3286743826201395,9.848908076482388,2.672783733473782e-05,0.23643985348798616
0.028284271247461946,0.03494619046503217,4.964202982030703e-10,0.8093663678667274
0.36729289326015435,0.9692008289840816,4.964202982030703e-10,0.3789646916059199
0.5823139843845969,0.6204952794194081,4.964202982030703e-10,0.9384664214197777
0.02910356920569355,0.031011838615032615,4.964202982030703e-10,0.9384664213874099
1.9399979127291394,4.2229856969562745,4.964202982030703e-10,0.4593901215737948
0.028284271247461884,0.03015829703531195,2.290291965092887e-11,0.9378603577763097
0.4792918425749598,0.9890834955071244,3.207849015938564e-11,0.48458178177284883
0.3037163282615091,0.3102476397097041,2.290291965092887e-11,0.978948070469428
0.015179489786951595,0.015505919307516328,2.290291965092887e-11,0.9789480704696754
1.1524672104441889,1.6806241208710817,2.290291965092887e-11,0.6857376352820971
0.028284271247461915,0.028592910290832815,1.1594159713522307e-11,0.9892057492493217
0.5932428709518508,1.0976885838791062,2.78376188706428e-11,0.5404473360335025
0.10303085046678774,0.10341587990323448,1.1594159713522307e-11,0.9962768828461644
0.005149396317791856,0.005168639769172035,1.1594159713522307e-11,0.9962768828474069
0.5404209067817356,0.5698496476404049,1.1594159713522307e-11,0.948357007887035
0.02828427124746192,0.028343830704574753,1.0942787208484322e-11,0.9978986800431594
0.6473611177027857,1.2097475495144854,2.6346425419117387e-11,0.5351208340637638
0.031013371438372614,0.03102476397097061,1.0942787208484322e-11,0.9996327922878429
0.0015500225414364851,0.0015505919307516648,1.0942787208484322e-11,0.9996327922879725
0.20984182782320898,0.21091241877783995,1.0942787208484322e-11,0.9949240022904547
0.028284271247461912,0.08640501641470773,2.672783733473782e-05,0.32734524476807353
0.13329067636051536,1.034671724242317,2.672783733473782e-05,0.1288241219292266
1.1304780537999384,1.5512381985484531,2.672783733473782e-05,0.7287585200375839
0.05650035401974791,0.0775295965375786,2.672783733473782e-05,0.7287585198816582
2.0052832611498417,8.843378799619533,2.672783733473782e-05,0.22675532809203136
0.028284271247461953,0.03494619046503303,4.964202982030703e-10,0.8093663678667077
0.36729289326015474,0.9692008289840487,4.964202982030703e-10,0.3789646916059331
0.5823139843845729,0.6204952794193808,4.964202982030703e-10,0.9384664214197803
0.029103569205692348,0.031011838615031324,4.964202982030703e-10,0.9384664213874102
1.7839488822417942,3.7148854109756484,4.964202982030703e-10,0.48021639563123747
0.02828427124746195,0.03015829703531262,2.2902919650929056e-11,0.937860357776291
0.4792918425749598,0.9890834955071077,3.207849015938564e-11,0.484581781772857
0.3037163282614953,0.31024763970968994,2.2902919650929056e-11,0.9789480704694282
0.015179489786950875,0.015505919307515765,2.2902919650929056e-11,0.9789480704696646
1.4845080087183258,2.109991920747031,2.2902919650929056e-11,0.7035609919268051
0.028284271247461964,0.028592910290832874,1.1594159713522312e-11,0.9892057492493214
0.593242870951851,1.0976885838790977,2.78376188706428e-11,0.5404473360335069
0.103030850466783,0.10341587990323013,1.1594159713522312e-11,0.9962768828461603
0.0051493963177916,0.0051686397691722424,1.1594159713522312e-11,0.9962768828473174
0.563710810718307,0.5885220577040503,1.1594159713522312e-11,0.9578414323457353
0.028284271247461988,0.02834383070457369,1.0942787208484322e-11,0.9978986800431993
0.647361117702786,1.2097475495144794,2.6346425419117387e-11,0.5351208340637666
0.03101337143837114,0.031024763970969784,1.0942787208484322e-11,0.9996327922878219
0.0015500225414363873,0.001550591930751945,1.0942787208484322e-11,0.9996327922877288
0.16868368711604217,0.16956731996244395,1.0942787208484322e-11,0.9947888965480053
0.012987673989327842,0.14639191414356892,2.730698433076485e-06,0.08871852018131698
0.027418422866358948,0.7236658079728665,2.730698433076485e-06,0.03788823869288984
0.686520982171673,1.3769523637018142,2.730698433076485e-06,0.4985800527812177
0.0343228475394943,0.08020574298068016,2.730698433076485e-06,0.4279350363696766
2.3151730675392983,10.822029596645432,2.730698433076485e-06,0.21393150396270824
0.028284271247461978,0.03827190362461778,1.9451317485537676e-10,0.7390348681080129
0.2668016825396712,0.8100832291593957,1.9451317485537676e-10,0.3293509517738381
0.48365673848717305,0.5507809454807205,1.9451317485537676e-10,0.8781290319784727
0.02498686018998313,0.03208229719226901,1.9451317485537676e-10,0.7788363794598944
1.8754517051020472,4.078809587205014,1.9451317485537676e-10,0.4598036914949962
0.028284271247461978,0.03001487527036537,1.8142100662672673e-11,0.9423417886193227
0.47508433399022776,0.959683563837749,3.227402478395075e-11,0.4950426910411784
0.26899220650002387,0.27539047274036005,1.8142100662672673e-11,0.9767665664804297
0.014923072608190839,0.016041148596134105,1.8142100662672673e-11,0.9302995055969545
1.5067614978879613,2.1065184721241104,1.8142100662672673e-11,0.7152852053410272
0.028284271247461964,0.028512691144292637,1.1436302642462127e-11,0.9919888341765174
0.6109871547835095,1.1506201656344572,2.7319578892807595e-11,0.5310068196541718
0.09160740985476677,0.09179682424678792,1.1436302642462127e-11,0.9979365910141735
0.005303957991626929,0.0053470495320445755,1.1436302642462127e-11,0.9919410620456381
0.6773661607926729,0.7096209321054672,1.1436302642462127e-11,0.954546477064743
0.028284271247461946,0.028333741236344762,1.0920763845630213e-11,0.9982540255284269
0.653761723141461,1.2441687076373291,2.6186386959022588e-11,0.5254606703482775
0.027534094606721134,0.027539047274036287,1.0920763845630213e-11,0.9998201583640178
0.0016029503582735778,0.0016041148596134744,1.0920763845630213e-11,0.999274053642158
0.20572289975484262,0.20660760719613058,1.0920763845630213e-11,0.9957179338491243
0.0282842712474619,0.08640501645715455,2.672783733473782e-05,0.32734524460726366
0.1332906763605044,1.0346717245328039,2.672783733473782e-05,0.1288241218930483
1.1304780537999535,1.5512381985485009,2.672783733473782e-05,0.7287585200375711
0.05650035401974858,0.07752959653758279,2.672783733473782e-05,0.7287585198816274
2.0722047854083456,8.641178175201572,2.672783733473782e-05,0.2398058162201947
0.028284271247461905,0.03494619046503292,4.964202982030703e-10,0.8093663678667088
0.36729289326014414,0.9692008289840548,4.964202982030703e-10,0.3789646916059198
0.5823139843845865,0.6204952794193991,4.964202982030703e-10,0.9384664214197744
0.029103569205693014,0.03101183861503208,4.964202982030703e-10,0.9384664213874089
1.9026406962923497,3.991412514642203,4.964202982030703e-10,0.4766835523295706
0.02828427124746192,0.030158297035311067,2.2902919650929056e-11,0.9378603577763382
0.4792918425749538,0.9890834955071054,3.207849015938585e-11,0.484581781772852
0.30371632826150324,0.31024763970970004,2.2902919650929056e-11,0.9789480704694219
0.015179489786951269,0.015505919307515888,2.2902919650929056e-11,0.9789480704696822
1.4710315421769324,2.0666126200513384,2.2902919650929056e-11,0.7118080708035109
0.02828427124746192,0.028592910290832062,1.159415971352231e-11,0.9892057492493479
0.5932428709518485,1.0976885838790886,2.783761887064284e-11,0.540447336033509
0.10303085046678588,0.10341587990323343,1.159415971352231e-11,0.9962768828461565
0.005149396317791738,0.005168639769172122,1.159415971352231e-11,0.9962768828473674
0.6355750314117983,0.6720498819383579,1.159415971352231e-11,0.9457259773316868
0.028284271247461936,0.028343830704574503,1.0942787208484322e-11,0.9978986800431688
0.6473611177027848,1.2097475495144805,2.6346425419117387e-11,0.5351208340637651
0.031013371438371934,0.03102476397096975,1.0942787208484322e-11,0.9996327922878486
0.001550022541436428,0.0015505919307516902,1.0942787208484322e-11,0.9996327922879193
0.19920076589539815,0.2002142533838017,1.0942787208484322e-11,0.9949379853268452
9.763095029004195e-05,0.14311923149278646,0.00041476255246159123,0.0006821651379183292
0.00020610978394548598,0.717097102316207,0.00041476255246159123,0.000287422419195052
0.5459527385352104,2.94118093918055,0.00041476255246159123,0.18562364907999157
0.02728626433304174,0.14699778001509436,0.00041476255246159123,0.18562364907986958
2.230846284995733,10.99277330856907,0.00041476255246159123,0.20293753199265438
0.02291809598952414,0.14930316484733613,1.287689452811432e-09,0.15350040310905735
0.04838264708899544,0.7291189968047072,1.287689452811432e-09,0.06635768276649993
0.67044119191224,1.1764723756716688,1.287689452811432e-09,0.5698741473036911
0.03350809381661723,0.058799112005971085,1.287689452811432e-09,0.569874147303695
1.9683335156562745,4.509895557487513,1.287689452811432e-09,0.43644769386917764
0.028284271247461912,0.0409618116858272,3.053291705118674e-11,0.690503424614109
0.2379679282843358,0.7959964899971966,5.4468346243369185e-11,0.29895600203610684
0.5017490904766099,0.5882361878358323,3.053291705118674e-11,0.8529721578717975
0.02507700272433946,0.029399556002985335,3.053291705118674e-11,0.8529721578718078
1.5671765297095268,2.2831123875512858,3.053291705118674e-11,0.6864211057916321
0.02828427124746196,0.02933035937775816,1.18072044976742e-11,0.9643342886862317
0.5140909599593148,0.9854403987920095,3.058398426341232e-11,0.5216865074635737
0.1929135688174942,0.19607872927861078,1.18072044976742e-11,0.98385770617363
0.009641659910540237,0.009799852000995288,1.18072044976742e-11,0.9838577061736253
0.6038658924236022,0.6434180949818951,1.18072044976742e-11,0.9385279915706974
0.02828427124746192,0.02842001263097219,1.097026856083784e-11,0.9952237395080417
0.6244299907016184,1.150049708242998,2.6946720028413332e-11,0.5429591314410216
0.05874050089642264,0.05882361878358333,1.097026856083784e-11,0.9985869980650717
0.0029358014373467587,0.0029399556002986664,1.097026856083784e-11,0.9985869980650437
0.19584605705165514,0.19723664724486528,1.097026856083784e-11,0.9929496358175073
9.763095029005686e-05,0.14311923657966985,0.00041476255246159123,0.0006821651136722552
0.00020610978394552064,0.7170970869882525,0.00041476255246159123,0.0002874224253387563
0.5459527385353237,2.941180939179801,0.00041476255246159123,0.18562364908007734
0.027286264333047313,0.14699778001605443,0.00041476255246159123,0.18562364907869514
1.983220899146666,10.771716746824223,0.00041476255246159123,0.18411372539399257
0.0229180959895249,0.14930316484725703,1.287689452811432e-09,0.15350040310914378
0.048382647088997074,0.7291189968047791,1.287689452811432e-09,0.06635768276649563
0.6704411919122866,1.1764723756716995,1.287689452811432e-09,0.5698741473037158
0.033508093816619504,0.05879911200597422,1.287689452811432e-09,0.5698741473037033
1.9910433792337665,4.3733028929488915,1.287689452811432e-09,0.4552722342749093
0.028284271247462002,0.04096181168582824,3.0532917051187456e-11,0.6905034246140936
0.23796792828433883,0.7959964899971969,5.446834624336863e-11,0.29895600203611056
0.5017490904766303,0.5882361878358512,3.0532917051187456e-11,0.8529721578718048
0.025077002724340446,0.029399556002986896,3.0532917051187456e-11,0.852972157871796
1.4546937939589344,2.2000460289670487,3.0532917051187456e-11,0.6612106177805438
0.02828427124746189,0.02933035937775781,1.1807204497674389e-11,0.9643342886862408
0.514090959959277,0.9854403987919382,3.058398426341387e-11,0.5216865074635731
0.19291356881749808,0.1960787292786172,1.1807204497674389e-11,0.9838577061736177
0.009641659910540435,0.009799852000996005,1.1807204497674389e-11,0.9838577061735736
0.605562639915901,0.6512809866358483,1.1807204497674389e-11,0.9298024237493825
0.02828427124746192,0.02842001263097266,1.0970268560837842e-11,0.9952237395080251
0.6244299907016184,1.1500497082429921,2.6946720028413255e-11,0.5429591314410243
0.058740500896424686,0.05882361878358595,1.0970268560837842e-11,0.998586998065062
0.0029358014373468597,0.002939955600298666,1.0970268560837842e-11,0.9985869980650782
0.20320333784917022,0.20463075540348977,1.0970268560837842e-11,0.9930244231786909
0.028284271247461884,0.08640501642020239,2.672783733473782e-05,0.3273452447472567
0.1332906763604914,1.0346717242969425,2.672783733473782e-05,0.12882412192240217
1.1304780537999597,1.5512381985485115,2.672783733473782e-05,0.7287585200375701
0.05650035401974894,0.07752959653758011,2.672783733473782e-05,0.7287585198816573
2.0921117270214387,9.388621297445308,2.672783733473782e-05,0.22283481895160825
0.02828427124746192,0.0349461904650303,4.964202982030703e-10,0.8093663678667699
0.3672928932601328,0.9692008289840055,4.964202982030703e-10,0.3789646916059274
0.5823139843845914,0.6204952794194049,4.964202982030703e-10,0.9384664214197735
0.029103569205693212,0.031011838615031977,4.964202982030703e-10,0.9384664213874183
2.001798525177762,4.32931403813309,4.964202982030703e-10,0.46238237918194275
0.028284271247461926,0.030158297035312125,2.2902919650930556e-11,0.9378603577763056
0.479291842574975,0.9890834955071587,3.2078490159384884e-11,0.48458178177284733
0.303716328261508,0.3102476397097026,2.2902919650930556e-11,0.9789480704694292
0.01517948978695148,0.015505919307515926,2.2902919650930556e-11,0.9789480704696935
1.3511068191605482,1.8968030900658808,2.2902919650930556e-11,0.7123073692976855
0.028284271247461926,0.02859291029083351,1.1594159713522322e-11,0.989205749249298
0.5932428709518464,1.0976885838790864,2.7837618870642936e-11,0.5404473360335081
0.1030308504667871,0.10341587990323448,1.1594159713522322e-11,0.9962768828461582
0.0051493963177917795,0.005168639769172222,1.1594159713522322e-11,0.9962768828473562
0.6276744818084333,0.6634842843146304,1.1594159713522322e-11,0.9460276552847245
0.02828427124746192,0.028343830704574486,1.0942787208484323e-11,0.9978986800431688
0.6473611177027845,1.2097475495144856,2.6346425419117426e-11,0.5351208340637627
0.03101337143837238,0.03102476397097081,1.0942787208484323e-11,0.9996327922878289
0.0015500225414364144,0.001550591930751769,1.0942787208484323e-11,0.9996327922878596
0.188118958532859,0.18914412942195627,1.0942787208484323e-11,0.9945799486760161
0.028284271247461905,0.08640501638449878,2.672783733473782e-05,0.32734524488252
0.1332906763605457,1.0346717242807815,2.672783733473782e-05,0.12882412192446682
1.1304780537999297,1.5512381985484323,2.672783733473782e-05,0.7287585200375881
0.05650035401974753,0.07752959653757728,2.672783733473782e-05,0.7287585198816657
2.1216165413066417,8.93467915663586,2.672783733473782e-05,0.23745861536962962
0.028284271247461856,0.034946190465028885,4.964202982030703e-10,0.8093663678668008
0.36729289326018155,0.9692008289841195,4.964202982030703e-10,0.3789646916059331
0.5823139843845665,0.6204952794193732,4.964202982030703e-10,0.9384664214197813
0.029103569205691984,0.03101183861503081,4.964202982030703e-10,0.938466421387414
1.813945611589423,3.601281527518291,4.964202982030703e-10,0.5036944759049277
0.0282842712474619,0.03015829703531146,2.290291965092896e-11,0.9378603577763255
0.4792918425749753,0.9890834955071455,3.2078490159384884e-11,0.4845817817728541
0.30371632826149153,0.3102476397096858,2.290291965092896e-11,0.9789480704694291
0.015179489786950693,0.015505919307515258,2.290291965092896e-11,0.9789480704696848
1.3600339904018641,1.8823349182702267,2.290291965092896e-11,0.7225249753384315
0.028284271247461936,0.02859291029083292,1.1594159713522309e-11,0.9892057492493188
0.5932428709518563,1.0976885838791206,2.783761887064262e-11,0.5404473360335005
0.10303085046678147,0.10341587990322872,1.1594159713522309e-11,0.9962768828461592
0.005149396317791522,0.005168639769171765,1.1594159713522309e-11,0.9962768828473942
0.6569036709515357,0.6946034140658304,1.1594159713522309e-11,0.9457247943922117
0.028284271247461894,0.028343830704574982,1.0942787208484322e-11,0.9978986800431505
0.6473611177027873,1.209747549514496,2.634642541911731e-11,0.5351208340637603
0.031013371438370775,0.03102476397096872,1.0942787208484322e-11,0.9996327922878445
0.0015500225414363934,0.0015505919307513643,1.0942787208484322e-11,0.9996327922881071
0.21624413585556698,0.21733151966453385,1.0942787208484322e-11,0.9949966585120956
9.763095029007523e-05,0.14311920352177337,0.00041476255246159123,0.0006821652712399436
0.0002061097839455242,0.7170970616411806,0.00041476255246159123,0.00028742243549821845
0.5459527385352783,2.9411809391812627,0.00041476255246159123,0.18562364907996964
0.027286264333045113,0.14699778001560582,0.00041476255246159123,0.18562364907924667
2.254113990935215,11.007948487528923,0.00041476255246159123,0.2047714879379147
0.022918095989524635,0.14930316484719366,1.287689452811432e-09,0.15350040310920715
0.04838264708899632,0.7291189968047183,1.287689452811432e-09,0.06635768276650013
0.6704411919122687,1.1764723756716926,1.287689452811432e-09,0.569874147303704
0.033508093816618685,0.05879911200597239,1.287689452811432e-09,0.5698741473037071
1.8832267869640325,4.070686546991348,1.287689452811432e-09,0.46263124542368145
0.02828427124746199,0.04096181168583036,3.053291705118698e-11,0.6905034246140577
0.23796792828433735,0.7959964899971852,5.446834624336863e-11,0.29895600203611306
0.501749090476623,0.5882361878358445,3.053291705118698e-11,0.852972157871802
0.025077002724340065,0.02939955600298646,3.053291705118698e-11,0.8529721578717957
1.3790032419420593,1.9230743536866235,3.053291705118698e-11,0.7170826438917692
0.02828427124746196,0.029330359377757066,1.1807204497674205e-11,0.9643342886862677
0.5140909599593156,0.985440398792016,3.0583984263412194e-11,0.5216865074635713
0.19291356881749835,0.19607872927861497,1.1807204497674205e-11,0.9838577061736302
0.009641659910540428,0.009799852000995455,1.1807204497674205e-11,0.9838577061736281
0.6343223909878641,0.6831988963204209,1.1807204497674205e-11,0.928459332127443
0.028284271247462037,0.028420012630973074,1.097026856083784e-11,0.9952237395080148
0.6244299907016188,1.1500497082429946,2.6946720028413255e-11,0.5429591314410235
0.05874050089642391,0.05882361878358527,1.097026856083784e-11,0.9985869980650603
0.0029358014373468025,0.002939955600298634,1.097026856083784e-11,0.9985869980650696
0.2198290578780788,0.2213319631775082,1.097026856083784e-11,0.9932097231784636
9.763095029000273e-05,0.14311919589447883,0.00041476255246159123,0.000682165307594277
0.00020610978394552506,0.7170970870055801,0.00041476255246159123,0.00028742242533181736
0.5459527385353099,2.941180939180723,0.00041476255246159123,0.18562364908001447
0.027286264333046623,0.14699778001495062,0.00041476255246159123,0.1856236490800843
2.1348727158655056,10.446849763649459,0.00041476255246159123,0.2043556444445046
0.022918095989525666,0.1493031648473209,1.287689452811432e-09,0.15350040310908325
0.04838264708899863,0.7291189968045083,1.287689452811432e-09,0.0663576827665224
0.6704411919122792,1.1764723756716877,1.287689452811432e-09,0.5698741473037153
0.03350809381661911,0.05879911200597209,1.287689452811432e-09,0.5698741473037172
1.8242036704496334,4.139141590342084,1.287689452811432e-09,0.4407202871982135
0.028284271247461898,0.04096181168582761,3.053291705118698e-11,0.6905034246141017
0.23796792828434268,0.7959964899972084,5.446834624336752e-11,0.29895600203611106
0.5017490904766237,0.5882361878358416,3.053291705118698e-11,0.8529721578718076
0.025077002724340065,0.029399556002986212,3.053291705118698e-11,0.8529721578718028
1.3647903803588723,1.9750026477132967,3.053291705118698e-11,0.6910321775715379
0.028284271247461915,0.029330359377758346,1.1807204497674381e-11,0.9643342886862241
0.5140909599592792,0.9854403987919357,3.058398426341363e-11,0.5216865074635768
0.19291356881749494,0.19607872927861394,1.1807204497674381e-11,0.983857706173618
0.009641659910540189,0.00979985200099566,1.1807204497674381e-11,0.9838577061735831
0.6188531657872409,0.6615049850996393,1.1807204497674381e-11,0.9355230568580312
0.028284271247461974,0.028420012630972234,1.097026856083784e-11,0.995223739508042
0.6244299907016194,1.1500497082430068,2.6946720028413255e-11,0.5429591314410183
0.05874050089642358,0.0588236187835846,1.097026856083784e-11,0.9985869980650661
0.002935801437346777,0.002939955600298759,1.097026856083784e-11,0.9985869980650185
0.22616584897888395,0.22769742837670373,1.097026856083784e-11,0.9932736201337947
0.02828427124746196,0.08640501642288928,2.672783733473782e-05,0.32734524473707827
0.13329067636049668,1.0346717244050436,2.672783733473782e-05,0.1288241219089479
1.1304780537999868,1.5512381985485881,2.672783733473782e-05,0.7287585200375516
0.056500354019750315,0.07752959653758697,2.672783733473782e-05,0.7287585198816106
2.4592785198857614,10.441303830758022,2.672783733473782e-05,0.23553366128866127
0.028284271247461912,0.034946190465031744,4.964202982030703e-10,0.8093663678667362
0.3672928932601378,0.9692008289840656,4.964202982030703e-10,0.37896469160590907
0.5823139843846176,0.6204952794194352,4.964202982030703e-10,0.93846642141977
0.029103569205694544,0.03101183861503387,4.964202982030703e-10,0.938466421387404
2.079159584687885,4.406226389008713,4.964202982030703e-10,0.4718685335538653
0.028284271247461926,0.030158297035312108,2.290291965092887e-11,0.9378603577763062
0.47929184257495006,0.9890834955071135,3.2078490159386054e-11,0.4845817817728443
0.303716328261521,0.31024763970971836,2.290291965092887e-11,0.9789480704694213
0.015179489786952173,0.015505919307516824,2.290291965092887e-11,0.9789480704696814
1.298561232702234,1.8099596244532636,2.290291965092887e-11,0.717453149317898
0.028284271247461933,0.028592910290833242,1.1594159713522307e-11,0.9892057492493075
0.593242870951847,1.0976885838791015,2.7837618870642885e-11,0.5404473360335014
0.1030308504667921,0.10341587990323883,1.1594159713522307e-11,0.9962768828461646
0.005149396317792075,0.005168639769172347,1.1594159713522307e-11,0.9962768828473891
0.6502767201025651,0.6888212956903133,1.1594159713522307e-11,0.9440427062448468
0.028284271247461915,0.02834383070457488,1.0942787208484322e-11,0.9978986800431547
0.6473611177027842,1.2097475495144943,2.6346425419117387e-11,0.5351208340637585
0.031013371438374064,0.031024763970971713,1.0942787208484322e-11,0.9996327922878541
0.0015500225414364927,0.0015505919307517272,1.0942787208484322e-11,0.9996327922879371
0.18841682190133507,0.1893685456459025,1.0942787208484322e-11,0.99497422477782
0.012987673989329733,0.14639191412827673,2.730698433076485e-06,0.08871852019059749
0.027418422866362823,0.7236658079881629,2.730698433076485e-06,0.03788823869209433
0.686520982171635,1.3769523637017194,2.730698433076485e-06,0.49858005278122447
0.03432284753949238,0.08020574298065984,2.730698433076485e-06,0.42793503636976105
2.140369310826776,10.258227431511889,2.730698433076485e-06,0.2086490405010763
0.028284271247461912,0.038271903624612136,1.9451317485535756e-10,0.73903486810812
0.2668016825396841,0.8100832291593777,1.9451317485535756e-10,0.3293509517738614
0.48365673848714674,0.5507809454806848,1.9451317485535756e-10,0.8781290319784819
0.024986860189981926,0.03208229719226656,1.9451317485535756e-10,0.7788363794599164
1.805735618516298,3.9309781209203964,1.9451317485535756e-10,0.45936038384601957
0.028284271247461888,0.030014875270365487,1.81421006626726e-11,0.942341788619316
0.4750843339902364,0.9596835638377458,3.227402478395033e-11,0.49504269104118903
0.2689922065000075,0.27539047274034256,1.81421006626726e-11,0.9767665664804323
0.014923072608190247,0.016041148596133245,1.81421006626726e-11,0.9302995055969675
1.499145444604485,2.0670634458650325,1.81421006626726e-11,0.7252537156531821
0.028284271247461943,0.028512691144293476,1.1436302642462126e-11,0.9919888341764874
0.6109871547835125,1.1506201656344537,2.7319578892807505e-11,0.5310068196541761
0.09160740985476135,0.09179682424678044,1.1436302642462126e-11,0.9979365910141957
0.005303957991626741,0.005347049532044311,1.1436302642462126e-11,0.9919410620456522
0.6239387095834039,0.6540129876290283,1.1436302642462126e-11,0.9540157785632796
0.028284271247461912,0.028333741236344592,1.0920763845630213e-11,0.9982540255284317
0.6537617231414615,1.2441687076373404,2.6186386959022517e-11,0.5254606703482732
0.02753409460671939,0.02753904727403471,1.0920763845630213e-11,0.9998201583640117
0.0016029503582735175,0.001604114859613042,1.0920763845630213e-11,0.9992740536423899
0.22471495492225602,0.22572348166992132,1.0920763845630213e-11,0.9955320255553205
0.028284271247461853,0.0864050164093858,2.672783733473782e-05,0.32734524478823496
0.133290676360511,1.0346717242393177,2.672783733473782e-05,0.1288241219295958
1.130478053799956,1.5512381985485033,2.672783733473782e-05,0.7287585200375716
0.05650035401974872,0.0775295965375803,2.672783733473782e-05,0.7287585198816525
2.296693023041106,9.774117194816943,2.672783733473782e-05,0.23497702935862125
0.028284271247461894,0.03494619046503097,4.964202982030703e-10,0.8093663678667538
0.3672928932601505,0.9692008289840539,4.964202982030703e-10,0.3789646916059267
0.5823139843845894,0.6204952794194013,4.964202982030703e-10,0.9384664214197758
0.029103569205693174,0.03101183861503179,4.964202982030703e-10,0.9384664213874228
1.5726616987020303,3.45127887454881,4.964202982030703e-10,0.45567505723733387
0.028284271247461978,0.03015829703531205,2.290291965092896e-11,0.9378603577763097
0.4792918425749576,0.9890834955071073,3.207849015938571e-11,0.48458178177285494
0.30371632826150474,0.3102476397096998,2.290291965092896e-11,0.9789480704694274
0.01517948978695133,0.01550591930751597,2.290291965092896e-11,0.9789480704696809
1.3601509277943815,1.889089469689847,2.290291965092896e-11,0.72000344590227
0.028284271247461926,0.02859291029083299,1.159415971352231e-11,0.989205749249316
0.5932428709518498,1.097688583879101,2.783761887064284e-11,0.5404473360335041
0.10303085046678641,0.10341587990323343,1.159415971352231e-11,0.9962768828461616
0.005149396317791762,0.005168639769171918,1.159415971352231e-11,0.9962768828474113
0.649800035917479,0.6871603632486469,1.159415971352231e-11,0.9456308464089201
0.02828427124746193,0.028343830704574653,1.0942787208484322e-11,0.9978986800431633
0.647361117702785,1.2097475495144885,2.6346425419117387e-11,0.5351208340637618
0.031013371438372253,0.031024763970970134,1.0942787208484322e-11,0.9996327922878465
0.001550022541436432,0.0015505919307516444,1.0942787208484322e-11,0.9996327922879513
0.19216537005028653,0.1931922539474461,1.0942787208484322e-11,0.9946846528461802
0.028284271247461933,0.08640501642434958,2.672783733473782e-05,0.3273452447315456
0.13329067636050715,1.0346717245309995,2.672783733473782e-05,0.12882412189327558
1.1304780537999328,1.55123819854844,2.672783733473782e-05,0.7287585200375865
0.05650035401974762,0.07752959653757797,2.672783733473782e-05,0.7287585198816603
2.291824905738876,9.9029096333123,2.672783733473782e-05,0.23142944756654438
0.028284271247461946,0.03494619046503257,4.964202982030703e-10,0.8093663678667181
0.3672928932601467,0.9692008289840098,4.964202982030703e-10,0.37896469160594
0.5823139843845669,0.6204952794193763,4.964202982030703e-10,0.9384664214197774
0.029103569205692036,0.03101183861503062,4.964202982030703e-10,0.9384664213874215
1.9920855174447292,4.159422855712469,4.964202982030703e-10,0.4789331564856019
0.02828427124746196,0.030158297035312465,2.290291965092896e-11,0.9378603577762962
0.4792918425749556,0.9890834955071001,3.207849015938585e-11,0.48458178177285643
0.3037163282614921,0.3102476397096875,2.290291965092896e-11,0.9789480704694254
0.015179489786950648,0.015505919307515225,2.290291965092896e-11,0.978948070469684
1.5057579635082499,2.043984625522499,2.290291965092896e-11,0.7366777346103258
0.028284271247461974,0.02859291029083351,1.159415971352231e-11,0.9892057492492997
0.5932428709518495,1.0976885838790915,2.783761887064284e-11,0.5404473360335085
0.10303085046678201,0.10341587990322905,1.159415971352231e-11,0.9962768828461612
0.005149396317791525,0.0051686397691717515,1.159415971352231e-11,0.9962768828473977
0.6491542828431155,0.6881392714859705,1.159415971352231e-11,0.9433472405103829
0.02828427124746193,0.028343830704574798,1.0942787208484322e-11,0.9978986800431582
0.6473611177027856,1.2097475495144907,2.6346425419117387e-11,0.5351208340637612
0.031013371438370897,0.03102476397096852,1.0942787208484322e-11,0.9996327922878547
0.001550022541436322,0.0015505919307515958,1.0942787208484322e-11,0.9996327922879118
0.20466149714009874,0.20574722219182562,1.0942787208484322e-11,0.9947230147743399
0.012987673989322488,0.1463919142542023,2.730698433076485e-06,0.08871852011423279
0.027418422866347346,0.7236658080665065,2.730698433076485e-06,0.03788823868797119
0.686520982171552,1.376952363701806,2.730698433076485e-06,0.4985800527811328
0.03432284753948826,0.08020574298065847,2.730698433076485e-06,0.4279350363697171
2.0402704992095044,9.922512403897533,2.730698433076485e-06,0.20562035260425496
0.028284271247461856,0.038271903624609235,1.9451317485537676e-10,0.7390348681081746
0.26680168253967423,0.8100832291593665,1.9451317485537676e-10,0.32935095177385376
0.4836567384871813,0.5507809454807252,1.9451317485537676e-10,0.8781290319784802
0.024986860189983567,0.032082297192265914,1.9451317485537676e-10,0.7788363794599831
2.1156684864078525,4.518750014882922,1.9451317485537676e-10,0.46819772712358554
0.02828427124746192,0.030014875270365563,1.8142100662672728e-11,0.9423417886193146
0.47508433399022937,0.9596835638377038,3.227402478395061e-11,0.49504269104120335
0.2689922065000272,0.2753904727403646,1.8142100662672728e-11,0.9767665664804257
0.01492307260819101,0.016041148596133918,1.8142100662672728e-11,0.930299505596976
1.6456851051773578,2.2606747948258663,1.8142100662672728e-11,0.7279618939194306
0.028284271247461894,0.028512691144291828,1.143630264246213e-11,0.991988834176543
0.6109871547835098,1.150620165634456,2.7319578892807595e-11,0.5310068196541727
0.09160740985476779,0.09179682424678802,1.143630264246213e-11,0.9979365910141835
0.005303957991626958,0.005347049532044715,1.143630264246213e-11,0.9919410620456178
0.6781670691039616,0.7101932826585077,1.143630264246213e-11,0.9549049331547316
0.028284271247461874,0.028333741236343864,1.0920763845630213e-11,0.998254025528456
0.6537617231414604,1.2441687076373271,2.6186386959022588e-11,0.5254606703482778
0.02753409460672151,0.027539047274036572,1.0920763845630213e-11,0.999820158364021
0.00160295035827361,0.0016041148596133543,1.0920763845630213e-11,0.9992740536422529
0.214904442693249,0.21582761290859306,1.0920763845630213e-11,0.9957226501145845
0.00015536307749954505,0.15106332446620563,1.4184559509297077e-06,0.0010284632490945962
0.0003279887191656129,0.7300219822713027,1.4184559509297077e-06,0.0004492860860780496
1.4127839973733691,5.476606388822841,1.4184559509297077e-06,0.2579670505911668
0.07060980164873841,0.27690540996502794,1.4184559509297077e-06,0.2549961073626411
2.5980421529936795,13.865687426456175,1.4184559509297077e-06,0.18737204100220317
0.017526584091924292,0.15950506653833554,1.4068445930273833e-10,0.10988104937539361
0.03700056641628468,0.7452038892671212,2.9599670909653135e-10,0.049651601325743595
1.28035267485376,2.1906425555289446,1.4068445930273833e-10,0.5844644401809361
0.06403123550553372,0.1107621639860028,1.4068445930273833e-10,0.5780966460137548
2.4487174647367023,5.518397383965123,1.4068445930273833e-10,0.44373706610038116
0.0282842712474619,0.05427418831347957,1.7077201874790105e-11,0.5211366973209474
0.18232163174041527,0.8094040643066616,6.804050857131141e-11,0.22525415893061104
0.906521210548034,1.095321277764471,1.7077201874790105e-11,0.8276304212753228
0.045539529059325165,0.0553810819930016,1.7077201874790105e-11,0.8222939570786989
1.715183325611132,2.3895513601068084,1.7077201874790105e-11,0.7177846662958801
0.02828427124746193,0.030684427624318878,1.1392205999754768e-11,0.9217793336006467
0.4666590487274247,1.0056757849268751,3.267617066169017e-11,0.4640253406930311
0.3561141919575469,0.36510709258815627,1.1392205999754768e-11,0.9753691428811726
0.017987470263097,0.018460360664333746,1.1392205999754768e-11,0.9743834689995851
0.8828696573847508,0.927531500599083,1.1392205999754768e-11,0.9518487046688058
0.028284271247461985,0.028567618711325023,1.0914093672768648e-11,0.9900815161835413
0.6081792147525076,1.1756550778341432,2.739954272207627e-11,0.5173109241129881
0.10928048192528184,0.10953212777644648,1.0914093672768648e-11,0.9977025384581385
0.005524862603298439,0.005538108199300429,1.0914093672768648e-11,0.9976082814698956
0.2759459505647758,0.2771346997745222,1.0914093672768648e-11,0.9957105724735531
0.012987673989323234,0.14639191406276436,2.730698433076485e-06,0.08871852023025584
0.027418422866349174,0.7236658080663972,2.730698433076485e-06,0.037888238687979435
0.6865209821715943,1.3769523637018404,2.730698433076485e-06,0.4985800527811511
0.03432284753949029,0.08020574298067243,2.730698433076485e-06,0.4279350363696679
1.9078562795384495,9.086513774784908,2.730698433076485e-06,0.20996570597105724
0.028284271247461967,0.03827190362461626,1.9451317485535756e-10,0.7390348681080419
0.26680168253967934,0.8100832291594187,1.9451317485535756e-10,0.32935095177383883
0.4836567384871936,0.5507809454807351,1.9451317485535756e-10,0.8781290319784868
0.024986860189984115,0.032082297192269224,1.9451317485535756e-10,0.7788363794599199
1.9709734150437772,4.048463255962475,1.9451317485535756e-10,0.48684483233013837
0.028284271247461933,0.030014875270366805,1.814210066267256e-11,0.9423417886192761
0.4750843339902329,0.9596835638377585,3.2274024783950466e-11,0.4950426910411788
0.268992206500032,0.27539047274036743,1.814210066267256e-11,0.9767665664804331
0.014923072608191265,0.016041148596134196,1.814210066267256e-11,0.9302995055969758
1.4694051543431617,1.9887286907832136,1.814210066267256e-11,0.7388665739842428
0.02828427124746193,0.028512691144292716,1.1436302642462124e-11,0.9919888341765134
0.6109871547835112,1.1506201656344737,2.7319578892807595e-11,0.5310068196541656
0.09160740985476955,0.09179682424678921,1.1436302642462124e-11,0.9979365910141897
0.005303957991627001,0.005347049532044025,1.1436302642462124e-11,0.9919410620457538
0.6895427879374452,0.7236415345197216,1.1436302642462124e-11,0.952878953244568
0.028284271247461943,0.028333741236344485,1.0920763845630213e-11,0.9982540255284366
0.653761723141461,1.244168707637331,2.6186386959022588e-11,0.5254606703482767
0.02753409460672197,0.027539047274036388,1.0920763845630213e-11,0.9998201583640445
0.0016029503582736086,0.0016041148596136166,1.0920763845630213e-11,0.9992740536420887
0.19638269991112947,0.19726108806798448,1.0920763845630213e-11,0.9955470784154233
0.012987673989323134,0.14639191421805256,2.730698433076485e-06,0.08871852013614517
0.027418422866348796,0.7236658080943545,2.730698433076485e-06,0.03788823868651518
0.686520982171642,1.3769523637019034,2.730698433076485e-06,0.4985800527811629
0.03432284753949276,0.08020574298068041,2.730698433076485e-06,0.4279350363696561
2.4066441032734733,11.817828669281942,2.730698433076485e-06,0.20364520172212838
0.028284271247461943,0.03827190362461119,1.9451317485535756e-10,0.7390348681081391
0.2668016825396787,0.810083229159392,1.9451317485535756e-10,0.3293509517738489
0.48365673848721324,0.5507809454807544,1.9451317485535756e-10,0.8781290319784917
0.024986860189985135,0.03208229719227027,1.9451317485535756e-10,0.7788363794599262
1.964411431559786,4.269583496664469,1.9451317485535756e-10,0.4600943940069202
0.028284271247461922,0.030014875270365598,1.814210066267254e-11,0.9423417886193136
0.47508433399023237,0.9596835638377628,3.2274024783950466e-11,0.4950426910411761
0.2689922065000421,0.2753904727403773,1.814210066267254e-11,0.9767665664804346
0.014923072608191697,0.016041148596135445,1.814210066267254e-11,0.9302995055969303
1.4907314931448552,2.045672233938566,1.814210066267254e-11,0.7287245084588774
0.028284271247461888,0.028512691144293945,1.1436302642462122e-11,0.9919888341764692
0.6109871547835111,1.1506201656344721,2.7319578892807595e-11,0.5310068196541663
0.09160740985477293,0.09179682424679295,1.1436302642462122e-11,0.9979365910141861
0.0053039579916272445,0.005347049532044636,1.1436302642462122e-11,0.991941062045686
0.7240607503015715,0.7583390808240071,1.1436302642462122e-11,0.9547981484942211
0.02828427124746192,0.028333741236344252,1.0920763845630213e-11,0.9982540255284439
0.6537617231414612,1.2441687076373396,2.6186386959022588e-11,0.5254606703482733
0.02753409460672293,0.02753904727403859,1.0920763845630213e-11,0.9998201583639994
0.0016029503582736966,0.0016041148596131602,1.0920763845630213e-11,0.9992740536424278
0.21113606224160827,0.21206372347935432,1.0920763845630213e-11,0.9956255543261913
0.00015536307749953654,0.15106332455114505,1.4184559509297077e-06,0.0010284632485162589
0.00032798871916563804,0.7300219823015454,1.4184559509297077e-06,0.0004492860860594714
1.412783997373368,5.476606388822354,1.4184559509297077e-06,0.2579670505911895
0.07060980164873826,0.27690540996509083,1.4184559509297077e-06,0.2549961073625826
2.3457919278775288,12.874218213330215,1.4184559509297077e-06,0.18220849522720148
0.01752658409192438,0.15950506653833763,1.4068445930273833e-10,0.10988104937539273
0.037000566416284894,0.7452038892671342,2.959967090965299e-10,0.04965160132574302
1.2803526748537584,2.1906425555289313,1.4068445930273833e-10,0.584464440180939
0.06403123550553359,0.11076216398600292,1.4068445930273833e-10,0.578096646013753
2.209511247052547,5.036036490408226,1.4068445930273833e-10,0.43874011859541584
0.028284271247461888,0.05427418831347929,1.707720187479016e-11,0.5211366973209498
0.1823216317404156,0.8094040643066653,6.804050857131117e-11,0.2252541589306104
0.9065212105480323,1.0953212777644665,1.707720187479016e-11,0.8276304212753246
0.04553952905932494,0.0553810819930012,1.707720187479016e-11,0.8222939570787009
1.9278729321526888,2.671328026849983,1.707720187479016e-11,0.721690826725622
0.0282842712474619,0.030684427624317643,1.1392205999754771e-11,0.9217793336006829
0.46665904872742486,1.0056757849268732,3.267617066169009e-11,0.4640253406930322
0.35611419195754596,0.36510709258815605,1.1392205999754771e-11,0.9753691428811706
0.017987470263096897,0.01846036066433378,1.1392205999754771e-11,0.9743834689995776
0.9260955736741622,0.971133623192567,1.1392205999754771e-11,0.9536232209010086
0.028284271247461922,0.028567618711324263,1.0914093672768648e-11,0.9900815161835655
0.6081792147525072,1.175655077834128,2.739954272207627e-11,0.5173109241129945
0.10928048192528159,0.10953212777644737,1.0914093672768648e-11,0.9977025384581281
0.005524862603298331,0.005538108199300177,1.0914093672768648e-11,0.9976082814699214
0.2631378462273464,0.26432201152251916,1.0914093672768648e-11,0.9955199898474142
0.01298767398932505,0.14639191415706795,2.730698433076485e-06,0.08871852017311703
0.027418422866352935,0.7236658080709438,2.730698433076485e-06,0.037888238687746593
0.6865209821715814,1.3769523637017924,2.730698433076485e-06,0.4985800527811591
0.034322847539489665,0.08020574298068908,2.730698433076485e-06,0.42793503636957125
2.379495823527446,11.356411329397854,2.730698433076485e-06,0.209528851545536
0.02828427124746187,0.03827190362461718,1.9451317485537676e-10,0.7390348681080215
0.26680168253969117,0.8100832291594341,1.9451317485537676e-10,0.32935095177384716
0.4836567384871775,0.5507809454807117,1.9451317485537676e-10,0.8781290319784949
0.024986860189983442,0.03208229719226923,1.9451317485537676e-10,0.7788363794598987
1.8563198657228215,4.093054996149045,1.9451317485537676e-10,0.45352917746508215
0.02828427124746193,0.03001487527036586,1.8142100662672708e-11,0.9423417886193056
0.4750843339902422,0.9596835638377856,3.227402478395005e-11,0.4950426910411745
0.26899220650002126,0.2753904727403561,1.8142100662672708e-11,0.9767665664804343
0.014923072608190788,0.016041148596134574,1.8142100662672708e-11,0.9302995055969242
1.453731756136055,1.9907059968476666,1.8142100662672708e-11,0.7302593946258644
0.02828427124746193,0.028512691144294312,1.143630264246213e-11,0.9919888341764579
0.6109871547835148,1.1506201656344868,2.731957889280742e-11,0.5310068196541627
0.09160740985476576,0.09179682424678572,1.143630264246213e-11,0.9979365910141865
0.005303957991626897,0.005347049532044289,1.143630264246213e-11,0.9919410620456852
0.6277088691057757,0.6574076459458232,1.143630264246213e-11,0.9548244121844379
0.02828427124746196,0.02833374123634519,1.0920763845630213e-11,0.9982540255284124
0.6537617231414626,1.2441687076373438,2.6186386959022517e-11,0.5254606703482726
0.027534094606720915,0.02753904727403497,1.0920763845630213e-11,0.9998201583640577
0.001602950358273611,0.0016041148596135234,1.0920763845630213e-11,0.9992740536421482
0.2403651296316146,0.24138130199367125,1.0920763845630213e-11,0.9957901778072136
0.028284271247461943,0.08640501642990919,2.672783733473782e-05,0.32734524471048315
0.13329067636048952,1.034671724361739,2.672783733473782e-05,0.12882412191433273
1.1304780537999868,1.551238198548591,2.672783733473782e-05,0.7287585200375503
0.05650035401975034,0.07752959653758353,2.672783733473782e-05,0.7287585198816432
2.2919194777395315,10.398957012834245,2.672783733473782e-05,0.2203989760618182
0.028284271247461957,0.03494619046503025,4.964202982030703e-10,0.8093663678667721
0.3672928932601312,0.9692008289840428,4.964202982030703e-10,0.3789646916059111
0.5823139843846168,0.6204952794194345,4.964202982030703e-10,0.9384664214197698
0.029103569205694513,0.031011838615033493,4.964202982030703e-10,0.9384664213874144
1.9465413582101228,4.068520629512352,4.964202982030703e-10,0.4784395940112101
0.028284271247461926,0.030158297035312417,2.2902919650928772e-11,0.9378603577762965
0.47929184257494667,0.9890834955070993,3.207849015938626e-11,0.4845817817728478
0.3037163282615205,0.3102476397097166,2.2902919650928772e-11,0.9789480704694253
0.015179489786952147,0.015505919307516637,2.2902919650928772e-11,0.9789480704696915
1.4044928859506884,1.975373517347963,2.2902919650928772e-11,0.7110011719891284
0.02828427124746191,0.028592910290833717,1.1594159713522304e-11,0.9892057492492903
0.5932428709518464,1.0976885838790909,2.7837618870642936e-11,0.540447336033506
0.10303085046679193,0.10341587990323924,1.1594159713522304e-11,0.9962768828461591
0.005149396317792072,0.005168639769172248,1.1594159713522304e-11,0.9962768828474077
0.5901375390988046,0.6245688069312633,1.1594159713522304e-11,0.9448719381269901
0.028284271247462023,0.028343830704574895,1.0942787208484322e-11,0.9978986800431581
0.6473611177027847,1.2097475495144923,2.6346425419117426e-11,0.5351208340637599
0.03101337143837386,0.03102476397097136,1.0942787208484322e-11,0.9996327922878588
0.0015500225414364866,0.0015505919307517043,1.0942787208484322e-11,0.999632792287948
0.2085907649906895,0.20968079606617687,1.0942787208484322e-11,0.9948014739740717
0.02828427124746191,0.08640501642465782,2.672783733473782e-05,0.32734524473037757
0.13329067636052408,1.0346717246407426,2.672783733473782e-05,0.12882412187962813
1.1304780537999535,1.551238198548495,2.672783733473782e-05,0.7287585200375739
0.05650035401974857,0.07752959653758068,2.672783733473782e-05,0.7287585198816472
2.502176561910314,10.742982739943354,2.672783733473782e-05,0.23291264842183926
0.028284271247461888,0.034946190465032896,4.964202982030703e-10,0.8093663678667088
0.3672928932601624,0.9692008289841094,4.964202982030703e-10,0.3789646916059173
0.5823139843845875,0.620495279419398,4.964202982030703e-10,0.9384664214197778
0.029103569205693014,0.031011838615031834,4.964202982030703e-10,0.9384664213874163
1.9179895767247044,4.1962502420210885,4.964202982030703e-10,0.4570722588271859
0.028284271247461936,0.03015829703531166,2.290291965092868e-11,0.9378603577763204
0.47929184257496454,0.989083495507127,3.207849015938537e-11,0.48458178177285227
0.3037163282615036,0.31024763970969926,2.290291965092868e-11,0.9789480704694254
0.01517948978695124,0.015505919307515844,2.290291965092868e-11,0.978948070469683
1.385175080279946,1.9538291536625814,2.290291965092868e-11,0.7089540442588567
0.028284271247461912,0.028592910290833422,1.15941597135223e-11,0.9892057492493006
0.5932428709518526,1.0976885838791046,2.7837618870642755e-11,0.5404473360335049
0.10303085046678577,0.10341587990323259,1.15941597135223e-11,0.9962768828461636
0.005149396317791736,0.005168639769171776,1.15941597135223e-11,0.9962768828474338
0.6064954662849598,0.6416954447794869,1.15941597135223e-11,0.9451453508344237
0.028284271247461967,0.028343830704574288,1.094278720848432e-11,0.9978986800431775
0.6473611177027865,1.2097475495144918,2.634642541911735e-11,0.5351208340637615
0.031013371438372045,0.031024763970970294,1.094278720848432e-11,0.9996327922878346
0.0015500225414364027,0.001550591930751651,1.094278720848432e-11,0.9996327922879282
0.19585443031385116,0.19686035003735847,1.094278720848432e-11,0.9948901862497125
0.012987673989320285,0.14639191421867767,2.730698433076485e-06,0.08871852013574688
0.027418422866342898,0.7236658080820916,2.730698433076485e-06,0.03788823868714907
0.6865209821715998,1.3769523637019017,2.730698433076485e-06,0.49858005278113293
0.034322847539490615,0.08020574298066623,2.730698433076485e-06,0.42793503636970504
2.2991127440580477,10.976379910223411,2.730698433076485e-06,0.2094600189554893
0.02828427124746196,0.03827190362462252,1.9451317485543433e-10,0.7390348681079207
0.26680168253962083,0.8100832291594334,1.9451317485543433e-10,0.3293509517737606
0.483656738487191,0.5507809454807652,1.9451317485543433e-10,0.8781290319784341
0.02498686018998371,0.03208229719226978,1.9451317485543433e-10,0.7788363794598937
1.9631907290365402,4.171431310721447,1.9451317485543433e-10,0.4706276054434197
0.028284271247461995,0.030014875270366954,1.8142100662672673e-11,0.9423417886192734
0.47508433399024713,0.9596835638378145,3.227402478394991e-11,0.4950426910411648
0.2689922065000494,0.2753904727403831,1.8142100662672673e-11,0.9767665664804408
0.014923072608192148,0.016041148596134695,1.8142100662672673e-11,0.9302995055970019
1.6037966957208967,2.174418038409487,1.8142100662672673e-11,0.7375751430456398
0.028284271247461967,0.028512691144294118,1.1436302642462129e-11,0.991988834176466
0.6109871547835168,1.1506201656345088,2.731957889280742e-11,0.5310068196541544
0.09160740985477506,0.09179682424679385,1.1436302642462129e-11,0.9979365910141994
0.005303957991627298,0.005347049532045051,1.1436302642462129e-11,0.991941062045619
0.6659419188155462,0.696352325182377,1.1436302642462129e-11,0.9563289942934187
0.028284271247461946,0.028333741236345997,1.0920763845630213e-11,0.9982540255283834
0.6537617231414633,1.2441687076373782,2.6186386959022517e-11,0.5254606703482586
0.027534094606723646,0.0275390472740374,1.0920763845630213e-11,0.9998201583640686
0.0016029503582736693,0.0016041148596135286,1.0920763845630213e-11,0.9992740536421814
0.2143507006546662,0.2153284449523514,1.0920763845630213e-11,0.9954592887256416
0.01298767398932252,0.14639191407641397,2.730698433076485e-06,0.08871852022197883
0.02741842286634766,0.7236658081986145,2.730698433076485e-06,0.03788823868105498
0.6865209821716363,1.3769523637019017,2.730698433076485e-06,0.49858005278115936
0.03432284753949244,0.08020574298066997,2.730698433076485e-06,0.4279350363697078
2.116114245391157,10.50593194026524,2.730698433076485e-06,0.20142089796726131
0.02828427124746198,0.03827190362462228,1.9451317485535756e-10,0.739034868107926
0.26680168253967546,0.8100832291594213,1.9451317485535756e-10,0.32935095177383295
0.48365673848721447,0.5507809454807592,1.9451317485535756e-10,0.8781290319784862
0.0249868601899852,0.03208229719226928,1.9451317485535756e-10,0.7788363794599523
1.876907291466608,3.917987165963537,1.9451317485535756e-10,0.47904886156129783
0.02828427124746193,0.0300148752703661,1.81421006626725e-11,0.9423417886192981
0.4750843339902305,0.9596835638377679,3.227402478395061e-11,0.4950426910411715
0.2689922065000434,0.2753904727403793,1.81421006626725e-11,0.9767665664804324
0.014923072608191739,0.0160411485961348,1.81421006626725e-11,0.9302995055969704
1.6588409294457005,2.299426743680264,1.81421006626725e-11,0.7214149935434354
0.028284271247461946,0.028512691144293043,1.143630264246212e-11,0.9919888341765026
0.6109871547835111,1.1506201656344819,2.7319578892807595e-11,0.5310068196541617
0.09160740985477342,0.09179682424679318,1.143630264246212e-11,0.9979365910141889
0.005303957991627242,0.005347049532044918,1.143630264246212e-11,0.9919410620456331
0.6643525139588836,0.6968484619959213,1.143630264246212e-11,0.9533672673339015
0.028284271247461953,0.028333741236344683,1.0920763845630213e-11,0.99825402552843
0.6537617231414617,1.2441687076373622,2.6186386959022588e-11,0.525460670348264
0.027534094606723118,0.027539047274037252,1.0920763845630213e-11,0.9998201583640548
0.0016029503582736385,0.001604114859613269,1.0920763845630213e-11,0.9992740536423238
0.21188204882063252,0.21281469313052834,1.0920763845630213e-11,0.9956175755716088
0.028284271247461943,0.08640501644463036,2.672783733473782e-05,0.32734524465471204
0.13329067636055209,1.0346717244679213,2.672783733473782e-05,0.1288241219011727
1.1304780537999124,1.551238198548385,2.672783733473782e-05,0.7287585200375991
0.05650035401974656,0.07752959653757437,2.672783733473782e-05,0.7287585198816806
2.5371578824819476,10.768092510798335,2.672783733473782e-05,0.23561813570394796
0.02828427124746189,0.03494619046503064,4.964202982030703e-10,0.8093663678667612
0.36729289326018705,0.9692008289841333,4.964202982030703e-10,0.3789646916059334
0.5823139843845505,0.6204952794193532,4.964202982030703e-10,0.9384664214197859
0.029103569205691175,0.031011838615029153,4.964202982030703e-10,0.9384664213874382
1.9513813175086716,4.178060525605419,4.964202982030703e-10,0.46705434388744477
0.028284271247461905,0.03015829703531114,2.290291965092868e-11,0.9378603577763355
0.47929184257497853,0.9890834955071435,3.207849015938475e-11,0.4845817817728584
0.3037163282614825,0.3102476397096771,2.290291965092868e-11,0.9789480704694273
0.015179489786950202,0.015505919307514587,2.290291965092868e-11,0.9789480704696956
1.3297531125093849,1.9288127352524358,2.290291965092868e-11,0.6894153528778686
0.028284271247461898,0.028592910290834075,1.1594159713522299e-11,0.9892057492492775
0.5932428709518572,1.0976885838791166,2.783761887064262e-11,0.5404473360335033
0.10303085046677843,0.10341587990322555,1.1594159713522299e-11,0.9962768828461603
0.005149396317791379,0.005168639769171623,1.1594159713522299e-11,0.996276882847394
0.604348795910038,0.6400445703150935,1.1594159713522299e-11,0.9442292364303903
0.028284271247461912,0.028343830704574732,1.094278720848432e-11,0.9978986800431598
0.6473611177027874,1.209747549514491,2.634642541911731e-11,0.5351208340637627
0.031013371438369776,0.031024763970967244,1.094278720848432e-11,0.9996327922878598
0.0015500225414362399,0.0015505919307516206,1.094278720848432e-11,0.9996327922878429
0.17603769379863152,0.1770904598606972,1.094278720848432e-11,0.9940552073618544
0.028284271247461922,0.0864050164272689,2.672783733473782e-05,0.32734524472048565
0.13329067636045874,1.034671724370397,2.672783733473782e-05,0.128824121913225
1.1304780537999974,1.5512381985486154,2.672783733473782e-05,0.7287585200375457
0.056500354019750794,0.07752959653758539,2.672783733473782e-05,0.7287585198816315
2.378569683073837,10.556748368397173,2.672783733473782e-05,0.2253127194159857
0.028284271247461978,0.03494619046503226,4.964202982030703e-10,0.8093663678667262
0.3672928932601044,0.969200828983938,4.964202982030703e-10,0.37896469160592444
0.582313984384625,0.6204952794194472,4.964202982030703e-10,0.9384664214197639
0.029103569205694946,0.031011838615033937,4.964202982030703e-10,0.938466421387415
1.9481634212284222,4.020647991716883,4.964202982030703e-10,0.4845396625722821
0.02828427124746195,0.030158297035312732,2.2902919650929056e-11,0.9378603577762875
0.4792918425749306,0.9890834955070676,3.2078490159386946e-11,0.48458178177284705
0.30371632826152556,0.3102476397097234,2.2902919650929056e-11,0.97894807046942
0.015179489786952346,0.015505919307516929,2.2902919650929056e-11,0.9789480704696859
1.4406788983266432,1.9898352457366077,2.2902919650929056e-11,0.7240191877259291
0.02828427124746197,0.028592910290833155,1.1594159713522312e-11,0.9892057492493118
0.5932428709518406,1.097688583879074,2.783761887064311e-11,0.540447336033509
0.10303085046679386,0.10341587990324085,1.1594159713522312e-11,0.9962768828461622
0.005149396317792118,0.005168639769172198,1.1594159713522312e-11,0.9962768828474261
0.579598051280339,0.6135065729008294,1.1594159713522312e-11,0.9447299782622353
0.028284271247461926,0.02834383070457506,1.0942787208484322e-11,0.9978986800431489
0.6473611177027827,1.2097475495144754,2.634642541911746e-11,0.5351208340637656
0.03101337143837461,0.031024763970971727,1.0942787208484322e-11,0.9996327922878712
0.0015500225414365235,0.001550591930751839,1.0942787208484322e-11,0.9996327922878849
0.1835063132351397,0.1844327514161553,1.0942787208484322e-11,0.9949768239431336
0.012987673989325196,0.14639191451647346,2.730698433076485e-06,0.08871851995530597
0.027418422866353164,0.7236658082608936,2.730698433076485e-06,0.0378882386778019
0.6865209821716207,1.3769523637018082,2.730698433076485e-06,0.4985800527811819
0.034322847539491684,0.08020574298065995,2.730698433076485e-06,0.42793503636975183
2.0459836670102436,9.667963054055514,2.730698433076485e-06,0.21162510195485232
0.028284271247461915,0.03827190362462542,1.9451317485539594e-10,0.7390348681078637
0.26680168253965353,0.8100832291594141,1.9451317485539594e-10,0.32935095177380885
0.4836567384871685,0.5507809454807239,1.9451317485539594e-10,0.878129031978459
0.024986860189982765,0.03208229719226786,1.9451317485539594e-10,0.778836379459911
2.000451797506171,4.243421446502624,1.9451317485539594e-10,0.47142425581011255
0.028284271247461943,0.030014875270366257,1.8142100662672637e-11,0.9423417886192936
0.47508433399024247,0.9596835638377438,3.227402478394991e-11,0.4950426910411964
0.268992206500028,0.2753904727403624,1.8142100662672637e-11,0.9767665664804364
0.014923072608191146,0.016041148596133533,1.8142100662672637e-11,0.9302995055970068
1.5461259877935045,2.1292861171168833,1.8142100662672637e-11,0.7261241105009434
0.028284271247461877,0.028512691144293174,1.1436302642462127e-11,0.9919888341764956
0.6109871547835146,1.150620165634465,2.731957889280742e-11,0.5310068196541726
0.09160740985476787,0.09179682424678805,1.1436302642462127e-11,0.9979365910141842
0.005303957991626973,0.005347049532044489,1.1436302642462127e-11,0.9919410620456626
0.6839864790643396,0.7162308772240963,1.1436302642462127e-11,0.9549804411047921
0.028284271247461912,0.02833374123634461,1.0920763845630213e-11,0.998254025528431
0.653761723141462,1.244168707637339,2.6186386959022517e-11,0.525460670348274
0.02753409460672149,0.02753904727403625,1.0920763845630213e-11,0.9998201583640322
0.0016029503582735527,0.0016041148596134542,1.0920763845630213e-11,0.9992740536421549
0.21604116659106004,0.21709821308401314,1.0920763845630213e-11,0.9951310216793722
0.00015536307749951982,0.15106332447326132,1.4184559509297077e-06,0.001028463249046393
0.00032798871916557733,0.7300219823397782,1.4184559509297077e-06,0.00044928608603585815
1.4127839973733685,5.476606388822354,1.4184559509297077e-06,0.25796705059118963
0.07060980164873835,0.27690540996506013,1.4184559509297077e-06,0.25499610736261125
2.461827628646638,13.137894293463626,1.4184559509297077e-06,0.18738372935999706
0.01752658409192311,0.15950506653832994,1.4068445930273833e-10,0.10988104937539006
0.03700056641628208,0.7452038892671184,2.959967090965515e-10,0.049651601325740286
1.280352674853756,2.190642555528942,1.4068445930273833e-10,0.584464440180935
0.06403123550553355,0.11076216398600322,1.4068445930273833e-10,0.5780966460137511
2.3557322263822447,5.262535209520981,1.4068445930273833e-10,0.44764208363304686
0.028284271247461936,0.0542741883134794,1.7077201874790047e-11,0.5211366973209496
0.18232163174040958,0.8094040643066561,6.804050857131331e-11,0.22525415893060552
0.9065212105480315,1.095321277764471,1.7077201874790047e-11,0.8276304212753205
0.04553952905932496,0.055381081993001575,1.7077201874790047e-11,0.8222939570786956
1.9042860067352145,2.6452892282215332,1.7077201874790047e-11,0.7198781843660604
0.028284271247461926,0.030684427624318226,1.1392205999754766e-11,0.9217793336006661
0.46665904872742076,1.0056757849268587,3.267617066169031e-11,0.46402534069303475
0.3561141919575468,0.3651070925881573,1.1392205999754766e-11,0.9753691428811695
0.017987470263096952,0.01846036066433382,1.1392205999754766e-11,0.9743834689995786
0.8764145974500454,0.9179659318724513,1.1392205999754766e-11,0.9547354286474986
0.02828427124746196,0.02856761871132373,1.0914093672768646e-11,0.9900815161835854
0.608179214752506,1.1756550778341335,2.7399542722076315e-11,0.5173109241129911
0.109280481925282,0.10953212777644707,1.0914093672768646e-11,0.9977025384581347
0.005524862603298327,0.005538108199300094,1.0914093672768646e-11,0.9976082814699359
0.2544847575122829,0.2556644925232262,1.0914093672768646e-11,0.9953856126077573
0.012987673989328945,0.146391914099944,2.730698433076485e-06,0.0887185202077627
0.027418422866361116,0.723665807906014,2.730698433076485e-06,0.03788823869639296
0.6865209821716808,1.3769523637017858,2.730698433076485e-06,0.49858005278123363
0.03432284753949467,0.08020574298067353,2.730698433076485e-06,0.42793503636971664
2.388975413971835,11.452739301485918,2.730698433076485e-06,0.20859423680951866
0.02828427124746195,0.03827190362461685,1.9451317485535756e-10,0.7390348681080301
0.26680168253967956,0.8100832291594273,1.9451317485535756e-10,0.3293509517738356
0.4836567384871691,0.5507809454807081,1.9451317485535756e-10,0.8781290319784854
0.024986860189982984,0.032082297192267996,1.9451317485535756e-10,0.7788363794599145
1.8851411694960638,4.0213262312642195,1.9451317485535756e-10,0.46878593306850797
0.02828427124746193,0.03001487527036612,1.81421006626725e-11,0.9423417886192975
0.4750843339902333,0.9596835638377552,3.2274024783950466e-11,0.4950426910411809
0.2689922065000198,0.27539047274035455,1.81421006626725e-11,0.9767665664804345
0.014923072608190742,0.01604114859613394,1.81421006626725e-11,0.9302995055969581
1.4530012192325603,2.03248717375765,1.81421006626725e-11,0.7148882600554178
0.028284271247461905,0.028512691144293643,1.143630264246212e-11,0.9919888341764803
0.6109871547835117,1.1506201656344615,2.7319578892807595e-11,0.5310068196541717
0.09160740985476558,0.09179682424678565,1.143630264246212e-11,0.9979365910141853
0.005303957991626936,0.00534704953204473,1.143630264246212e-11,0.9919410620456108
0.711326953240734,0.745061927375272,1.143630264246212e-11,0.9547219192190096
0.028284271247461953,0.028333741236344984,1.0920763845630211e-11,0.9982540255284194
0.6537617231414617,1.2441687076373353,2.6186386959022588e-11,0.5254606703482755
0.02753409460672062,0.027539047274035652,1.0920763845630211e-11,0.9998201583640222
0.0016029503582735828,0.001604114859613272,1.0920763845630211e-11,0.9992740536422872
0.2179041848553262,0.21885022836422383,1.0920763845630211e-11,0.9956772103188161
0.012987673989328126,0.1463919143003652,2.730698433076485e-06,0.08871852008629501
0.027418422866359426,0.7236658080467366,2.730698433076485e-06,0.037888238689022954
0.6865209821716476,1.3769523637017893,2.730698433076485e-06,0.49858005278120826
0.03432284753949298,0.08020574298067151,2.730698433076485e-06,0.4279350363697063
2.1584730537070107,10.501616397850539,2.730698433076485e-06,0.2055372213127881
0.02828427124746193,0.038271903624611664,1.9451317485535756e-10,0.7390348681081296
0.2668016825396734,0.8100832291593729,1.9451317485535756e-10,0.3293509517738501
0.4836567384871616,0.5507809454807064,1.9451317485535756e-10,0.8781290319784744
0.02498686018998261,0.03208229719226803,1.9451317485535756e-10,0.7788363794599019
2.080316883867921,4.3105556048436,1.9451317485535756e-10,0.4826099172761747
0.028284271247461985,0.030014875270365646,1.81421006626725e-11,0.9423417886193142
0.47508433399022887,0.959683563837744,3.227402478395075e-11,0.4950426910411821
0.2689922065000174,0.27539047274035305,1.81421006626725e-11,0.9767665664804309
0.014923072608190617,0.0160411485961348,1.81421006626725e-11,0.9302995055969004
1.55463103103571,2.1547856341012994,1.81421006626725e-11,0.7214782790605075
0.02828427124746194,0.02851269114429281,1.143630264246212e-11,0.9919888341765105
0.61098715478351,1.1506201656344626,2.7319578892807595e-11,0.5310068196541697
0.09160740985476476,0.09179682424678472,1.143630264246212e-11,0.9979365910141865
0.005303957991626903,0.00534704953204443,1.143630264246212e-11,0.9919410620456603
0.6700588098223436,0.7012183545939475,1.143630264246212e-11,0.9555637062728521
0.02828427124746194,0.028333741236344304,1.0920763845630213e-11,0.9982540255284428
0.6537617231414607,1.2441687076373245,2.6186386959022588e-11,0.5254606703482793
0.02753409460672046,0.027539047274035246,1.0920763845630213e-11,0.9998201583640312
0.0016029503582735641,0.0016041148596134156,1.0920763845630213e-11,0.9992740536421861
0.21209838888837448,0.2130182225127755,1.0920763845630213e-11,0.9956819017004714
0.0001553630774995358,0.1510633245157102,1.4184559509297077e-06,0.0010284632487575001
0.0003279887191655885,0.7300219822704866,1.4184559509297077e-06,0.0004492860860785184
1.4127839973733676,5.47660638882194,1.4184559509297077e-06,0.25796705059120895
0.07060980164873822,0.2769054099650609,1.4184559509297077e-06,0.25499610736261
2.3295855040265687,12.302831605804114,1.4184559509297077e-06,0.18935360400507625
0.01752658409192444,0.15950506653832866,1.4068445930273833e-10,0.10988104937539929
0.03700056641628483,0.7452038892671233,2.959967090965299e-10,0.04965160132574366
1.2803526748537553,2.1906425555289273,1.4068445930273833e-10,0.5844644401809387
0.0640312355055334,0.11076216398600199,1.4068445930273833e-10,0.5780966460137561
2.424038661379725,5.460874466103995,1.4068445930273833e-10,0.44389203165644836
0.02828427124746195,0.05427418831347857,1.707720187479013e-11,0.5211366973209579
0.18232163174041546,0.8094040643066683,6.804050857131141e-11,0.2252541589306094
0.9065212105480284,1.095321277764463,1.707720187479013e-11,0.8276304212753237
0.04553952905932478,0.05538108199300098,1.707720187479013e-11,0.8222939570787012
1.9363099203503829,2.7059483177173096,1.707720187479013e-11,0.715575352150044
0.02828427124746189,0.030684427624318115,1.139220599975477e-11,0.9217793336006683
0.4666590487274245,1.0056757849268712,3.267617066169009e-11,0.4640253406930327
0.3561141919575444,0.3651070925881544,1.139220599975477e-11,0.9753691428811708
0.01798747026309681,0.01846036066433372,1.139220599975477e-11,0.9743834689995762
0.8405704101382657,0.8817541513823454,1.139220599975477e-11,0.9532933968277723
0.028284271247461922,0.02856761871132393,1.0914093672768648e-11,0.9900815161835771
0.608179214752507,1.1756550778341304,2.739954272207627e-11,0.5173109241129933
0.10928048192528103,0.10953212777644587,1.0914093672768648e-11,0.9977025384581367
0.005524862603298317,0.005538108199299973,1.0914093672768648e-11,0.9976082814699556
0.27741215958500104,0.2786725630737288,1.0914093672768648e-11,0.9954771166747611
1.6050570405580002e-05,0.10171498493114908,1e-13,0.00015779946697573263
5.778205345975615e-05,0.8141012126410582,1e-13,7.097649845318752e-05
0.042144597249545265,0.11347512471831271,1e-13,0.3713994353754954
0.15172055009836305,0.8547228154850393,1e-13,0.17750848269127398
0.1334807835404366,0.1516258675623934,1e-13,0.8803298915042305
0.48053082074557135,0.9680917142827916,1e-13,0.49636910806696805
0.16794521886919264,0.17381026130342547,1e-13,0.9662560634208238
0.6046027879290934,1.024708881726076,1e-13,0.5900239557899285
0.1750089872668786,0.17920118619159586,1e-13,0.97660618763854
0.6300323541607632,1.0376845535295423,1e-13,0.6071520984077428
0.17633475447910496,0.18025128429353093,1e-13,0.9782718340688875
0.6348051161247777,1.040180122881803,1e-13,0.6102838365782841
0.17668830695635426,0.18053344888488576,1e-13,0.9787012215615329
0.6360779050428754,1.0408489558915681,1e-13,0.6111145151680776
