distance,bound,allowance,ratio
3.498918572357368e-05,3.498933585791097e-05,1e-11,0.9999957091401249
0.04054651509065193,0.12071699711748216,1e-11,0.33588074636409265
0.8751015327444693,1.236691149507436,1e-11,0.7076152627865212
0.0640715434297463,0.07817143048351193,1e-11,0.8196286422475075
0.36369577232859995,0.47636752651060604,1e-11,0.7634772567153619
0.48352563526599857,6.528436886110376,1e-11,0.07406453393073724
0.04931645599065235,1.1166449371432843,1e-11,0.04416484985533429
0.05747787624867119,0.09421038782221502,1e-11,0.6101012592914704
0.14165675541887562,0.24126268197582298,1e-11,0.5871473957711831
3.4893269558850197e-11,3.693066998622748e-11,1e-11,
0.00012104948204980162,0.00012105057901573021,1e-11,0.9999909379538908
0.16567845911598086,0.16789097572237568,1e-11,0.9868217061883455
0.8766191785062938,1.0933782437128579,1e-11,0.8017529007432042
0.06328476690131929,0.10831785886077908,1e-11,0.5842505341862342
0.03129179529658359,0.2683515146330303,1e-11,0.11660748529545287
1.6798843367894414,8.898077180558523,1e-11,0.18879183701168983
0.04646149098396994,0.14703127504222763,1e-11,0.3159973343809072
0.34208998843156524,0.7178052904704838,1e-11,0.4765776917126693
0.06928823766276063,0.0699184231643395,1e-11,0.9909868461979234
0.7874239078308529,2.7114547420746957,1e-11,0.2904064359297946
0.00011087623826201297,0.00011087709916076657,1e-11,0.9999922355584686
2.647017002893966e-11,1.973576438009264e-10,1e-11,
0.0067518854561982745,0.14540589201628998,1e-11,0.04643474457996415
0.11108153575704714,0.1555514177903099,1e-11,0.714114582399949
0.018454312313035064,0.06928695707060724,1e-11,0.2663461218859575
0.1689562310384154,10.601297320949515,1e-11,0.01593731653054729
0.11897212445636254,0.24492413984958905,1e-11,0.4857509126271702
0.04869748501014055,0.04892134566098493,1e-11,0.9954240700491828
0.605336803629149,1.020907288889217,1e-11,0.5929400350229419
0.020328233530518103,0.03537526695985551,1e-11,0.5746453745094545
0.00011568163144263618,0.0001156818576665992,1e-11,0.9999980444300637
0.03783977222921926,0.07918322615259929,1e-11,0.4778761117448752
0.36836555154648887,0.38987921393525693,1e-11,0.9448196733249272
1.324348192696752,1.8425126103672338,1e-11,0.7187729328120008
0.04019284594784994,0.04202556013561557,1e-11,0.9563904875544431
1.8083172135389782,10.328245721774687,1e-11,0.17508464285726325
0.021304981876634023,0.026231814499702584,1e-11,0.8121810207553724
2.739902708834103e-10,3.444611168333937e-10,1e-11,
0.3422276443099494,2.0122526060060375,1e-11,0.17007191010139142
0.022252609172655962,0.03823008564368845,1e-11,0.5820706074282554
0.00020057959513217368,0.0002005812718033442,1e-11,0.9999916409385808
1.3227731620697394,2.4588728012980483,1e-11,0.5379591662372459
0.2748492679657666,0.8938628319064819,1e-11,0.307484837891237
0.04857716144673735,0.0666468464270399,1e-11,0.7288741185963852
0.4524495621779662,2.0178974607952505,1e-11,0.22421831186588465
1.352939135428032,10.242275703887318,1e-11,0.13209360639594403
0.2154201613442079,0.25130356853024094,1e-11,0.8572109126985399
0.10795089352973726,0.10966127315166657,1e-11,0.9844030661620736
0.12425445564221367,0.13149753081487203,1e-11,0.9449185461675667
0.16818970989116513,0.17431371280160626,1e-11,0.9648679222534196
0.00026800737540979256,0.00026800926147460194,1e-11,0.9999929626879347
0.016122156294639475,0.3067955500132102,1e-11,0.05255016343602532
0.2235033435955454,0.3535503702594001,1e-11,0.6321683199809998
2.75027163543421e-06,2.9437279608397515e-06,1e-11,0.934281860287676
0.16396909764152773,2.3309442799407565,1e-11,0.07034449474085892
1.2598229360178872,9.050999535731547,1e-11,0.13919158111149565
0.7574454179143817,1.7329215640519697,1e-11,0.43709157622997075
0.07538198782492109,0.08217783809437325,1e-11,0.9173031266453154
0.02687634009763567,0.03775783250906963,1e-11,0.7118083404596869
0.09140976527025481,0.09630301114748349,1e-11,0.9491890666872824
8.945503641117506e-05,8.945506993126754e-05,1e-11,0.9999996252857161
0.2183790528518386,3.44135823244047,1e-11,0.06345722767053319
0.018909112521253723,0.03198424965000527,1e-11,0.5912007543766344
0.04841513986466953,0.06239939365432817,1e-11,0.7758911910726771
0.419396376776351,1.212146993459803,1e-11,0.3459946516711456
1.3721115231735395e-10,1.4273711601796415e-10,1e-11,
0.9359064434388841,1.114269148994491,1e-11,0.839928525602131
0.12683433390403165,0.31188386818284547,1e-11,0.4066716712314007
0.038379030726648236,0.09285546733723311,1e-11,0.4133200965675291
0.03497843818285069,0.1407884930472952,1e-11,0.24844671198448262
0.0001483488913494657,0.00014834948699445793,1e-11,0.9999959848530365
0.039884684431956634,0.04279222025613897,1e-11,0.932054569574122
0.434440714838376,1.09701410681443,1e-11,0.3960210831745172
0.005889179524518121,0.03531267900915621,1e-11,0.1667723800562149
0.5217025150835495,0.5882489433894287,1e-11,0.8868736968358232
0.6719378055578223,7.985670506909054,1e-11,0.08414294140692058
0.11838484748764422,0.24450736439883047,1e-11,0.4841770217380433
0.025312817530155015,0.04337036982622921,1e-11,0.5836431100674294
1.1104663707875444,2.2558783847645194,1e-11,0.4922545374286481
0.30173706270969025,0.32163769230604966,1e-11,0.9381271844923472
0.00010686663123682158,0.00010686751829461604,1e-11,0.9999916994629555
0.1612631326778222,0.5617566149475475,1e-11,0.28706939693603734
0.1539267130198581,0.23793631481609276,1e-11,0.646924002075228
0.035837531742586665,0.03796645258176331,1e-11,0.9439262639934065
0.5263198565874971,2.017792201054067,1e-11,0.26083947411064173
0.5232199705917319,5.211813625494131,1e-11,0.1003911513704839
0.06141314554414319,0.06752257627853701,1e-11,0.9095201772338803
0.7596291436630322,1.0183048024833243,1e-11,0.7459742326762442
0.16524350520369732,0.26356953854432247,1e-11,0.6269446238602782
0.06577689623701355,0.06779018747343844,1e-11,0.9703011407482279
6.418472874840663e-05,6.418523379973169e-05,1e-11,0.9999921313471158
0.2861180213174157,0.34667351542218305,1e-11,0.8253241409831318
0.025078106025831243,0.06381159715065453,1e-11,0.3930023247439437
0.16504875579758735,0.6463906851541237,1e-11,0.25533900717989705
0.0016491411514394205,0.003147467917498242,1e-11,0.5239580496662335
0.7581700110269357,11.316926926886392,1e-11,0.06699433653014934
0.033481425548556466,0.05107620912259982,1e-11,0.6555190004056479
0.29870726108226564,1.006315147826025,1e-11,0.2968327185848017
0.0727158314491359,0.0786697158152877,1e-11,0.9243179627071337
0.23805208314970686,0.5459779723598054,1e-11,0.43601041653898076
0.0002986187052081723,0.0002986208314510089,1e-11,0.9999928797906488
0.522524378731199,0.9328902876452074,1e-11,0.5601134298976891
0.11617557430352336,0.12075773692460844,1e-11,0.9620549147592439
1.068085158381052,1.9265742329294453,1e-11,0.5543960570660073
0.06290927943130624,0.06763501054346961,1e-11,0.9301289217789638
0.30290699866728205,8.317272095664642,1e-11,0.03641903200752223
0.46393984529028215,1.073099467963813,1e-11,0.43233629233886367
0.1609224490784958,0.47289896225112243,1e-11,0.34028928359762717
0.012315670374280933,0.01774996816351227,1e-11,0.6938418289446652
0.9905142118264977,1.5553394215342469,1e-11,0.6368476218839848
6.164233327755047e-05,6.1643110365827e-05,1e-11,0.9999873937529772
0.2768783905158996,0.2795805227416862,1e-11,0.9903350483814525
0.02829438502061079,0.06910811118352415,1e-11,0.4094220567752453
0.35309104666047825,0.8611688971197946,1e-11,0.41001370096087064
0.0400395712116237,0.04174552518712728,1e-11,0.9591344469172081
1.2269573716770024,8.24625466699813,1e-11,0.14878965314851833
0.9450088985505373,2.7748514478346897,1e-11,0.34056197829543616
0.0380448516367235,0.03889754873973702,1e-11,0.9780783846118709
1.1314661890705688,2.639001087046973,1e-11,0.4287479056466297
0.5023610002649078,0.5313943534277046,1e-11,0.9453638282463483
0.0002589194373494467,0.0002589222372406545,1e-11,0.9999891863625247
0.005186131748533567,0.17093702280727488,1e-11,0.03033942947737388
0.10415257334452323,0.10493695460616392,1e-11,0.9925252141670726
0.20042348684923594,0.29331313973723744,1e-11,0.6833089272058659
0.0566550585679623,0.2571262961608663,1e-11,0.22033941846429086
2.5477703292093385e-08,9.547139066302353e-08,1e-11,0.2668621784511306
0.022347453483175257,0.02241421691227734,1e-11,0.997021380253284
1.0008986436431195,1.2733398062380412,1e-11,0.7860420594249522
1.4002080571238238,3.4158258464275573,1e-11,0.40991787054607365
2.105454181718012e-06,2.438545157998072e-06,1e-11,0.8634058609956146
4.4929500223129875e-05,4.493041401777059e-05,1e-11,0.9999796620026613
0.4114529996520729,0.8448139870256822,1e-11,0.48703383936701417
0.045219416341204174,0.04649458125128901,1e-11,0.972573902683563
0.40623307872759123,2.0968900532797003,1e-11,0.19373122500734402
0.17483189673738217,0.18876051209711567,1e-11,0.9262101209358483
1.60575343902656,9.533474971843827,1e-11,0.16843317297931695
1.4573185657030638,3.2087458753152487,1e-11,0.45417076400912776
0.2390654521485259,0.33897746542924145,1e-11,0.7052547043084453
0.7688057497834768,1.2225066791889747,1e-11,0.6288765230252252
0.02965988698542027,0.044822508806454,1e-11,0.6617185823643486
0.0001854956110222102,0.0001854973140330322,1e-11,0.9999908192157342
0.03501305748728536,0.03526468600620273,1e-11,0.9928645750915488
0.14532542770556428,0.4301498919675437,1e-11,0.337848341750902
0.8276295966239293,1.062547272523115,1e-11,0.7789108475697722
0.21473655240479303,0.2893919480417933,1e-11,0.7420267006661198
0.7233543453843132,10.659752973970136,1e-11,0.06785845292575349
0.41140007952810864,0.7226381861500936,1e-11,0.5693029892592196
0.050609177896929355,0.05587294063387371,1e-11,0.9057904832423813
0.2238931821330955,0.9515375686167941,1e-11,0.23529620849186084
1.6273692687217373e-10,2.868350467098727e-10,1e-11,
9.767707278588301e-05,9.767835135830036e-05,1e-11,0.9999869103808616
0.2465247385185839,1.271418214257117,1e-11,0.193897441262179
0.693065400554635,0.8902867654651366,1e-11,0.7784743382010605
3.109850516482655e-06,3.114719340661087e-06,1e-11,0.9984368337413674
0.04881957439315199,0.050567605327677054,1e-11,0.9654318031633521
0.7641998017542603,8.244062242271516,1e-11,0.09269699564321794
0.13649684797703787,0.20688433083329685,1e-11,0.659773736499282
0.06347381764554841,0.06666997571803031,1e-11,0.9520600084511877
0.09879201957978367,0.12517104051594563,1e-11,0.7892561983392515
0.09111839728287434,0.2511920881540408,1e-11,0.3627438983149699
0.00015882967030338518,0.00015883123071226641,1e-11,0.9999901756797184
0.050420051677415895,0.05431694362988293,1e-11,0.9282564207032605
0.28793911101498204,0.36204784169943116,1e-11,0.7953068016188493
0.0048463777640625335,0.038804437257796275,1e-11,0.12489236042429241
0.00131687645494108,0.04032478717805007,1e-11,0.032656749039407046
1.446887962992282,11.578843661634846,1e-11,0.1249596250950669
0.4856627445411272,0.5271277142903704,1e-11,0.9213379061181327
0.023083087065860073,0.02931993368958429,1e-11,0.7872830583535796
1.0020452217876963,2.348553917517771,1e-11,0.4266647720171466
0.3314825036764184,0.44825169778339236,1e-11,0.7395008324912133
0.00014111176790128016,0.00014111331305995058,1e-11,0.9999890502275305
0.1940753320455659,0.21001133756222398,1e-11,0.9241183561723832
0.01715575290565187,0.02889057001282617,1e-11,0.5938184292672471
0.0290829202184185,0.18040906784887026,1e-11,0.16120542368070676
0.4334020282841069,0.7661324111430706,1e-11,0.5657012051447745
1.534527314790424,9.168051331201813,1e-11,0.16737769667234917
0.02080625927363095,0.09529178197623026,1e-11,0.2183426402795248
0.051014274541420775,0.05717123361930555,1e-11,0.8923066953761568
0.0934787143798277,0.10062444776654571,1e-11,0.928986110778004
0.026161322953511187,0.030869046510047318,1e-11,0.8474937165615449
5.0407167062437506e-05,5.040758712146449e-05,1e-11,0.9999916667499682
0.31473759173423643,0.7073764175316852,1e-11,0.44493650612849067
0.054070326335558826,0.3864416876303108,1e-11,0.1399184613521437
0.021998640717948357,0.12253432841336533,1e-11,0.1795304303928341
0.0327952589791634,0.05456320136258146,1e-11,0.6010508577243021
1.3512955129233457,10.32789825392403,1e-11,0.13083935179260003
0.051877257582957685,0.05295628953667502,1e-11,0.9796241020064284
0.482938077845708,1.7983829108053793,1e-11,0.26854018404202434
0.061292030370917856,0.06159288915577476,1e-11,0.9951153649555876
0.0685068204220087,0.13189791389867217,1e-11,0.5193927515384181
0.0005536242165222553,0.0005536291797573484,1e-11,0.9999910350912224
0.09787047004352988,0.2417215486173802,1e-11,0.4048893059114417
0.5399988131254477,0.5726571614496979,1e-11,0.9429705057008724
0.4258622377785272,2.6065642563908242,1e-11,0.1633806788896111
1.0255010416277206,2.04330621578157,1e-11,0.5018831899532317
1.1328267665400784,8.427440851078353,1e-11,0.13442120645618352
0.0030693974109602122,0.03716828392532853,1e-11,0.08258109029533522
0.031094592955912208,0.07673923959278103,1e-11,0.4051980853721845
0.061915761956133,0.20011961422507984,1e-11,0.30939377030027
0.029388824882678154,0.03397654882403166,1e-11,0.8649738098735738
0.00011707106334759719,0.00011707205833147692,1e-11,0.9999915010986062
0.039939272710058274,1.5538394308696655,1e-11,0.02570360354911623
0.08762332094369904,0.10077142657777911,1e-11,0.8695254589461242
0.1330528853688723,0.1367462299810576,1e-11,0.9729912509273791
0.004924657997844304,0.016685914424094457,1e-11,0.2951386344600389
1.448646773657922,10.21178360266169,1e-11,0.14186030864190405
0.010142980882273365,0.01562692784103722,1e-11,0.6490706929379495
0.05809406553384205,0.06879699263839278,1e-11,0.8444273987264689
0.047994179373658,0.12969436871422158,1e-11,0.37005600049923537
0.03830319312468994,0.043097221610333594,1e-11,0.8887624699107245
4.2868605305538586e-05,4.2868962721635495e-05,1e-11,0.9999916625905033
0.4578926760851434,2.859331574522886,1e-11,0.16013976139215275
0.024705112470855575,0.025008319476351078,1e-11,0.9878757544751366
0.013682694539973127,0.0875513817063094,1e-11,0.15628188011779925
0.7947306604746462,1.0216481233889327,1e-11,0.7778907847825597
0.2141029358144284,3.2034142689859464,1e-11,0.06683585631970215
0.4808655696883952,0.5468095625512667,1e-11,0.8794022683963417
0.006198080520742219,0.0542370693722612,1e-11,0.11427757053392973
0.24055370937923384,0.3177450530334761,1e-11,0.757065159890594
0.2994415136527611,0.9509982902245295,1e-11,0.3148707171514087
0.00010985749980071008,0.00010985769107611279,1e-11,0.9999982588801856
0.10282114474747267,0.10793136310729616,1e-11,0.9526530730947653
0.04495519512572841,0.04497563178394712,1e-11,0.9995456059779909
0.039557599849501274,0.04639416884099718,1e-11,0.8526416322937845
1.248341648117023,1.974772161478619,1e-11,0.6321446455789219
0.6103889034586116,10.059839140651935,1e-11,0.06067581150398544
0.35884628243882094,0.47295467595060264,1e-11,0.7587329202688765
0.10011927015497832,0.2887353156063077,1e-11,0.34675103717306105
0.08247008510211187,0.1014074449679099,1e-11,0.8132547381329772
0.018727383047686005,0.030162644841208765,1e-11,0.6208800039345458
0.00035115961025784564,0.0003511631872599557,1e-11,0.9999898138465539
0.026320930030964463,0.35817382053442565,1e-11,0.07348647087520636
0.20513900924219283,0.3018779922920968,1e-11,0.6795427771485262
0.04796684848953792,0.10094080289994149,1e-11,0.4751978101173368
0.5791260218369887,2.0699166375749205,1e-11,0.27978229235138813
1.8000575870390472,11.413100616693486,1e-11,0.157718541831321
0.003130003632270925,0.03769375537877352,1e-11,0.08303772337933522
1.158639406371913,2.271433998567731,1e-11,0.5100916016501036
0.8974844326574899,1.085357479940626,1e-11,0.826902149056536
0.7048513467895564,0.8888396305109231,1e-11,0.793001709863447
0.0002026653198704209,0.0002026667861891185,1e-11,0.9999927648791143
0.06815524191121791,0.10399730079969634,1e-11,0.6553558735383728
0.15319151314938395,0.15655637170325523,1e-11,0.9785070481816658
0.041854641299857026,0.054305996267199806,1e-11,0.7707185978859713
0.3346738164698246,0.5305601932690092,1e-11,0.6307933024672573
1.0696466376710658,9.098296401990465,1e-11,0.11756559584463039
0.5602770454022908,0.6219916594556595,1e-11,0.9007790327809562
0.578449312333874,0.8600006673542381,1e-11,0.6726149575132925
0.17382090887939933,0.41038846740615775,1e-11,0.4235521284943184
0.23978245707783244,0.24328380176220307,1e-11,0.9856079826975369
9.389893893998863e-05,9.389973093141845e-05,1e-11,0.9999915655623082
0.18667353350555477,2.014769935375528,1e-11,0.09265253080658123
0.04346197946993257,0.0471551633751635,1e-11,0.9216801800505241
0.2623257329915778,2.7640858979208742,1e-11,0.0949050581926189
0.11273506796679507,0.34999557742063225,1e-11,0.3221042642813387
0.8414488693124241,10.029377783056178,1e-11,0.083898411996603
1.5036380985038813,2.5222390879642385,1e-11,0.5961520879122941
3.815111430857154e-08,4.989438939900168e-08,1e-11,0.7646373623992059
0.21040193548786792,0.27076755625928245,1e-11,0.7770574081866388
0.4993695168035265,2.788232733015662,1e-11,0.1790989363586678
0.00015960377257012544,0.00015960510259934813,1e-11,0.9999916667499908
0.04388557149465845,0.04656345670486235,1e-11,0.9424895529733242
1.2543196766303095,1.729009473021557,1e-11,0.7254556416271705
0.31679954265896687,0.6106127316385801,1e-11,0.5188223668524481
0.09470349416086397,0.13928350746208584,1e-11,0.6799332949498208
1.748117777888872,8.860998595735255,1e-11,0.19728225425182105
0.5933816451055611,1.2185770092895825,1e-11,0.4869463649667052
0.35431163839108876,0.38736934453405136,1e-11,0.9146610163932146
0.045886320178462545,0.3153294731373411,1e-11,0.1455186529883201
0.11946939472157228,2.321813323292941,1e-11,0.05145521111582447
0.00034333979263640596,0.000343342270474041,1e-11,0.9999927831850368
0.003973313530059138,0.05488055345152032,1e-11,0.07239929775068746
0.02633715294565871,0.04723810985244635,1e-11,0.5575403636581951
0.21525744304572267,0.5125396235582094,1e-11,0.41998205241448183
0.7879738480483419,1.011703147082851,1e-11,0.7788587495456438
0.31787072267547983,2.4684379094545905,1e-11,0.12877404023733957
0.028791827766405122,0.029635725312781146,1e-11,0.9715243160925077
0.12217316093990041,0.1278813328711814,1e-11,0.9553635248935747
0.009859549401244241,0.04017935517579343,1e-11,0.24538844284848688
0.12586295087170699,0.13725896176781974,1e-11,0.9169743763952575
0.00013266369897041436,0.00013266428306563788,1e-11,0.99999559719308
0.1731075100524278,1.8950385630242745,1e-11,0.09134775061050321
0.38007331152135465,1.0753510217430797,1e-11,0.3534411590601165
0.03688365595599642,0.09566828644699885,1e-11,0.3855369143298111
0.11396561198025484,0.2475293624219555,1e-11,0.4604124975928361
0.5788888434824072,8.311718561673443,1e-11,0.06964731050347985
0.0900759629036551,0.1283783587224468,1e-11,0.701644450046279
0.2542179320765163,0.2800830982783493,1e-11,0.907651813476699
0.05228529737562214,0.05645537972546023,1e-11,0.926134898567382
0.1408845036388355,0.1514569294108513,1e-11,0.9301951662882563
5.576358698689283e-06,5.5764051682686464e-06,1e-11,0.9999916667498215
0.5439073014250171,0.8306251937444763,1e-11,0.6548167639523083
0.5343526041228199,1.3833277692064574,1e-11,0.386280544653094
0.13177191506402283,0.13642072021925575,1e-11,0.9659230273248716
0.67770971399586,0.8632995626539886,1e-11,0.7850226541438511
1.004243887032778,9.00869117367015,1e-11,0.11147500426786724
0.3322848124845386,0.9010297405663792,1e-11,0.36878340139546045
0.3865768287349777,0.5193004775931648,1e-11,0.7444183963139608
0.9314588799453244,1.62437298906952,1e-11,0.5734267229344207
0.2970699271560109,1.7082791105545516,1e-11,0.1739001111238633
0.0002195856623126931,0.0002195874942966938,1e-11,0.9999916571569498
2.3130325037745498e-06,2.383604405265693e-06,1e-11,0.970392779382669
0.1974985919721794,0.5073985561606299,1e-11,0.38923759158206234
0.4939751769840655,0.6295927300467535,1e-11,0.7845947918543833
0.19316253306177117,0.20382755702814978,1e-11,0.9476762410251245
0.9056930281069779,9.860617780437495,1e-11,0.0918495218325757
0.009298643761199588,0.07140681369832681,1e-11,0.13022067894646128
0.05068620787646003,0.13795981107527688,1e-11,0.367398356676521
0.13866918995722163,0.1431912911931813,1e-11,0.9684191601439026
0.08490364448777497,0.2863550910026681,1e-11,0.29649776503182157
1.4891413333055239e-05,1.4891537427945127e-05,1e-11,0.9999916667509658
0.04552952778562869,0.049633430038418226,1e-11,0.9173157637984528
0.472013540487998,0.5787699657781935,1e-11,0.815546017239069
1.2980861820000276,2.739479251804983,1e-11,0.473844137036171
0.12699749902297913,0.1285566126347023,1e-11,0.9878721632456711
1.1238397897861143,6.408257618771428,1e-11,0.17537369073523196
0.04425766937570292,0.06850469281507489,1e-11,0.6460531031819143
0.08890032344357808,0.1065464554161031,1e-11,0.8343808632243055
0.4072710150038825,0.8650767974465678,1e-11,0.4707917449711023
0.10950188380307839,0.49671976662273615,1e-11,0.2204500226507922
0.00011720199494722319,0.00011720273722490041,1e-11,0.9999936667206347
0.03728766096497927,0.04603817644481839,1e-11,0.809929146730485
0.003791642227878193,0.04794238554283977,1e-11,0.07908747520479771
0.48315089631750185,0.5378940665686097,1e-11,0.8982268560790581
1.2260513447726962,2.9234982772005913,1e-11,0.4193781656497869
2.610490285260947e-06,2.879579427898088e-06,1e-11,0.9065526236122756
0.032578372074528225,0.0829804087449356,1e-11,0.392603176668692
0.04356558473047086,0.049282353741709084,1e-11,0.8839996758028228
0.0326736417692189,0.04597399823299771,1e-11,0.7106982865320485
0.40999895493683436,0.9454593930877483,1e-11,0.43365051734039123
1.4418083821687836e-05,1.4418363438690264e-05,1e-11,0.9999806068834638
0.28754559453335254,0.30881369762488187,1e-11,0.9311296640819222
0.1509113988429432,0.3295354797284863,1e-11,0.45795189934414166
0.08074718245169187,0.09620144299152798,1e-11,0.8393552106988966
0.09614030333969968,0.10157518615134535,1e-11,0.9464939911254725
1.0429313646458538,7.150612440229495,1e-11,0.14585203342559863
1.707753187621472,3.5229329319812366,1e-11,0.48475324980457724
0.8334637451957901,1.2136038246169685,1e-11,0.6867675663916466
0.19041713505409852,0.2053683993791106,1e-11,0.9271978338916105
1.060673859779009,2.5959221803148003,1e-11,0.40859231752871117
0.0002306389657006847,0.00023064001505766288,1e-11,0.9999954502388585
0.07451665592975092,0.07469490634900733,1e-11,0.9976136201520416
0.19268655700255025,0.4310788176409657,1e-11,0.4469868365534812
0.11108766316326825,0.14750317001572297,1e-11,0.7531205136230426
0.021549704499625545,0.056159332330686866,1e-11,0.3837243714496628
3.4162827627489865e-06,3.4951964880322757e-06,1e-11,0.9774222349005288
0.49724993180497556,0.523494161464364,1e-11,0.9498671970171056
0.8411078717510729,1.3513875584980009,1e-11,0.6224031488686502
0.02813533210693966,0.04577628703959002,1e-11,0.614626784444238
0.41594391829773697,0.5339929647812567,1e-11,0.7789314573987375
0.00015173446918974627,0.00015173556652132089,1e-11,0.9999927681320882
0.20133479690381273,0.23395635211063406,1e-11,0.8605656358011808
0.20387576763886578,0.5290756077797145,1e-11,0.38534335100882466
0.005344476839005841,0.0895415191190724,1e-11,0.05968713610832033
0.12743950243741672,0.20310146122145226,1e-11,0.6274671864544721
1.5880621314139793,9.864211592826823,1e-11,0.16099230196651557
0.23653178487761498,0.7350440698918232,1e-11,0.32179265783672734
1.0753608897625664e-10,1.617566926404107e-10,1e-11,
0.6809348447209937,1.1600221966382958,1e-11,0.5870015648789475
0.5149550524081112,0.5702983595826566,1e-11,0.9029572744781424
2.8416166009424096e-05,2.8416477631440635e-05,1e-11,0.9999890337563797
3.924409731462816e-12,1.029051025965605e-11,1e-11,
1.0205579829349638,3.259364439669886,1e-11,0.31311564012716775
0.05275428132327726,0.06733751329171267,1e-11,0.7834307913145021
0.8325276754049958,1.3038250096352064,1e-11,0.6385271560620903
0.47384202539845266,4.661983840238359,1e-11,0.10163956839760858
0.034092860379291406,0.03556923877419901,1e-11,0.9584928312837967
0.034919195644053866,0.03519761451314524,1e-11,0.9920898369692812
0.674063622001863,1.5728585646703395,1e-11,0.42855959025352175
1.4008559155678122e-06,2.459403810102553e-06,1e-11,0.5695916668151372
0.00017089967725727605,0.00017090151060759204,1e-11,0.9999892724744827
0.7327735739621115,2.5279229138806376,1e-11,0.28987180342347707
0.04118483139767056,0.09984858395726638,1e-11,0.4124728640648226
0.48132451966419504,0.5167448986029985,1e-11,0.9314548067439828
0.9807580205005691,1.1449905026469933,1e-11,0.8565643280300135
1.1396568383627503,10.088601806318126,1e-11,0.11296479534448714
0.04508425466949767,0.05783649236747728,1e-11,0.7795122564322301
0.008102350270837057,0.08723382568593015,1e-11,0.09288083157109406
0.1302870547136943,2.2730184718453033,1e-11,0.05731895993257083
0.09215216722917226,0.09252857642940628,1e-11,0.9959319681037004
7.388543492285381e-05,7.388568042339519e-05,1e-11,0.9999966772920007
0.13559869592101725,0.8830620649568833,1e-11,0.15355511384993992
0.11080538371131568,0.12437878168919946,1e-11,0.8908704700790422
0.08177818056409447,0.08216494960454622,1e-11,0.995292773350276
0.4530946868233045,0.4836923953838607,1e-11,0.9367413900806241
1.8118392243081802,12.006710706641966,1e-11,0.15090221365172835
0.9382989978511165,1.6846301771336274,1e-11,0.5569762494980459
0.06045162819384706,0.1691602813397626,1e-11,0.35736301521294156
0.13662086343994276,0.7599823526134707,1e-11,0.17976846826787904
0.3401393162791089,0.9964902213541842,1e-11,0.3413373347676963
0.0001315890353880294,0.00013158925119069183,1e-11,0.9999983600281903
0.2560316961230759,0.27045798208687144,1e-11,0.9466597885095446
0.304503192474653,0.3335947978021272,1e-11,0.9127935881520252
0.12439838473415368,0.28183877772963295,1e-11,0.44138136609962403
0.0006340869411801572,0.0010752808927603314,1e-11,0.5896942328737989
1.2553875007873778,9.457199882736624,1e-11,0.1327441014627373
0.08682889523572163,0.09121780377400014,1e-11,0.9518853956498184
0.05914482074859123,0.25567626572454616,1e-11,0.2313269891555407
0.7969171654654162,2.38344267907989,1e-11,0.3343554986491473
0.6712067390081419,0.8225796630058846,1e-11,0.8159777942423313
0.0001894719660595841,0.00018947372156440242,1e-11,0.9999907348375078
0.5858621130885572,1.5339209168003225,1e-11,0.38193762577449847
0.42905206077009206,1.2461889905788393,1e-11,0.34429132660753387
0.0180390506757612,0.021406390513989817,1e-11,0.8426946459736898
0.02221831739673681,0.381929348336001,1e-11,0.05817389392446041
1.3854346432499853,12.344347677148589,1e-11,0.11223230902793284
0.20464013663525063,0.511546420290962,1e-11,0.4000421633658458
0.13586449124562067,0.3126061000172684,1e-11,0.43461881018353604
0.19560679584216534,0.2263157022923926,1e-11,0.8643094308562278
0.0023493951523521363,0.016226422417204966,1e-11,0.1447882405588714
0.00027698935277506947,0.00027699166101581796,1e-11,0.9999916667500385
0.5265737626027165,0.5770674985163012,1e-11,0.9124994285011558
0.13089194825843245,1.9830534420546195,1e-11,0.06600525506908012
2.87152887441465e-10,3.013746931619246e-10,1e-11,
1.0738477412809846,2.0334156186093097,1e-11,0.528100468715495
1.1559757550766743,8.134827927881439,1e-11,0.14210205370351653
0.8896974018521296,1.6724821086921777,1e-11,0.5319622836191903
0.007772583164556479,0.03158734219413447,1e-11,0.24606638687061771
0.294889581671455,0.31354183360228305,1e-11,0.9405111218604157
0.009031834697977843,0.07175986086886064,1e-11,0.12586193156761125
0.00027276883830459626,0.00027277095597951184,1e-11,0.9999922364354813
0.49552866951438895,0.7577657554542361,1e-11,0.6539338389834581
1.022052336250483,1.411716563768578,1e-11,0.7239784263224296
0.021708571127672972,0.06926363198862309,1e-11,0.31341947432440037
0.12946491166684848,0.13028468377902,1e-11,0.9937078397214982
1.452608141541669,10.606575818139858,1e-11,0.13695354339119994
0.010598729147808433,0.028767118592628687,1e-11,0.3684320733646317
0.2499049653475353,0.2635779069086507,1e-11,0.9481256159839904
0.7715322176631312,0.9634631206076325,1e-11,0.800790607508199
0.08633643105383919,0.08648151390972972,1e-11,0.9983223830234752
4.410540962968324e-05,4.410560592801981e-05,1e-11,0.9999955493563134
0.033187459867585825,0.0349073234981114,1e-11,0.9507305786243214
0.03730218586648713,1.1001634176412451,1e-11,0.03390604092841331
0.3966158351932671,0.5871514380392916,1e-11,0.6754915503872545
0.03719699318788137,0.04820848723560265,1e-11,0.7715859866353754
1.4229580007910307,8.738354183191044,1e-11,0.16284050416818874
1.2597423193831334,2.291501415645396,1e-11,0.5497453812518505
0.030478096064936105,0.030645874821626146,1e-11,0.9945252417277498
0.4480249825808175,0.46493127296091713,1e-11,0.9636370118266474
0.004997297660227442,0.012385350094008964,1e-11,0.40348457026214646
0.0002593401732417936,0.00025934182792512544,1e-11,0.9999936196820041
0.020020906043205406,0.048054445575054096,1e-11,0.4166296334006319
0.029263275781106476,0.05424046631293448,1e-11,0.5395100331968974
0.2740207967194629,0.3230366909096959,1e-11,0.8482652417835246
0.012650335320052348,0.035718011085977976,1e-11,0.3541724450894345
1.2781455804864066,9.521726087456244,1e-11,0.1342346512330588
0.2516548967494264,0.546395736494347,1e-11,0.46057258492541336
0.06723420157276985,0.07087249956720193,1e-11,0.9486641783957089
0.17806800982820448,0.34454854028226695,1e-11,0.5168154527148034
1.340515281916939,2.8204152524600627,1e-11,0.4752900413326356
5.970477022850239e-05,5.97052389434692e-05,1e-11,0.9999921495169417
0.7709424419971462,0.9995802721963621,1e-11,0.7712661638501193
0.21150885557505017,0.8106990512705993,1e-11,0.26089688305858355
0.08595011418543028,0.11267392220005645,1e-11,0.7628217116008695
0.14782714954269008,0.14882588394064677,1e-11,0.9932892426269412
1.8503074417961816,11.326046713594145,1e-11,0.16336745632307348
0.3841988168778468,2.450223811658067,1e-11,0.1568015195386822
0.03545822054213531,0.03995820557792468,1e-11,0.8873827047359846
0.4240408740183567,0.5804754067232555,1e-11,0.7305061835643285
0.6086531655045977,0.676295092652072,1e-11,0.8999816383670353
0.00012903708419268007,0.00012903843809230648,1e-11,0.9999895077804224
0.208895938354261,0.22340526111441406,1e-11,0.9350538000413415
0.006616852445410898,0.042062424633851916,1e-11,0.15731029542423577
0.021547398393937153,0.035520247866475146,1e-11,0.6066229738862295
0.0026627806558843724,0.03135453064275391,1e-11,0.08492490881855207
1.2065556980457737,8.961333742155439,1e-11,0.134640192270706
0.19389381810913445,0.22428910263756074,1e-11,0.8644816704378926
0.17697806798929883,0.32058026286482577,1e-11,0.5520554085512198
0.03577156610818104,0.07227115503386505,1e-11,0.4949632545850289
0.01831241109587865,0.03603486338103381,1e-11,0.508185944879064
0.0002493161175127092,0.00024931691294130027,1e-11,0.9999968095682653
0.6700359979461953,2.6739224304052773,1e-11,0.25058168865603186
0.2578564832542163,0.7310758866822771,1e-11,0.3527082317328294
0.19306849581956545,0.3843141906662618,1e-11,0.502371498395244
0.10576157669850651,0.1668641328709162,1e-11,0.6338185137744503
0.6173156971342489,8.953089847357951,1e-11,0.06895001699512915
0.04157662053950507,0.21843951535616904,1e-11,0.19033470419357842
0.9658482476390496,2.340408143570519,1e-11,0.4126836809606869
0.060766869530563435,1.08633223037878,1e-11,0.0559376476470512
0.029065841964659847,0.07015649660976535,1e-11,0.4143000772449356
0.00013955407865292013,0.00013955555130340584,1e-11,0.9999894475678541
0.4054152467717808,0.48015133355590484,1e-11,0.8443488926071631
1.019958843133888,2.3753570994733435,1e-11,0.42939179265299937
0.7673468461391605,1.7425140339158671,1e-11,0.4403676706205569
0.08136719691551365,0.1294350297270011,1e-11,0.6286335089282238
1.4703852534578314,10.40134790934337,1e-11,0.14136487561741945
0.044254349188459,0.04797233396608134,1e-11,0.9224973131336255
0.20526290250327758,2.5051539856687604,1e-11,0.08193624171509037
0.03515949284867303,0.18816606711616768,1e-11,0.18685352458882337
0.7959966403562277,1.1040611404702547,1e-11,0.7209715215746
0.00016690503192280027,0.0001669060694527157,1e-11,0.9999937837496334
0.13897761395142808,0.14865810449294833,1e-11,0.934880842356096
0.9543242038184785,1.1781990607087571,1e-11,0.8099855411906334
0.01013136106217589,0.07394211211912069,1e-11,0.13701746909601764
0.03990456245605326,0.0419145288994496,1e-11,0.9520460686026527
0.20970752993731748,3.763905807274523,1e-11,0.0557154032739115
0.2689551499723988,1.5339693224321944,1e-11,0.17533280883737315
0.4702124940626081,0.6697834460345,1e-11,0.7020366013023078
0.05911529753413976,0.10435123749620896,1e-11,0.566503080869428
0.020790680880129635,0.03475433856331883,1e-11,0.5982182869701621
5.1862046785393565e-05,5.186222412177118e-05,1e-11,0.999996580625289
0.08845173397595217,0.526719553729967,1e-11,0.16792946711315498
0.039999541733768344,0.0405700990329433,1e-11,0.9859365071129933
0.0349904220091372,0.06051657501055097,1e-11,0.5781956761934507
0.05713728746973947,0.06546985660708711,1e-11,0.8727266322369547
1.1813319670941007,10.24840464253652,1e-11,0.11526984036041305
0.29118446464362485,0.6369861649557313,1e-11,0.4571283972295714
0.35626575979906444,2.181578053019108,1e-11,0.16330644659081744
0.3346754013444376,0.3402638859450785,1e-11,0.9835760278081849
0.06277296495731358,0.0648642594223558,1e-11,0.9677589093953111
0.00021703876478463717,0.0002170405734379687,1e-11,0.9999916667501246
0.020896092083678663,0.04586703320934008,1e-11,0.4555797622293894
0.11530134153089965,0.3047210521737279,1e-11,0.37838324824752806
1.0812497640740212e-06,1.4879152353017238e-06,1e-11,0.7266877429713005
0.016719541604145446,0.03694002543890651,1e-11,0.4526131589107096
0.1850368222109415,3.560817106389713,1e-11,0.05196470829094309
0.671250477363698,0.7101341173268744,1e-11,0.9452446530670231
0.00037013249793262424,0.0021638009266028236,1e-11,0.17105663158843998
0.2057479665595126,0.8782966273935211,1e-11,0.23425794901444744
0.11723249224615588,2.0898621374428186,1e-11,0.05609580179753054
3.172658558184973e-05,3.1726715282655216e-05,1e-11,0.9999959119371693
0.1030201326207931,0.20169444773226577,1e-11,0.5107732700582049
0.08316074122408895,0.1702924841720983,1e-11,0.48834064303182256
1.4076196805232044,3.24145171675354,1e-11,0.4342559456455513
0.6760403479092448,0.8947307840819142,1e-11,0.755579622313914
0.10066220805358264,8.133164390711643,1e-11,0.012376758075681144
1.081409075672051,2.422826163401097,1e-11,0.44634200010206204
0.06783348448529178,0.075385132153738,1e-11,0.8998257686536167
0.05027100723391809,0.05940965853120696,1e-11,0.8461756636340794
0.28185786922271694,0.5108159853430937,1e-11,0.5517796570782819
2.6771443122360486e-05,2.6771603013918684e-05,1e-11,0.9999940275687595
0.03471182719987981,0.04120372425471025,1e-11,0.8424439253427847
0.17355184331536083,0.2759857726066508,1e-11,0.6288434424578686
0.027986270531979447,0.03343501346053688,1e-11,0.8370348217449188
0.05387254338552006,0.07926547209550558,1e-11,0.6796470387586915
1.1148632100480678,10.354369291534493,1e-11,0.10767079854487667
0.35029824723197733,0.36325105401617436,1e-11,0.964341998072715
0.03666168781966172,0.0498301435274893,1e-11,0.7357331371007777
0.03490746145070856,0.12136624208808294,1e-11,0.28762084785795766
0.3953869544142457,0.6294398664064463,1e-11,0.628156835174043
2.2285255526823663e-05,2.2285258851673295e-05,1e-11,0.9999998508049803
0.07986466250995246,0.17303601930048443,1e-11,0.461549351590573
0.07529798323764707,0.14995317089094,1e-11,0.5021433210799577
0.21587275513257165,0.30945816344639887,1e-11,0.6975830035582916
0.07432052444867791,0.12937616936004212,1e-11,0.5744529677784063
1.0529313181539017,5.59483663676901,1e-11,0.18819697276486777
1.3260900187124982,3.03344007175502,1e-11,0.43715715074116457
0.926073653473559,2.0556161934945703,1e-11,0.4505090280979075
0.15411295488370555,0.16498828942496738,1e-11,0.9340842033142742
0.8850924338235766,1.093158532521671,1e-11,0.8096652109386799
0.0005934833070811392,0.0005934882527671173,1e-11,0.9999916667500071
0.620970685885828,1.644533230436067,1e-11,0.37759692196743905
0.5337988597220589,0.5987375736610918,1e-11,0.8915406067771008
1.1468513482540353e-10,1.229597199077583e-10,1e-11,
0.044766684361547654,0.04670717130737571,1e-11,0.9584541968286222
0.8464495459547898,7.034340444376695,1e-11,0.12033104633590033
0.39325477273395615,0.4006151569813443,1e-11,0.9816272946264714
0.0025941399918594328,0.044722936417635764,1e-11,0.058004688413895736
0.13055147393940952,0.9919393149859812,1e-11,0.13161235971502408
0.03686632771407766,0.05262890732002001,1e-11,0.7004957843776803
3.502625896171065e-06,3.502664329207195e-06,1e-11,0.9999890274852177
1.2042636226562662,2.012142093144315,1e-11,0.5984983002738137
0.2671568134414516,0.30661228115010786,1e-11,0.8713180451850847
0.13121734807768418,0.28027958861673274,1e-11,0.4681659079253068
0.06000444379947517,0.0602999518273621,1e-11,0.9950993654400759
1.2033085261807137,8.057299817736853,1e-11,0.14934389353761207
0.38094065603248006,0.4800489118706747,1e-11,0.7935455046612115
0.017182041834715032,0.23275491506926452,1e-11,0.07382031794947017
0.06544565509253922,0.11484761639094597,1e-11,0.5698477438988332
0.9605739741450853,1.1303630132503426,1e-11,0.8497924674507604
0.0003181098006044407,0.0003181121217109246,1e-11,0.9999927034956373
0.367946250671895,2.837371932001176,1e-11,0.12967854038521676
0.045811034202153114,0.05439607742889934,1e-11,0.8421753252710609
0.12155896049947776,0.3189086844844415,1e-11,0.381171684603052
0.19287167917912162,0.20329815342232485,1e-11,0.9487133844174983
0.05156714293241711,0.4004152387253551,1e-11,0.1287841668977714
0.3487705174038051,1.125930033979969,1e-11,0.30976215828523673
1.382967394448435e-06,2.8763268974217288e-06,1e-11,0.4808102290765678
0.03907169083270038,0.03909924539758257,1e-11,0.9992952660696646
0.3345738125961029,2.2714876401342967,1e-11,0.14729281669184957
0.00010351742441488486,0.0001035178047001407,1e-11,0.9999963263782792
0.7135074512814378,1.0207269888660153,1e-11,0.6990188944392609
0.04257790058312247,0.0573822343001074,1e-11,0.7420049271773089
0.25852717241086837,0.3035230265605946,1e-11,0.851754726290121
0.19485263756166327,0.19802106186956359,1e-11,0.9839995590469697
0.6178080052136836,9.367998929393206,1e-11,0.06594876983549153
0.0481171930383363,0.06535016461104175,1e-11,0.7362979622886258
0.35193938643171385,0.5201439149858282,1e-11,0.6766192515033128
0.036603912106412034,0.08402016589341631,1e-11,0.43565627033926463
0.11295592103735021,0.21387598721974185,1e-11,0.5281374618334143
0.00017252424724561294,0.00017252466249067285,1e-11,0.9999975931263745
0.06800981540770325,0.11775411606384953,1e-11,0.5775578610842482
0.4800124696270692,1.9275710533617132,1e-11,0.24902452689872065
0.8375795391644747,1.0464234888328834,1e-11,0.8004211947675788
0.20660031764968023,0.26012171083804864,1e-11,0.7942448055722241
1.091675486692568,11.469284775820688,1e-11,0.09518252515571118
0.7608591541379502,1.0243169977265199,1e-11,0.742796571595203
0.020230135375305786,0.048719811956245994,1e-11,0.41523426636937655
0.9033813809987082,2.1783048066948845,1e-11,0.4147176181323301
0.10262115569075735,0.10288136623079147,1e-11,0.9974707709513655
0.00015013310388378368,0.00015013389334936843,1e-11,0.9999947415898759
2.2122912198737685e-10,2.427187251415488e-10,1e-11,
0.06700185696133618,0.07192174142374053,1e-11,0.9315939190985668
0.572038601664941,0.7409923554849372,1e-11,0.7719898827978791
0.03224128037262745,0.14019457660674498,1e-11,0.22997523265872377
0.01270528115533298,0.015475191851487043,1e-11,0.8210096053905853
0.01680984114271364,0.016851113452537515,1e-11,0.9975507666042293
0.6393631219518103,0.7528939178237115,1e-11,0.8492074471791866
0.007223651851750986,0.043719645257236574,1e-11,0.1652266803458409
0.8827360154114344,1.1240497176449438,1e-11,0.785317590098151
0.0005254909852794391,0.000525495364363647,1e-11,0.9999916667500708
0.12207212934653625,0.9028369777492276,1e-11,0.1352094922505966
0.40922295209520815,1.7751345630935178,1e-11,0.23053066545110668
0.052476613164305394,0.05262594695241273,1e-11,0.9971623543754495
0.8921711060076929,1.4541605634630224,1e-11,0.6135299831560724
1.5385328760122927,10.252035172472125,1e-11,0.1500709712880646
0.09464723982507887,0.31243862047505505,1e-11,0.30293066740971436
0.02152078527673855,0.0707381407441823,1e-11,0.30423170654946113
1.0263856424621822,2.2427134551634818,1e-11,0.45765349117565457
0.5643247084781455,0.6456358001836479,1e-11,0.874060435182848
0.0005968235719409124,0.0005968304314785149,1e-11,0.9999885067227796
2.6975166365344934e-11,1.184257931946767e-10,1e-11,
0.7071118374352732,0.889785648330666,1e-11,0.7946990814719156
0.045763887306282953,0.2533889303353482,1e-11,0.1806072871680567
0.10935961191722068,0.21847975160682498,1e-11,0.5005480421546051
0.017399401768586717,0.03529928425880928,1e-11,0.49291089419878326
0.023011959851980495,0.032802969890839244,1e-11,0.7015206223265459
0.07753694841590142,0.07774316972007062,1e-11,0.9973474029305502
0.49401312479782994,2.640382154401668,1e-11,0.18709910002015495
9.846831143739362e-11,3.1695697785279516e-10,1e-11,
0.00010359972897452145,0.00010360049491629921,1e-11,0.9999926067749156
0.018252086016601946,0.05394533258951687,1e-11,0.3383441187671693
0.7651432552970827,0.9600388805866551,1e-11,0.7969919456069564
0.18762802708338175,0.6549256937577196,1e-11,0.2864875036537993
0.007341488896989919,0.013779152613162968,1e-11,0.532796834689002
1.481638355881977,10.225866883983485,1e-11,0.14489122268965082
0.07560529165783025,0.08701895847135412,1e-11,0.8688370096123232
0.01968192590121558,0.021187688843907603,1e-11,0.928932175954387
0.8741160787180268,2.435849313165393,1e-11,0.3588547427763955
0.11439171336280901,1.30635976258544,1e-11,0.08756524553115011
8.280352275541018e-05,8.280400395483966e-05,1e-11,0.9999941886937045
0.019852647100193917,0.07319153503943512,1e-11,0.2712423928463509
0.8240540398341847,2.6441363627314995,1e-11,0.3116533819696438
0.16451761873813203,0.24573721565187945,1e-11,0.6694859722476626
0.5641448734393326,0.6341445715054312,1e-11,0.8896155526492604
0.44488350542516514,7.484464923574481,1e-11,0.0594409232948472
0.18608346919639787,0.2740999811414355,1e-11,0.6788890259002931
0.02266750976458582,0.024723204945359945,1e-11,0.916851590021708
0.06729576229023979,0.14451279539218922,1e-11,0.46567338281435705
0.127115698176923,0.13334524928342875,1e-11,0.9532825418229586
1.4255747463478922e-05,1.4255965789206252e-05,1e-11,0.9999846853078523
0.0637848102503499,0.07505936769097013,1e-11,0.8497914679079213
0.038047398769807346,0.07356074409090516,1e-11,0.5172242238712131
2.106824506995597e-06,2.335452015319605e-06,1e-11,0.9021056708404602
0.6526422334312023,0.7245757412875424,1e-11,0.9007232732791783
1.688031062109296,8.085810968347142,1e-11,0.20876459624362878
0.06169610698905816,0.09405852815915469,1e-11,0.6559331535005877
0.05063145469789552,0.09723015845943231,1e-11,0.5207381691044005
0.29424721415522603,0.3006419935078769,1e-11,0.9787295870479141
0.1256337843512466,0.13581801534601348,1e-11,0.9250156102721626
0.00019744404663862383,0.00019744491283653728,1e-11,0.9999956129641376
0.0016006580188808862,0.0025080312991887428,1e-11,0.6382129359384953
0.08830746620712426,0.1581607416152384,1e-11,0.5583399856707302
0.5617330895323708,1.9713910599756497,1e-11,0.2849424961576671
0.15150475603903713,0.1936146127652207,1e-11,0.7825068256741217
1.6113987316441822,8.043684054336572,1e-11,0.20033093303502303
0.12972565242401496,0.2905902396848529,1e-11,0.4464212306810556
0.06886937179731716,0.07452973231151576,1e-11,0.9240523165903817
0.73016888754413,1.0773624564899178,1e-11,0.6777374533015047
0.05540214903433596,2.136211051574475,1e-11,0.025934773155256503
5.86152388840453e-05,5.861536606957616e-05,1e-11,0.999997830167422
0.030844969531951642,0.03229252497393689,1e-11,0.9551736681119373
0.061088074778612805,0.14220102405504442,1e-11,0.42958955594417025
1.2268200469904476,2.0255520740157014,1e-11,0.6056719364208939
0.006190325031116208,0.10581573643969654,1e-11,0.058500987087530404
0.13452260077818426,2.305469572622832,1e-11,0.0583493282130563
0.3992952678753138,0.5666050775095156,1e-11,0.7047153012295552
0.13289937175101357,1.9360577848202993,1e-11,0.06864432084259768
0.7157027474156781,0.9095124800431706,1e-11,0.7869081107954744
0.052306479242890724,0.0639052030397276,1e-11,0.8185011040552306
8.804369741066943e-05,8.804444389025092e-05,1e-11,0.9999915215594704
0.028490913738602165,0.05189639784684225,1e-11,0.5489959789248794
0.01584540085111796,0.027964103171141456,1e-11,0.5666336143213125
0.02184387975043734,0.03281829808865985,1e-11,0.6656006259503551
0.10646330458786177,2.0918353329590524,1e-11,0.05089468702933788
0.006167620916553361,0.009542061258383017,1e-11,0.646361488314163
0.6049598740277773,0.6837803505329835,1e-11,0.8847283686292414
1.6089500325102328,2.7190539399488163,1e-11,0.5917315610666112
0.25186169505281414,0.2742842770206431,1e-11,0.9182505748729395
0.02654353895095834,0.07674556931753339,1e-11,0.3458641220203206
0.0003320687875886577,0.00033207155482393877,1e-11,0.9999916667500095
0.9704092254742787,2.138164717201484,1e-11,0.45385148191220237
0.1147430115821427,0.11949266708547197,1e-11,0.9602514897426142
0.025268719714599385,0.4027101569381609,1e-11,0.06274666600594228
0.041688799462937645,0.07097536305519891,1e-11,0.5873700065544639
1.306890166424209,8.621681825334337,1e-11,0.1515818134907257
1.2586555567090634,2.9093766436405364,1e-11,0.43262035510606606
0.08215956798834831,0.1002160829483762,1e-11,0.8198241796246492
0.15355783743240253,0.3142171206661842,1e-11,0.48869977901534606
0.1578328409212694,0.40744211872148833,1e-11,0.3873748777287255
5.843814482425409e-05,5.843846078216013e-05,1e-11,0.9999945933225857
0.5591827974257552,0.6203446393409048,1e-11,0.9014066729421052
0.17657655695294652,0.19663268699812705,1e-11,0.8980020547378699
0.10554581599355538,0.1682215901929072,1e-11,0.6274213427213551
0.47360546750832244,0.7098101424591466,1e-11,0.6672283744319432
0.8839816043569075,7.753785499588819,1e-11,0.11400645586646482
0.04074002082216409,0.10279179462398472,1e-11,0.39633533951997074
0.07348747594363811,0.0782606595629372,1e-11,0.9390091567595276
0.2689922995462488,0.6262783548193225,1e-11,0.429509175075756
0.2290471866647309,0.8297177932479715,1e-11,0.27605432657785284
0.00019987284052363805,0.0001998731425374602,1e-11,0.9999984889724637
0.04242386736035992,0.05306136846966434,1e-11,0.7995245615388533
0.8062747774230553,1.0073386584600976,1e-11,0.8004009085242441
0.6864368130582956,0.9238635723451681,1e-11,0.74300668800678
0.07991228891012607,0.08667104820635756,1e-11,0.9220182582753659
0.4054485563426528,10.102253130401053,1e-11,0.040134468133898045
0.1380864336586831,0.15614582722261383,1e-11,0.884342771848883
0.06098629363157401,0.19403937476883687,1e-11,0.3142985474171325
0.6209349731292543,0.6628863240705766,1e-11,0.936714110069865
0.053253442746294614,0.054450688149732016,1e-11,0.9780122998602857
0.00026635071050327643,0.00026635254328793447,1e-11,0.9999931189519146
0.38241888115980194,0.4915487731958296,1e-11,0.7779876626961877
0.31084877778617337,3.382699663332868,1e-11,0.09189369696507547
0.06807548218231742,0.9660233598348407,1e-11,0.07046980954369071
0.6685933629759593,2.676670286133247,1e-11,0.2497854765451213
0.6423856965814376,8.894772790207268,1e-11,0.07222058525077497
0.1249925024850609,0.33397823409609695,1e-11,0.37425343847137144
0.5666543618366292,1.5772793634092643,1e-11,0.35926061988905683
0.864396197069745,1.0013283390092396,1e-11,0.8632495090721376
1.113677418300866,2.6742972957251765,1e-11,0.4164374021097289
9.38112195129426e-05,9.381203093713084e-05,1e-11,0.9999913505316947
0.5705600184486181,0.7089133226890885,1e-11,0.8048374888545456
0.12647012550618295,0.27427059188195235,1e-11,0.46111442221489213
0.032217621135186274,0.08628208341071081,1e-11,0.37339873889956243
0.7366811140113546,1.0079614757764117,1e-11,0.7308623709491521
0.4765133442770595,7.910350424079442,1e-11,0.060239220607285954
0.03290535152967615,1.0456211287990076,1e-11,0.03146966967611967
0.01731738417124073,0.020805060603657978,1e-11,0.8323640339791157
0.06989950183115333,0.07164211457644139,1e-11,0.9756761402760006
1.1874174421788986,2.6177464711961984,1e-11,0.45360291962739213
0.00025228281370530495,0.0002522852742951745,1e-11,0.9999902467955119
0.30379722599914055,0.5080152975444698,1e-11,0.59800802745029
0.0837179399728138,0.15922524228973547,1e-11,0.5257830904755403
0.09417195940654995,0.09887040619368512,1e-11,0.9524787348609551
0.07884731913412481,0.12753504954014366,1e-11,0.6182403928835765
0.8644823391087652,8.258383078723327,1e-11,0.1046793701464387
0.0693753437419312,0.06953746832112838,1e-11,0.9976685291669165
0.32038844614881595,0.4634707223934071,1e-11,0.6912808742142317
0.7186224837209806,3.2814046977292968,1e-11,0.21899843204901273
0.026275130856276294,0.055921047506566804,1e-11,0.4698612066090287
0.00036154241127415277,0.00036154542412256303,1e-11,0.9999916667499871
0.025543891870560574,0.05535915285831043,1e-11,0.46142129262597564
0.24800964808327416,0.6893921164714786,1e-11,0.35975121002639837
1.1536657536005481,2.4161383195421537,1e-11,0.4774833229825857
0.008270695087364227,0.04299140827499185,1e-11,0.192380185232855
1.6026192826804788,9.813850630851032,1e-11,0.16330178061223494
0.9769747437726468,1.2113904106091051,1e-11,0.8064904057490511
0.3588103183787232,1.4830674312282799,1e-11,0.24193796642244084
0.0508514049017762,0.05305348121679313,1e-11,0.9584932738717266
0.5376778287839136,0.6320134360612237,1e-11,0.850737971861453
8.030580812535793e-05,8.030592602195188e-05,1e-11,0.999998531906675
0.058405815817932444,0.0629839810482711,1e-11,0.9273122283770863
0.18466854031726893,1.2484090367769787,1e-11,0.14792310442900047
0.019167227742475007,0.03469309005837749,1e-11,0.552479692936623
0.621348412343174,1.1379108537705669,1e-11,0.5460431371089236
1.9235734167718084,8.937478491057902,1e-11,0.2152255156413944
0.077564054098187,0.07764280344040314,1e-11,0.9989857483407771
0.04369551690485644,0.08165869648467489,1e-11,0.5350993682963933
0.3059596584008445,0.3115636239916963,1e-11,0.9820134150480894
0.03223005464900521,0.03277755218437777,1e-11,0.9832965703999854
0.0003208683085918259,0.00032087123241172834,1e-11,0.9999908878714977
1.3438925994002433,2.5775924116446167,1e-11,0.5213751380276531
0.03191196349367905,0.046946652501648894,1e-11,0.6797494984878467
0.08165981043670183,0.4631089858788462,1e-11,0.17632957452063958
0.03025446137011248,0.07586066054768706,1e-11,0.39881621319516597
0.3676892982474921,10.341202664487213,1e-11,0.035555757891698236
0.05995147769850762,0.08620478918354124,1e-11,0.6954541420066942
0.015735740079005137,0.052174501419449015,1e-11,0.30159828366159236
0.03142293234630107,0.04279089218069235,1e-11,0.7343369288401842
0.06707285284728724,2.711697581050979,1e-11,0.024734636087734997
6.015814153399482e-05,6.0158333925080176e-05,1e-11,0.9999968019213166
0.7977459876590014,1.0909528668704267,1e-11,0.7312378122690706
0.7354398429872142,0.9283448233930651,1e-11,0.7922054655286486
1.0707450635957052,1.6419859776395074,1e-11,0.6521036587261184
0.17631276970256815,1.3431845610880155,1e-11,0.13126473815314707
0.7763402613379538,10.237129323069155,1e-11,0.07583573840260935
0.07070738010226318,0.08102115532050694,1e-11,0.8727026888539903
0.43941947125511077,0.6627432757655556,1e-11,0.6630312027647863
0.037695582535246054,0.05843930873719787,1e-11,0.6450381318636648
0.014830559014188014,0.04721994306496428,1e-11,0.31407405540037225
5.640513479906234e-06,5.640537378998977e-06,1e-11,0.9999957629759121
0.04452345648439816,0.15077901808881378,1e-11,0.2952894709671898
0.15721691899151916,0.19083524078462058,1e-11,0.823835882435134
0.12043952539503941,0.13761186383375051,1e-11,0.8752117879933878
0.7641548874050297,2.57287238070185,1e-11,0.2970045825578714
0.6593588126490534,10.081711866219887,1e-11,0.06540147361861456
0.03102198394148264,0.09069529506007175,1e-11,0.3420462320667828
0.05328434178300881,0.15125135500221185,1e-11,0.3522900127554533
0.37903675341242105,2.4609944225817597,1e-11,0.1540177214277407
0.2447170390731188,0.26553749444586594,1e-11,0.9215912787902286
1.750419450588421e-05,1.750424133666798e-05,1e-11,0.9999973246036279
0.06623233618082684,0.0668358513413962,1e-11,0.9909701881780989
0.5100126223713313,1.065574876241655,1e-11,0.4786267335526675
0.14667874089633065,0.7573083332607446,1e-11,0.19368430856263733
0.03997211638851598,0.06084150273747688,1e-11,0.6569876579313044
1.5870166344576582,10.75897123861864,1e-11,0.14750635532523437
0.6762087151468092,0.9262130927154102,1e-11,0.730078985565131
0.37156332841301404,0.9973962480341153,1e-11,0.3725333127584664
0.08825743439701556,0.1643292465698452,1e-11,0.5370768517429021
0.5554781999694545,0.6805037502908894,1e-11,0.8162750017645145
0.00033254895866798837,0.0003325516354391938,1e-11,0.9999919508102797
0.2264638936829383,1.4896121092593086,1e-11,0.15202876794251136
0.2883902728109656,0.3141410321298163,1e-11,0.918028029817482
0.01819878901476618,0.09745202470187876,1e-11,0.18674613555171554
0.04692966817345203,0.13392665642086893,1e-11,0.3504131994901299
1.7156432674602937,10.87188714900501,1e-11,0.15780547056334268
0.027922284884844644,0.15853654742377618,1e-11,0.17612522373284042
0.02896251563085063,0.02919403204013101,1e-11,0.9920697350416643
0.255901053136234,0.2656043184210998,1e-11,0.9634672156591902
0.9013301166587696,1.4100573939949899,1e-11,0.6392151982587825
0.00010947495253003224,0.0001094751621712963,1e-11,0.9999980850335374
0.14187831319525843,0.2057600420085834,1e-11,0.6895328743631375
0.023558294540212934,0.0586351897182445,1e-11,0.4017774079595534
0.01706382713275455,0.2318621937504363,1e-11,0.07359469371328865
0.43648067416442,1.3552523225911257,1e-11,0.3220659849745961
1.259477616295785,9.37039167956897,1e-11,0.1344103490403637
0.6805464569699775,0.7509581535487244,1e-11,0.9062375230284009
0.018399777023329268,0.1451873085168943,1e-11,0.1267313046249372
0.5367531728613814,0.6216391593984535,1e-11,0.8634481350576202
0.034918732049481864,0.06259843808462588,1e-11,0.5578211392794779
7.525704653022547e-05,7.525767367125734e-05,1e-11,0.9999916667496977
0.013751749154537777,0.037679844239319624,1e-11,0.3649630042840668
0.01782116096541654,0.104021825403661,1e-11,0.17132136353366986
0.02693353498536231,0.04306607825396989,1e-11,0.6254002239658203
0.008516749304793101,0.028541444991594542,1e-11,0.2983993735180992
0.19188866370586058,3.285097235333853,1e-11,0.058411867278065396
0.5153067942684659,1.433857527012413,1e-11,0.3593849350863748
0.05302801795219889,0.19177318315965183,1e-11,0.2765142502122045
0.42265883205331667,0.44515987514038,1e-11,0.94945401788522
0.011210325585512177,0.05879113102488154,1e-11,0.19068055657523839
0.00013002926102409962,0.0001300293331504916,1e-11,0.9999994453067609
0.03899633619112308,0.06606414755775009,1e-11,0.5902798663531437
0.022982204558012958,0.040361006285083566,1e-11,0.5694160446764335
0.33901319173031275,0.6123013960848139,1e-11,0.5536704536328605
0.3538671467281128,0.501697739523538,1e-11,0.7053393285450722
1.2560745478748532,8.367912063842269,1e-11,0.15010608838760972
0.48767226795624924,0.5978180463503123,1e-11,0.8157536744390628
0.9982555385772398,1.8948826420587614,1e-11,0.5268165512839624
0.15942728596723507,0.17783119883460802,1e-11,0.8965090884615274
8.144033046876019e-11,1.927194879164931e-10,1e-11,
0.00011770378938086476,0.00011770542715951982,1e-11,0.9999860857847035
0.24799990828622692,0.3057164084683999,1e-11,0.8112090205713024
0.06774476851104425,0.06787577066914371,1e-11,0.9980699717025973
0.0791700999511509,0.07979764144647909,1e-11,0.9921358390554803
1.0636178070571396,1.7936347302752784,1e-11,0.5929957694864108
0.3589141937300616,9.845628944532868,1e-11,0.03645416618400609
0.02871893873228042,0.02882672847062981,1e-11,0.9962607710250849
0.13910910673227056,0.5321098241375578,1e-11,0.26142931481811715
0.01611221572051153,2.384154294950421,1e-11,0.006758042361032086
0.5903395818368593,0.6426551689285478,1e-11,0.9185946217799656
0.00011565005354141875,0.00011565062117835282,1e-11,0.9999950917951993
0.09002779683236956,0.2948900260175108,1e-11,0.30529278337485594
0.07110349618543113,0.0742188011063329,1e-11,0.9580253941795895
0.10127640346868827,0.1398991127400978,1e-11,0.7239245588128772
0.0775851318403298,0.08413137061252353,1e-11,0.9221902754640339
1.4290543499042172,10.642577755592233,1e-11,0.1342770880065507
0.7031801087133802,1.3933706034529347,1e-11,0.5046612200449887
0.8972986409712378,1.252441262464867,1e-11,0.7164396989007765
0.05794381153832456,2.298221547272041,1e-11,0.02521245682649835
0.04373987384025986,0.06669391276714029,1e-11,0.6558300754219694
4.3767396728562636e-05,4.376780664521933e-05,1e-11,0.9999906342883477
0.0642492809884451,0.06541256704191391,1e-11,0.9822161687566332
0.836493889151835,1.1252593015788357,1e-11,0.7433787820977459
0.39266286365725533,0.848766562330482,1e-11,0.462627630592692
0.10561423535041538,0.13029962520205843,1e-11,0.8105490340945887
1.6507969296189042,8.524560125072172,1e-11,0.1936518606706323
0.12426450352926739,0.164314055078114,1e-11,0.7562621680183885
0.07454922352669675,0.08131731331009392,1e-11,0.9167693876261275
0.16713075913618303,0.1691241077657118,1e-11,0.9882136931519535
0.2809975688364364,0.3612193651698931,1e-11,0.7779139103028825
6.08584359351646e-05,6.085894327086211e-05,1e-11,0.9999916637445503
0.011223009483827507,0.09375888132580036,1e-11,0.11970076141191313
0.03328460805071574,0.0429198721464275,1e-11,0.7755057595968685
0.7872858166901174,0.9127364139504781,1e-11,0.8625555030532975
0.8924810228126626,1.1823263059215514,1e-11,0.7548517007045935
7.172091871838433e-08,1.6614687764623118e-06,1e-11,0.043167178182605605
0.0354485620277183,0.09185661799304073,1e-11,0.385911900549223
0.21000190254647721,0.21734220718933264,1e-11,0.9662269711080044
0.25652812709256917,0.3000992021189894,1e-11,0.85481109340256
0.04770057436764158,1.0604905076623827,1e-11,0.044979727798589136
7.129472487957626e-05,7.129475630675644e-05,1e-11,0.9999995591936657
0.6823255157013706,0.9863635012247357,1e-11,0.6917586821229181
0.38770998326429673,2.2763593024258997,1e-11,0.17032020509728715
0.022486265653028036,0.05200612534348952,1e-11,0.4323772537275365
0.02483048526284415,0.03866158561982485,1e-11,0.64225211834332
0.5422271882619817,8.62462473006802,1e-11,0.0628696558090946
0.4904568129735438,0.5430918596673572,1e-11,0.9030826079292512
0.006333905141784105,0.12564062187205263,1e-11,0.05041287640421185
0.03861289838173593,0.4047285970041438,1e-11,0.09540442327909088
0.022372846845336126,0.04233236976462479,1e-11,0.5285044747018175
0.00024287975982706478,0.00024288226877729402,1e-11,0.9999896700971962
0.4416298865280825,0.8547404556698024,1e-11,0.5166830276940699
0.22776683399424735,0.41328728530156644,1e-11,0.5511101891945478
1.3687056764803662,2.4761352980837548,1e-11,0.5527588405769215
0.07504193596819629,0.29214313986797114,1e-11,0.2568670138963734
8.510896085410758e-07,1.1014287494427983e-06,1e-11,0.7727141759933482
0.18114997515237105,0.3946854274364734,1e-11,0.4589730518528659
0.27602212081432315,0.3075332712212728,1e-11,0.8975358006572333
0.38084067006120337,0.7991633332088635,1e-11,0.4765492287190179
0.0711818498812187,0.07162001108673273,1e-11,0.9938821399373506
8.728048594558766e-05,8.728065973877444e-05,1e-11,0.9999980088007205
0.015803926731226915,0.06918238264062472,1e-11,0.2284386013896356
0.0677575603992391,0.1799561966029556,1e-11,0.3765225186923419
0.0810322779248105,0.08772837634196595,1e-11,0.9236723772128872
0.40042824951605277,0.6728189381081826,1e-11,0.5951500869490506
0.3550678812699398,11.198457550001901,1e-11,0.03170685602767495
0.2527482609849007,0.26775387759347186,1e-11,0.943957425590101
0.5276435364895765,0.5754911396902573,1e-11,0.9168577934554587
0.011602293283773749,0.023607771568354,1e-11,0.49146075690288854
0.3836577036286021,0.8123337098901009,1e-11,0.4722907580438911
0.0002088743951317297,0.00020887601873175913,1e-11,0.999992226967752
0.060211853929771846,0.34596933852086664,1e-11,0.17403812195380503
0.22962133545362828,0.384749916737519,1e-11,0.5968067190259555
0.1247945865366649,1.8910900439958116,1e-11,0.06599082203033443
0.09058886384427114,0.22894558136185925,1e-11,0.39567858573820297
0.6384295608839661,10.604940842853813,1e-11,0.060201143065703636
0.910985637875096,2.457907763223231,1e-11,0.37063459073031085
0.06866466531645053,0.9080990802217883,1e-11,0.07561362720429175
0.18014192469126394,0.2281281349254193,1e-11,0.7896523800107197
0.6008167037603641,1.0550721399268947,1e-11,0.5694555670875684
7.972319875119792e-05,7.972355801451095e-05,1e-11,0.999995493636737
0.18139374387257146,0.20262562971638826,1e-11,0.8952161882308042
0.05033602182419326,0.05421142316886551,1e-11,0.928513196700249
0.2908668161060818,2.7282933867457406,1e-11,0.10661126751218736
0.040350079863304605,0.044247526692407266,1e-11,0.9119171822597838
0.632621280697386,8.259338717344058,1e-11,0.07659466482091644
0.021141173615408678,0.14979713536145137,1e-11,0.1411320287560661
0.04609789694418964,0.049741132648961114,1e-11,0.926756076696465
0.10915130531356618,0.13185866075086028,1e-11,0.8277901860371659
0.3762640392181163,0.41517798832821623,1e-11,0.9062716468500812
2.5650867545284336e-05,2.565097744577965e-05,1e-11,0.9999957155435677
3.025523589419173e-06,3.145811392951675e-06,1e-11,0.9617625507358731
0.029702228430616085,0.0505334763250927,1e-11,0.5877733057495447
0.5723340514100137,0.6266477688299773,1e-11,0.9133265605949998
0.022445898180891984,0.43732672076589085,1e-11,0.051325238351734956
1.05162177490758,8.721030366244138,1e-11,0.1205845789710831
0.06089727028415146,0.062477917689237654,1e-11,0.9747007028475523
0.7905336132189407,1.0867364730341174,1e-11,0.7274381902466269
0.02504772175136122,0.06138742084914438,1e-11,0.4080269443623374
0.04602409159022764,0.10397780513990425,1e-11,0.4426338056309353
3.0346031938621273e-05,3.0346228008232893e-05,1e-11,0.9999935389132525
0.06125893786751435,0.06150441465704296,1e-11,0.9960087939882458
0.011638787105707015,0.07413279885436558,1e-11,0.1569991594216144
0.12814179385270544,0.13557783025887438,1e-11,0.9451530062697533
0.2103689715954652,0.22916159565486538,1e-11,0.9179940076534321
0.07699122733498452,8.771377954287605,1e-11,0.008777552140179964
0.22611664270871962,0.5130113135573604,1e-11,0.4407634621949468
0.07648238052544039,0.09592292478789091,1e-11,0.7973316148831123
1.1225064167997156,2.134143382167363,1e-11,0.5259751646394707
0.11186127729559105,0.1826420919758712,1e-11,0.6124616515582236
0.00020091153588438072,0.0002009132807736524,1e-11,0.9999913152118917
3.218630117199675e-07,4.4008817315680296e-07,1e-11,0.7313602849429176
0.9048931510955139,1.5358828667347468,1e-11,0.5891680743983406
0.1635521916608663,0.1958881895793644,1e-11,0.8349262505925752
0.03414992398344687,0.07658472710263502,1e-11,0.44591036980102905
2.3570992835082903e-10,2.5334689035714796e-10,1e-11,
1.1858775622188678,2.120998447534986,1e-11,0.5591128855360968
0.46273610135603,0.7714680201981144,1e-11,0.5998124215663515
0.09558124895472396,0.0980368314160294,1e-11,0.974952449749371
0.451004221676259,0.5019609971439963,1e-11,0.8984845919151772
0.0001949883160320372,0.00019499144683303562,1e-11,0.9999839439060058
0.3569156805596642,0.42417911378570433,1e-11,0.8414268146639071
0.004403571919870201,0.06359601139776347,1e-11,0.06924289468922677
0.028984068827077922,0.04027517493430274,1e-11,0.7196509729469087
0.12761438320162913,0.12872035902130363,1e-11,0.9914079184669501
1.2143190999872133,6.418513398927128,1e-11,0.1891900856965088
0.0014263618298630755,0.008843980740009447,1e-11,0.16128052194984221
0.0019714560427594617,0.002394925405688328,1e-11,0.8231805625665587
0.027185855700876463,0.0761163787731615,1e-11,0.3571617060487663
0.07477467741137021,0.08315137217829607,1e-11,0.8992596929252802
0.0001755355787213756,0.00017553713554106803,1e-11,0.999991131109166
1.3650412833624652,2.3076593883996774,1e-11,0.5915263275959881
0.0034211453625139416,0.041004451700175,1e-11,0.08343351076925486
0.0884326027807024,0.10509712866443802,1e-11,0.8414369060743481
0.0525592825789922,0.12636571239156758,1e-11,0.4159299352986475
0.37241032763459897,6.65650704799055,1e-11,0.05594680888184762
0.020294260346721278,0.020575874720934896,1e-11,0.9863133704868892
0.07163114150206608,0.18969962111192123,1e-11,0.37760297612721266
0.02987697448639069,0.033071963098812975,1e-11,0.9033928345022566
0.030374001321075775,0.03041792998732513,1e-11,0.9985558298586504
0.00016870410044158378,0.00016870550630674878,1e-11,0.9999916667499729
0.09357461327006848,0.09415463970790118,1e-11,0.9938396404082461
0.013914921826602221,0.059217796397673154,1e-11,0.23497871709304233
0.2701904140676474,0.47541818791521145,1e-11,0.5683215765313433
0.08275913862607308,0.8251210820052344,1e-11,0.10029938687901332
0.4901596858208795,5.1356050530151816,1e-11,0.09544341528620863
0.10192089691259354,0.12722904180110786,1e-11,0.8010820129567781
0.03882910281058297,0.08383351122010856,1e-11,0.4631692296489343
0.05045704052178994,0.05239755979133503,1e-11,0.9629654648561327
0.9951556530860456,2.086771495137621,1e-11,0.4768876972897389
7.862752532225455e-05,7.862775925108415e-05,1e-11,0.9999970248569737
3.213583264284679e-06,3.529247036444184e-06,1e-11,0.9105577566829821
0.04257735287446222,0.07085378977474632,1e-11,0.6009184972295951
0.8160789932496607,0.9853214374503643,1e-11,0.8282363117576753
0.017064855935551577,0.01752590545667702,1e-11,0.9736932552634653
1.201497019538926,11.928772941564729,1e-11,0.100722599501615
1.3585488615630645,2.5487820956105995,1e-11,0.5330188343298149
0.272517646823039,0.28938712138761086,1e-11,0.9417062014242971
0.6400920862231811,0.77128181472512,1e-11,0.8299068822869964
0.014001964209889391,0.09137831206808607,1e-11,0.15323071627167412
0.0001841959106858006,0.0001841977563031245,1e-11,0.9999899802399284
0.08544653057869929,1.191456084419002,1e-11,0.07171605541832972
0.06620297910730072,0.30441374400306526,1e-11,0.21747697142949662
0.16487524060817166,1.6693120995307027,1e-11,0.09876837330450274
0.5085446600337863,0.6552518817916609,1e-11,0.7761056078820685
1.0959156036117872,7.795520407696684,1e-11,0.14058273807220956
0.7061096874002731,0.7719987858263094,1e-11,0.914651292675918
1.5571266730688476,3.484306866446296,1e-11,0.44689711117694625
0.1655746108557829,0.17427538260977046,1e-11,0.9500745795321538
0.4026132885144497,0.4218607720134631,1e-11,0.9543747966724928
0.0002043955991323742,0.00020439929150740778,1e-11,0.9999819354802733
0.14948144781291547,0.28251943561552223,1e-11,0.5291014669034778
0.034561551384343844,0.03773364337217887,1e-11,0.9159346486490139
0.015848810239273373,0.02256860479309374,1e-11,0.7022503333534954
0.022258823833890398,0.2762169787531507,1e-11,0.08058456049431574
0.7019786414212437,8.015509651408081,1e-11,0.08757754303220475
0.15449389609968509,0.3702003194154299,1e-11,0.4173251291183132
1.5004205799469805,2.0999830454025328,1e-11,0.714491758984356
0.009531441453697033,0.04493616341997487,1e-11,0.212110708353445
0.025910185183260288,0.05739046331429006,1e-11,0.45147196392834704
0.00011034856889906216,0.00011034980507619021,1e-11,0.9999887976500982
0.45980973695706373,0.6984781002000563,1e-11,0.6583022958420117
0.5185145225952819,0.6841210504995291,1e-11,0.7579280336669582
0.514448369480036,0.5895089626120132,1e-11,0.8726726854170349
0.015946619690858067,0.13375081346531725,1e-11,0.11922633797657735
0.7891751877036435,11.166487641228548,1e-11,0.07067353791624469
0.13777497122419252,0.13881255203057355,1e-11,0.992525309914679
0.3145166654708751,0.5746813961362476,1e-11,0.5472887544045506
0.0302069776801038,0.0305998053348241,1e-11,0.9871624132760988
0.03426980272839012,0.49825223211893005,1e-11,0.06878002850614447
5.131204540849025e-06,5.1312568292895695e-06,1e-11,0.9999898098180847
2.1980158207076577e-06,2.888373766726306e-06,1e-11,0.7609873230495711
0.05226723247166509,0.7720065558199148,1e-11,0.06770309407043094
0.0737046139350434,0.32166230436496795,1e-11,0.22913662227394815
0.03624166859552031,0.047937423290981725,1e-11,0.756020372132482
0.047336207721090214,10.178571904972888,1e-11,0.00465057457598383
1.3806032040413931,1.8768374059849406,1e-11,0.7356008568663783
0.36465880283988233,0.6164937317912471,1e-11,0.591504477718454
0.003146258555909217,0.04270179902041053,1e-11,0.07367976591350106
1.0215742925266378,1.695957888000198,1e-11,0.6023582895275985
2.7192202984579686e-05,2.719264376686986e-05,1e-11,0.9999837903848573
1.3097905664489802,1.8669855239162654,1e-11,0.7015536808777766
0.04701645925006143,0.05236235811110705,1e-11,0.8979056892414543
1.5140896557918486,3.0677155145189476,1e-11,0.49355608387607447
0.28408314104716437,1.4560228554523704,1e-11,0.1951089847136382
0.568194565490083,8.702787902186724,1e-11,0.06528879847196027
0.0024722399852738705,0.03468418304679307,1e-11,0.07127859929520398
1.4346059309394625,3.5159059348889907,1e-11,0.40803308094895263
0.5044376322712059,0.7882458833793675,1e-11,0.6399495930236654
0.08091477929213053,0.08411676447258853,1e-11,0.9619340425118058
0.0006288293049228541,0.0006288345451582876,1e-11,0.9999916667500635
0.2194518449419012,3.1538185317903915,1e-11,0.06958290172051229
0.6163167777770386,0.6847654317864673,1e-11,0.900040728062375
0.23714428933136877,0.29734023576390933,1e-11,0.7975519650817232
0.20493040630699133,0.21483714215103467,1e-11,0.9538872294387593
1.153781669141376,7.07289425459372,1e-11,0.16312723301242843
0.6154758983542774,2.9965140723640213,1e-11,0.205397299492311
0.3579784119254242,0.37368378294386906,1e-11,0.9579714942545313
0.05373899645775378,0.06872678320958335,1e-11,0.7819221844542892
0.09067601216769285,0.1261525962534979,1e-11,0.7187803886769285
4.387712316174039e-05,4.387736161065973e-05,1e-11,0.9999945655593092
0.9479670405531173,1.2618267250105444,1e-11,0.7512656228969914
0.008686983150005963,0.03799029429271392,1e-11,0.2286632233768197
0.12604266252192645,0.13542144827737002,1e-11,0.9307437198852433
0.617535641324939,0.6867737962893311,1e-11,0.899183464281123
0.9124137802712756,7.959047170197775,1e-11,0.11463856926087335
0.008105884669033905,0.012573467827450112,1e-11,0.6446817043852707
0.4804107576835392,0.5480925887962153,1e-11,0.8765138728452309
0.27296192156685734,0.3038737172975562,1e-11,0.8982742041476732
0.07932107995599655,0.10219854527462216,1e-11,0.77614685945724
4.026675083744666e-06,4.026692924316359e-06,1e-11,0.9999955694233386
0.020504108465328914,0.0690813730734552,1e-11,0.2968109571812738
0.010887462941134476,0.036270696432468226,1e-11,0.30017242600802146
0.5022394051487398,0.5607749628045677,1e-11,0.8956166706104748
0.15064918103872946,0.1550248346725677,1e-11,0.9717744989499252
1.0551215733080415,10.507948159283654,1e-11,0.10041176044210434
0.4889832810403717,1.8612148855231305,1e-11,0.26272263608236374
0.03779049749384328,0.33846682745141593,1e-11,0.11165199785869055
0.6173017894511424,0.6829239857680492,1e-11,0.9039099553032905
0.14871291002681541,0.16062425123459662,1e-11,0.9258434444598013
6.617167053501629e-05,6.617219307765594e-05,1e-11,0.9999921032896849
0.8767859950997086,0.9913716443243201,1e-11,0.8844170600595415
0.15187933532610998,0.3869746862269583,1e-11,0.3924787349967219
0.06849726216079875,0.08931410128966145,1e-11,0.7669255041670295
0.15820450301388694,0.18019305441188832,1e-11,0.8779722588655411
1.276535315633085,9.788468499608433,1e-11,0.13041215954100993
0.6962402995929969,1.6795350192438718,1e-11,0.41454348472379277
1.455076498720755e-10,1.5952386207456198e-10,1e-11,
1.2045152450877548,2.310673598527103,1e-11,0.5212831642926768
0.07869196477225662,0.07966394577924682,1e-11,0.9877989848797647
0.00024752450844903054,0.00024752699718520716,1e-11,0.9999899455970261
0.0015728635791670978,0.029665225963499936,1e-11,0.053020448288590406
0.14292233626378012,0.1470137373239622,1e-11,0.9721699404786494
0.4162944288704767,0.48396266493723816,1e-11,0.8601788092981575
0.47461250781112063,0.6810125445587765,1e-11,0.696921828537856
0.9158186269171549,7.522919458691827,1e-11,0.12173713037151246
0.027326207970739,0.027827253155782043,1e-11,0.9819944432805459
0.08798913999914248,0.17086232506948104,1e-11,0.5149709859289446
0.06540075683629755,0.06549130408691049,1e-11,0.9986174156725788
0.054474501593890313,0.061973727679250114,1e-11,0.8789934643890935
0.0002684475365026853,0.0002684494120499563,1e-11,0.9999930134051825
0.09033230697343812,0.10905455838163437,1e-11,0.828322156487232
0.2520579307770956,0.6800645391450401,1e-11,0.370638250148988
0.05183131006878675,0.13556203271133954,1e-11,0.3823438541907549
0.19452129023413844,0.6565348489037652,1e-11,0.29628479060774326
1.3139859822112825,9.877969144793221,1e-11,0.133021875544519
0.21060646876016237,0.2154793026887666,1e-11,0.9773860697162063
0.11487051127874284,0.13557646309936794,1e-11,0.8472747308251499
0.6154982320076312,0.8572003765160214,1e-11,0.718033086393689
0.3329130374253138,0.36089396457612344,1e-11,0.9224677331922861
0.00017122219737263964,0.00017122354219340676,1e-11,0.9999921458185604
0.7305856910929571,1.5901684762237676,1e-11,0.45943917390936223
0.27720598560413207,0.28877938455546326,1e-11,0.9599230430899807
0.025977813792373766,0.07194980010724772,1e-11,0.36105470416389585
0.05092859576962857,0.11042067269431996,1e-11,0.4612233789828047
0.5194610026047541,10.260737230988017,1e-11,0.050626089618195466
0.7017843280404455,2.8458675892351564,1e-11,0.24659767400810598
0.029037633811846923,0.029066274968699568,1e-11,0.999014625820354
0.01045994494512007,0.08781043499234113,1e-11,0.11911961199181385
0.3802109100801542,0.3997406050712425,1e-11,0.9511440800776101
3.309736206998198e-05,3.3098099272907454e-05,1e-11,0.9999777267292784
0.08699564625771455,0.2737165575251713,1e-11,0.31783114271307583
0.40823289612365393,1.4545137306526552,1e-11,0.28066623746513253
1.3081252215346787e-06,1.5574473926647833e-06,1e-11,0.8399161523500862
0.0045656512140842655,0.02641232264950723,1e-11,0.17286064821601163
0.9453744683316283,8.126746903885385,1e-11,0.11632876961870761
0.05618418210264224,0.1626822277332836,1e-11,0.34536152403049103
0.021555849934999035,0.022516395229095855,1e-11,0.957340183260969
0.02765332988263864,2.63557881190019,1e-11,0.010492317572814772
0.02844190370038494,1.0916600281240707,1e-11,0.02605381068065673
0.00013310904388070204,0.00013311015312090208,1e-11,0.9999916667498757
0.10140781636293954,0.2560613402213947,1e-11,0.3960293899706247
0.49811062274076245,0.6261153844846584,1e-11,0.7955572328744903
0.13387073239335498,0.13737967146760502,1e-11,0.9744580909477756
0.3191849127413692,0.3842200220789912,1e-11,0.8307347207318323
6.58764896954932e-11,1.3826153175177548e-10,1e-11,
0.7905397184597489,0.8678534668744302,1e-11,0.910913822015223
0.5877262880344909,0.8013464924964611,1e-11,0.7334234236223184
0.38898035445526485,1.0983262927172497,1e-11,0.35415737293598865
0.2266583514157621,0.8081542337257638,1e-11,0.2804642257095142
0.00018361271683537311,0.00018361452623274775,1e-11,0.9999901456741372
0.015027842695140474,0.0645056337601294,1e-11,0.23296946048190145
0.39200518267219653,3.263169675627583,1e-11,0.12013018679355214
0.023409629201012347,0.02365561119623297,1e-11,0.9896015371076189
0.24574507554978328,0.9104103045261637,1e-11,0.2699278274070996
1.705434212043945,10.137244638766035,1e-11,0.16823449298265533
1.010622003540904,1.9051210482734047,1e-11,0.5304765303269429
0.0023918788090286536,0.035175863762835664,1e-11,0.06799772779299151
0.18497347355027652,0.3547474291253717,1e-11,0.5214230135686334
0.026996146087379186,0.27089600883419646,1e-11,0.09965501597294607
7.165940694099254e-05,7.165990640818199e-05,1e-11,0.9999930300329084
0.7508324378322759,1.1016583876313228,1e-11,0.6815474254652041
0.008296737944796967,0.01814725428397979,1e-11,0.457189711179682
0.4352942613665127,0.6506553761885234,1e-11,0.6690089366761628
0.13399551738846338,0.30599708358859035,1e-11,0.43789802117401505
1.5067981784552096,10.761038240843616,1e-11,0.14002349445578063
0.12467716357011463,0.3838119045021375,1e-11,0.3248392301219523
0.12169740093402102,0.14985521110483735,1e-11,0.8120998932021298
0.27606486550046133,0.30105478874003433,1e-11,0.916992108499054
0.24789356869465992,2.6929217603851656,1e-11,0.09205375824183024
0.00027894136155850134,0.00027894391078911706,1e-11,0.9999908611354573
0.010498502797623325,0.028804343965040707,1e-11,0.36447637239595393
0.19942449768082987,0.20245577837315595,1e-11,0.985027442947373
0.48368572924693537,0.8015354932851078,1e-11,0.6034489218494126
1.1565796502747172,3.2603503153429245,1e-11,0.35474091383123896
0.41823389376225945,4.857008139711473,1e-11,0.08610936645189653
0.8809150353606402,1.3282876112736537,1e-11,0.6631960035492299
0.2254352413125581,0.24452281672597562,1e-11,0.9219394915002636
0.024271685683782067,0.06632167374124992,1e-11,0.36596913670298203
0.042926649086783696,0.05492533259396249,1e-11,0.7815455466445784
0.00013895412841972247,0.0001389544935061664,1e-11,0.9999973726186558
0.04474277187009309,0.05159095997257506,1e-11,0.867259920999292
0.06310255495099597,0.08801717398039985,1e-11,0.7169345719398806
0.013436794153188807,0.026790515822065087,1e-11,0.5015504084517124
0.10574029303192371,0.11061990168526495,1e-11,0.9558885103041886
0.006016393942815723,0.006437877294451883,1e-11,0.9345306950787349
0.011615482152281625,0.05986942538904064,1e-11,0.19401359002199292
0.39519913620878494,0.44039044941660255,1e-11,0.8973835303020676
0.03404749449747712,2.421839759411528,1e-11,0.01405852487356561
1.265017136877807,2.0347258104385477,1e-11,0.6217138104741275
0.0002972613522119192,0.0002972646669730917,1e-11,0.9999888491249018
0.06645721844404674,0.12258467758977659,1e-11,0.5421331584885548
0.04320821678585828,0.05865697547126513,1e-11,0.7366253789717664
0.04777412637385995,0.08796856042707236,1e-11,0.5430818253922164
0.31766576517588563,0.3268947616837007,1e-11,0.9717676830907895
1.5072170661410367,9.008910518563958,1e-11,0.16730292337072636
0.06371053141210034,0.08686515094295066,1e-11,0.7334417855780013
0.014661848286816895,0.11215317483539186,1e-11,0.13073056833510252
0.2167607605911723,1.0796632241759436,1e-11,0.20076701302539562
0.06026205107491414,0.09977988174757753,1e-11,0.6039499147469894
0.0002604440561463103,0.00026044693529738203,1e-11,0.9999889453447841
0.8255168021957652,1.135942859367518,1e-11,0.726723879980552
0.7137099761765381,0.9398760273410778,1e-11,0.7593660817114715
0.001519025182686198,0.01017273421092707,1e-11,0.14932319582817105
0.07475363563953405,0.8004542106174255,1e-11,0.09338902169291269
0.7816063927764594,8.682713485387268,1e-11,0.09001867838802677
0.008451659547237441,0.04711023274653466,1e-11,0.17940177864774248
0.16857006924595364,0.19003554025319674,1e-11,0.8870449654909641
0.015584269834728052,0.07355080732064388,1e-11,0.21188441571808464
0.07502268648536566,0.11622862297630929,1e-11,0.6454751382596817
3.2593692661551574e-05,3.259370552119465e-05,1e-11,0.9999996054562416
0.19269944029226674,0.21037961001234118,1e-11,0.9159606307900404
0.024721554117190705,0.239668637583581,1e-11,0.10314889076201894
0.6981779209134766,0.9313117452734834,1e-11,0.7496715513970609
0.16060372927913835,0.16249841324987704,1e-11,0.9883402924813475
0.16131330240732303,8.200122047279326,1e-11,0.019672061156802454
0.11680926854247906,0.11912691224753501,1e-11,0.9805447512964989
0.135278884291972,1.543867630203734,1e-11,0.08762336980542829
0.3637219954412103,0.39327987513963625,1e-11,0.9248426335369151
0.939687775724931,2.5394652764635017,1e-11,0.37003371711132615
2.5732926873201065e-05,2.5733232052887223e-05,1e-11,0.9999881406390954
0.002917194171755642,0.011606383852406872,1e-11,0.25134393355004275
0.2753602261771199,0.3036084524945215,1e-11,0.9069583666551203
1.1679915631746605,2.6255373994318587,1e-11,0.44485809397626663
0.08498063949040331,0.08542113653693435,1e-11,0.994843231261146
1.5750789935500733,9.666162819236483,1e-11,0.16294769941341486
0.2498318344864695,0.25388660797474555,1e-11,0.9840291950779878
0.03924861324013776,0.040462728004798255,1e-11,0.9699942434796655
0.9699903221401976,1.2548166331111124,1e-11,0.7730135993936146
1.1749465394999021,2.7292535065507115,1e-11,0.4305010643678991
0.00016461359449502805,0.00016461436019415504,1e-11,0.9999953485277585
0.01955939257279676,0.06648053760275344,1e-11,0.29421231052118724
0.2951007421032708,0.30316822058285053,1e-11,0.9733894322298368
2.377472064705348e-06,3.345282451349143e-06,1e-11,0.7106939695769248
0.37490803816194196,0.48242794943384876,1e-11,0.77712752464262
1.5825002675725717,8.359205894308165,1e-11,0.18931227290981145
0.6428207770731574,2.8366156284447577,1e-11,0.22661539710461207
0.04418182750940959,0.07267188753695028,1e-11,0.6079631203599216
0.22404574004701566,0.22980579500114826,1e-11,0.9749351187853909
0.007159829658938269,0.012852195185444818,1e-11,0.5570900189134084
3.0421265898105033e-05,3.042139579124941e-05,1e-11,0.9999957302043184
0.036509080147108,0.11451555583221053,1e-11,0.31881328158247346
0.7469861610413218,1.6219653872928756,1e-11,0.46054383582628183
0.04319534865950346,0.35189709257769375,1e-11,0.12274994471563176
0.026798862228842056,0.04721513625900106,1e-11,0.5675904879705422
0.44833305991771333,9.135266671112658,1e-11,0.049077172682371974
0.10198815918103833,0.2242688968123223,1e-11,0.45475837546205233
0.9515432278192408,1.1582823308915378,1e-11,0.8215123398168662
0.10425956111428464,0.16399117167143737,1e-11,0.6357632551292011
1.2029292062083623,1.5053685886444759,1e-11,0.7990928037707707
0.00017973423650325895,0.00017973575113479215,1e-11,0.9999915730091334
0.024924757721156272,0.024984335487350857,1e-11,0.9976153952053378
1.2703621904341247,2.4796090168649028,1e-11,0.5123235888375293
0.0454937725246616,0.045510567710094055,1e-11,0.9996309607575224
0.06955260122445132,0.08050179323737634,1e-11,0.8639882222171246
1.1265539176202495,9.95251288312016,1e-11,0.11319291226750659
0.08384052027605711,0.08575532021570557,1e-11,0.9776713568927029
0.13787640545537108,0.8107530395144379,1e-11,0.17005968369596938
0.030353915555677728,0.10754696035253776,1e-11,0.28223871187226424
0.6962089114547256,1.0900163192827295,1e-11,0.6387142092632673
0.00021638905719392035,0.00021639176175260413,1e-11,0.9999875015635444
0.03085645373986459,0.03369143345998202,1e-11,0.9158545829317486
0.026749524778268516,0.03847053994779482,1e-11,0.6953249113365209
0.12436251204405838,0.12650316899541472,1e-11,0.9830782345742347
0.40254884968982707,1.0230754343066226,1e-11,0.3934693730210127
1.40579364342853,9.922389822612026,1e-11,0.1416789370867976
0.47625575401432535,0.8088174692713415,1e-11,0.588829707700776
1.3048759361545141,2.6971179863971413,1e-11,0.4838038019603254
0.40097451422284586,0.6814922166150753,1e-11,0.5883772469397501
1.230512283373305,2.072794545800992,1e-11,0.593648939238113
0.00015312595922377007,0.00015312719844273796,1e-11,0.9999919072576231
0.08793891346232967,0.18752884532106132,1e-11,0.4689353966413682
0.10141501430211523,0.10582540169463353,1e-11,0.9583239248621539
0.022375103487169316,0.02239554582862095,1e-11,0.9990872139662027
0.35921040255645975,0.38167319847907827,1e-11,0.9411465200801888
1.300899578805287,7.36974523563083,1e-11,0.1765189348087327
0.03804188672098382,0.05475953526166373,1e-11,0.6947079908403885
0.05859456616940165,0.06570836084060429,1e-11,0.891736841701784
0.018369696866430568,0.022579063015761014,1e-11,0.813572151050194
0.15059615138370225,0.2958731791322415,1e-11,0.5089888574063444
1.0276753226820882e-05,1.0276845338713322e-05,1e-11,0.9999910369486547
0.024407886103558603,0.02442950954548922,1e-11,0.9991148638538833
0.06475535940801529,0.10403643799079743,1e-11,0.6224296088812964
0.33314428205635405,0.4402606498342848,1e-11,0.7566978383867611
0.4038619046171573,2.048706525247464,1e-11,0.19713018904373075
0.026545049125164453,0.02747703903938501,1e-11,0.9660811373130611
0.20637587527115867,0.2110974667765265,1e-11,0.9776331209584517
1.5811788943791871,2.3972061754528746,1e-11,0.6595923665516482
0.4696458289493696,1.970399286528436,1e-11,0.2383505882083519
0.03286914829036737,0.08400158101943049,1e-11,0.3912920196438252
3.8505596699265924e-05,3.850602562665071e-05,1e-11,0.9999888607723647
0.007632659796804482,0.04734267585454401,1e-11,0.1612215545284158
0.06442737954295005,0.4062188249627994,1e-11,0.15860264365850146
1.0580553135394357,1.6042352009895513,1e-11,0.6595387714262773
0.09591631106919236,0.21271637818384664,1e-11,0.45091173462108197
0.9950585474528926,10.927802473161528,1e-11,0.09105751590008487
0.28552879787203156,0.6073328176308309,1e-11,0.4701356317049725
1.8654420342551636e-06,2.8391133308581324e-06,1e-11,0.6570509228989908
0.3990738300739234,0.5018299032587061,1e-11,0.7952372456931699
0.01555533285533656,0.3473473034980777,1e-11,0.04478322617933508
0.00012513445334456626,0.0001251354961298706,1e-11,0.9999916667505496
0.09602701051563278,0.09623609588308303,1e-11,0.9978273706395544
0.25265745891238406,2.749521832840932,1e-11,0.09189141758926381
0.5101759149295275,0.916618139618803,1e-11,0.5565850083893126
0.10137700915088536,0.28705937799167586,1e-11,0.35315693171266155
0.7523065005722043,9.46019676564019,1e-11,0.07952334599472723
0.7550049600960194,1.3496846394731081,1e-11,0.5593936079696064
0.2253832787364286,0.229211624134897,1e-11,0.9832977694175958
0.9153676386308252,1.0397713910358481,1e-11,0.8803547073159143
6.587551690424865e-11,2.638930190623625e-10,1e-11,
7.901710595310525e-05,7.90172485664687e-05,1e-11,0.999998195161613
0.06920085694700737,0.11834052510098132,1e-11,0.584760435091508
0.7568698360196634,2.2653139871146526,1e-11,0.3341125514276695
0.05862990999877015,0.2495821718162282,1e-11,0.23491225183319744
0.005816591070275871,0.05703294099100915,1e-11,0.10198651812805545
0.3338155899739237,8.559163522560059,1e-11,0.039000959508958995
1.107735454280016,2.0372779963800367,1e-11,0.5437330871134474
0.41187718292150366,0.5248408592992007,1e-11,0.7847658497310348
0.8016941876565014,1.7755193281809796,1e-11,0.4515265899571127
1.2980381473137756,2.1836124427707957,1e-11,0.5944452971089912
0.0003014268933052371,0.0003014296797564238,1e-11,0.9999907558831335
0.039096276910117245,0.039206558300412635,1e-11,0.9971871698237224
0.13523978257068842,1.6935078213981494,1e-11,0.07985778445300318
0.2825897433562302,1.9234064991708937,1e-11,0.14692148720410572
0.6834401302314206,0.8002453264018776,1e-11,0.8540382651209658
0.2920170535094898,6.769389555199981,1e-11,0.04313787101898629
0.21121987508296386,0.21693970968385035,1e-11,0.9736339897881209
0.7100061810610111,1.2906541847294717,1e-11,0.5501134149344833
0.0009855711562615432,0.04347557113771166,1e-11,0.02266953901858318
0.2108095998345093,0.2123163938212311,1e-11,0.9929030728169276
1.690392380004481e-05,1.6904093933719682e-05,1e-11,0.9999899353567521
0.09709167715140159,0.09903889379257493,1e-11,0.9803388692400831
0.07776554396715239,0.09950277159486673,1e-11,0.7815414859375058
0.7474572178621863,1.2026916535829317,1e-11,0.6214869918116093
0.23986952743688364,1.026761826719767,1e-11,0.23361749647744842
0.5438473539321372,2.153244801187993,1e-11,0.2525710748875764
0.12380543831985565,0.13097798721677503,1e-11,0.9452385164153694
0.152548738169341,0.7186367498805167,1e-11,0.21227516988896591
0.03283487188978791,0.03297099671140279,1e-11,0.9958713768101586
0.07098582406637167,0.12188271303152634,1e-11,0.5824109285129745
0.00022267594552407788,0.00022267692786728406,1e-11,0.9999955884823112
0.05111545898710739,0.07534540719050968,1e-11,0.6784150606268907
0.12893657443843282,0.1308557950972627,1e-11,0.9853333155218433
0.4324340884393818,1.9117816111435246,1e-11,0.2261942922344164
0.1634066725002225,0.2415757055727206,1e-11,0.6764201396527965
1.6666603718819844e-10,3.3213286418096765e-10,1e-11,
0.13673194082473752,0.16163090000624517,1e-11,0.8459517383090388
0.5577814606224308,1.3746486678446934,1e-11,0.4057629223159793
0.07378157499098625,0.07390596522885537,1e-11,0.9983169120721997
0.06126675126498643,0.06360295557116062,1e-11,0.9632689348286593
3.214132999306094e-05,3.214138853814191e-05,1e-11,0.9999981785142574
0.44410802487511536,0.6802767818321134,1e-11,0.6528343120561146
0.004618446878808016,0.06839341056888902,1e-11,0.06752765859155542
1.1655900529868849e-06,1.5363301851069e-06,1e-11,0.7586846006711647
0.04267937951487203,0.15487841380011313,1e-11,0.2755669977996692
1.680214474878934,10.89643147797249,1e-11,0.15419859963103932
0.1386367755004065,0.14181117775256458,1e-11,0.977615288847704
0.10620275936104472,0.10959727340004187,1e-11,0.9690273860499539
0.0369584509465843,0.03792653387996352,1e-11,0.97447478495021
0.027707096838988275,0.027770692059103423,1e-11,0.9977099879261273
5.838507125755837e-05,5.838563447942669e-05,1e-11,0.9999903534170119
1.030882938377952,1.2205575912307935,1e-11,0.8445999973982579
0.4171003583819241,0.434651638931993,1e-11,0.9596198910161823
0.16616810234736326,0.16838597731670388,1e-11,0.986828624303025
0.4005398862726635,0.5769857544323908,1e-11,0.6941937182949938
0.9035717080780716,9.697416458589846,1e-11,0.0931765395388067
0.024437501083710293,0.029151279563335592,1e-11,0.8382994314406028
0.19921647826111893,0.28386014380575314,1e-11,0.7018120810839993
0.06400007010841877,0.16132522401462013,1e-11,0.39671459004215454
0.14731122924631773,3.366333480736882,1e-11,0.043760141438533795
0.00012102137325853554,0.00012102207368892738,1e-11,0.9999942123748958
0.3678034891811508,0.424750948176903,1e-11,0.86592741172167
0.5309142938313298,0.7148639845160358,1e-11,0.7426787547434771
0.28367884713945535,0.3875101263598266,1e-11,0.732055313764994
0.045343781359480195,0.04592862180831378,1e-11,0.9872663183477515
0.8118556044492098,10.556373436991597,1e-11,0.07690667721211045
0.7080426685733249,1.17443890962402,1e-11,0.6028773934269555
0.06269596661852254,0.06281737647916767,1e-11,0.9980672567456651
0.03172807115082567,0.05440696147264698,1e-11,0.5831619758213645
0.2281031632531983,0.24282637300613846,1e-11,0.9393673365431029
0.00014138828032019912,0.00014138947214775466,1e-11,0.9999915706060895
0.06996339914580309,0.3355473318406098,1e-11,0.20850530612783053
0.04639306080028157,0.06373961727846117,1e-11,0.7278528297024882
0.8874586907515039,1.2249869482026727,1e-11,0.7244637929029386
0.0004768249022485751,0.0007229043050387256,1e-11,0.6595961580599964
0.6467098636560515,7.563933441044479,1e-11,0.08549914785695807
0.09153964275308148,0.5451995518625253,1e-11,0.16790117020522355
0.16720775458575657,0.3313934502200865,1e-11,0.5045596238390041
0.03146150228402938,0.22769242134978704,1e-11,0.1381754478147404
0.1647443949953871,0.41851518898379536,1e-11,0.3936401816034588
7.425491902847382e-05,7.425558941526338e-05,1e-11,0.9999909719013095
1.290334454801967,2.190590362017901,1e-11,0.5890350278056335
0.0840429961231835,0.27886555461837825,1e-11,0.30137460411055284
0.36972815171811946,0.38748580774470476,1e-11,0.9541721124447352
0.040250741233361254,0.04465933443921953,1e-11,0.9012839474386193
0.9796570915339172,10.290003530353111,1e-11,0.09520473813679045
0.45654304216565755,0.5552152402563089,1e-11,0.8222811786558661
0.17993327549149954,0.8390740140877923,1e-11,0.21444267427005925
0.5238633856877564,0.9074029627286038,1e-11,0.5773216610539537
0.06414752381623391,0.06433964147228229,1e-11,0.9970140079793398
8.945299953518714e-06,8.945374497566736e-06,1e-11,0.9999916667493303
0.18397734444896902,0.24558568573581607,1e-11,0.7491370838562594
0.8315975440965637,1.0307224210248616,1e-11,0.8068103760367362
0.33519855040638735,0.35038354234266317,1e-11,0.9566618002810605
0.030645624169296302,1.3711915757989481,1e-11,0.02234962984763096
1.7126365847407214,10.318523039868857,1e-11,0.16597691143620183
0.05087765826378543,0.05233668127865921,1e-11,0.9721223627630223
0.07216448000498034,0.13226816433395863,1e-11,0.5455922093450629
1.2472694008433034,1.8981565351873029,1e-11,0.657095122410559
0.28424038091686243,0.69432247923407,1e-11,0.40937804754703805
7.391141462304364e-05,7.391215267280903e-05,1e-11,0.9999900145004753
0.0034567885940080265,0.34339418920088166,1e-11,0.01006653199942718
0.10084563918416337,0.10539197036679988,1e-11,0.9568626417476233
0.17750258783852496,0.18601909189594143,1e-11,0.9542170431507074
0.39971333611007226,0.879017203655561,1e-11,0.45472754622752315
1.4579721947880113,10.094954399477087,1e-11,0.1444258326579002
0.08017096752698576,0.5253944719513893,1e-11,0.15259195101391046
0.6645948066984361,1.0263584878374203,1e-11,0.6475269748085435
0.8981434838603718,1.1395868400653768,1e-11,0.7881307964286831
0.04044781810911121,0.04784822232119222,1e-11,0.845335858824512
8.312715710949895e-05,8.312786359290324e-05,1e-11,0.999991501244303
2.6005881205826242e-06,3.135096020593052e-06,1e-11,0.8295082841165046
0.047822768943440265,0.16740370297992066,1e-11,0.28567330406769076
0.02283985757025128,0.04427928898171081,1e-11,0.5158135574328009
0.09895113002454752,0.8089433601523967,1e-11,0.12232145648108927
1.5214903043223833,9.593954118907584,1e-11,0.15858844908626973
0.013231220614731079,0.059904021272100955,1e-11,0.2208736631324155
0.17557793939054872,0.1871707611027024,1e-11,0.9380628595841817
0.2874136481359024,2.33004562784301,1e-11,0.12335108149876423
0.23816794116729667,0.3246680865826758,1e-11,0.7335736125904936
0.0001966500634956011,0.00019665211444029303,1e-11,0.9999895706959583
0.11231094258207334,0.9428958413230155,1e-11,0.11911277753063933
0.3639293916373041,0.6145896825953134,1e-11,0.5921501807522846
0.8789101932243584,1.5587548059391063,1e-11,0.5638540390544872
0.02366345703382908,0.4462375195123469,1e-11,0.05302883778058097
0.2627351524997401,6.385632380985815,1e-11,0.0411447350589855
0.9648401133937966,1.4778596767677181,1e-11,0.6528631429365704
0.9935003582159618,1.96025419930007,1e-11,0.5068222063091113
0.6216323103594802,1.02196247223998,1e-11,0.6082731286570244
0.9491895025974646,1.2473137130738012,1e-11,0.7609869855902905
9.163914851476508e-05,9.164015379351365e-05,1e-11,0.9999890301499185
0.11862650981521669,2.1681093496237263,1e-11,0.05471426514340904
0.575427754592618,0.6165401182614405,1e-11,0.9333176180249976
0.17235546485753467,0.18158755425769316,1e-11,0.9491590189762834
0.3359927859982285,1.506283467544644,1e-11,0.2230607938264915
0.706237873356199,9.766045174206019,1e-11,0.07231564679032076
0.09134532652132686,0.1681692463519999,1e-11,0.5431749770117262
0.173174061690079,0.20372902864478037,1e-11,0.8500215351834978
0.027858943840569774,0.033026995119450335,1e-11,0.843520391116751
0.24468585430494408,1.8685184006696636,1e-11,0.1309518034273842
0.0004358542124397196,0.0004358578445521072,1e-11,0.9999916667499897
0.05913139797133263,0.06532780726371423,1e-11,0.9051489778714287
1.254218704310216,2.2674344859872795,1e-11,0.5531444070650217
0.005740715607284349,0.026559724385474555,1e-11,0.21614364381069903
1.2360366437705836,3.0799217962763996,1e-11,0.40132078849045516
1.106415035055103,9.749410449521484,1e-11,0.11348532721887891
0.409480368419881,0.42067788441727,1e-11,0.9733822090198538
0.07010483894092628,0.4910429194751168,1e-11,0.14276723308802092
0.017348776465403986,0.03145364590378819,1e-11,0.551566470814582
0.039210405224302726,0.05636036696739917,1e-11,0.6957088346671592
2.132032747576734e-07,2.132056213636594e-07,1e-11,0.9999889936955181
0.2867349112596532,0.3562240918812007,1e-11,0.8049284643984107
0.1460800559681141,0.15812778189075827,1e-11,0.9238101883262533
0.5241195065024689,0.977131776780305,1e-11,0.5363856942913751
0.03278521814558827,0.05380934090850511,1e-11,0.6092848860820415
1.039574521006467e-06,2.330286728966485e-06,1e-11,0.4461144236389884
0.01670091648529896,0.018507775098998393,1e-11,0.90237299707639
0.9418634492592638,1.187480555543552,1e-11,0.7931611552394132
0.8782294693779721,3.66853611468135,1e-11,0.23939507256404788
0.01836544728370014,0.08861855892943268,1e-11,0.20724154743166856
1.2379275683399408e-05,1.2379279657212953e-05,1e-11,0.9999996789947674
0.1655147301660751,0.22191925300543092,1e-11,0.7458331258983849
0.644375343962401,0.6919517013041132,1e-11,0.9312432395902119
4.048565654619975e-11,6.87940372805929e-11,1e-11,
0.21942426571494794,0.22642336403635752,1e-11,0.9690884447760183
1.427483339924628,10.3535607554336,1e-11,0.13787366237026016
0.903633301106783,1.9154261488586035,1e-11,0.4717661924189848
0.02165349526170307,0.03061615476457339,1e-11,0.7072571793620143
0.05781516906751626,0.35953270496757755,1e-11,0.16080642530901326
0.02843293905876931,0.09467788772198805,1e-11,0.3003123510978586
0.00010815041605949015,0.00010815108773978088,1e-11,0.9999937894263963
0.057675744364661684,0.7161439969311222,1e-11,0.08053651864962692
0.2698849690391488,0.5071563930693581,1e-11,0.5321533411139306
0.01123376366614304,0.011283859310594732,1e-11,0.9955604157165753
0.07484085994679317,0.08439654532500936,1e-11,0.8867763444413815
0.48176423911614624,10.473656425533157,1e-11,0.04599771269388591
1.0229422542483948,2.0540217023552176,1e-11,0.49801920450765014
0.13474858000255632,2.510997847184857,1e-11,0.05366335943044569
0.04124164104214059,0.06570773567226891,1e-11,0.6276527507787197
0.30765716409486493,0.41719039461164453,1e-11,0.7374502578882665
0.00027512945971522513,0.00027513287800775936,1e-11,0.99998757584859
0.023975010124477027,0.4077350886857373,1e-11,0.058800458409788266
0.04886403088971568,0.0632231958494125,1e-11,0.772881380531632
0.026627651554402575,0.06593867077813158,1e-11,0.403824512083334
0.025322277646863088,0.0308334786588928,1e-11,0.8212591880079608
0.23758712287382386,5.11222649271899,1e-11,0.046474295145608996
0.019440027896978563,0.05099130411043167,1e-11,0.3812420222647644
0.9586361904484746,2.1453091989343966,1e-11,0.4468522257419312
0.010713387677712988,0.05313177032966471,1e-11,0.20163807099293007
0.42355985392566087,0.46865690521861675,1e-11,0.9037738465158873
5.350830038655559e-06,5.350855425887637e-06,1e-11,0.99999525548159
0.01884566172867262,0.02898786747868512,1e-11,0.6501223914635976
0.3078460866024641,0.4476642649733879,1e-11,0.6876717904225937
0.5293674862500505,1.8366489740105396,1e-11,0.28822463831731227
0.01095852753422863,0.02717869054622225,1e-11,0.40320292530619467
0.46283984590340765,11.859441630175365,1e-11,0.0390271195168034
0.10403175380559945,0.13747759859589623,1e-11,0.7567178570771519
0.04339381226581347,0.0485733589311754,1e-11,0.8933665124394438
0.1623592475151751,0.17262826099919237,1e-11,0.9405137176000092
2.2209122404515746e-07,8.550868994617202e-07,1e-11,0.25972941953030104
0.0001884948887475869,0.00018849645953571435,1e-11,0.9999916667499681
0.02145459280394582,0.16456722691397346,1e-11,0.13036977778790113
0.12398899044101494,0.12518806829384754,1e-11,0.9904217880411889
0.08902891873444266,0.14552095270774712,1e-11,0.6117945016017134
0.06483897241547007,0.06596853158125172,1e-11,0.9828773031821937
0.9202696741762836,7.471750183638043,1e-11,0.123166547536818
0.07932778723687964,0.15054689622988052,1e-11,0.5269307386832375
0.011780663402284458,0.03146929012231528,1e-11,0.374354278615603
0.023605047493664762,0.03147033485540663,1e-11,0.7500729687853764
0.04655205907116717,0.04708746605985142,1e-11,0.9886295221746758
9.739225623703523e-05,9.739341092704695e-05,1e-11,0.9999881440643599
6.914956898120763e-07,1.5863335135296146e-06,1e-11,0.43590813906054887
0.022298796095815886,0.05102713258015167,1e-11,0.436998807659625
0.11281403469260824,0.12211709274145231,1e-11,0.923818543006583
0.10783939996003308,0.10831741081601472,1e-11,0.995586943480457
1.6984282891868154,8.895050390096541,1e-11,0.190940828292304
0.019715392116741823,0.029649862806494707,1e-11,0.6649404162646996
0.3240264835140929,2.1795034353896106,1e-11,0.14866986592116546
0.02985376509532587,0.03085116360245093,1e-11,0.967670635701863
0.15786503291254006,0.20901368802666517,1e-11,0.7552856198221823
1.7115397535682173e-05,1.7115553373152204e-05,1e-11,0.999990894979167
0.34193681064645914,0.6793453945016314,1e-11,0.5033327868474098
0.05042798168983139,0.06965329764164717,1e-11,0.7239855598693068
0.7367003155040606,1.2150981520405217,1e-11,0.6062887300642464
0.05728307617888077,0.05750431134005639,1e-11,0.9961527204479099
0.13425891382041288,2.735968334351861,1e-11,0.049071808373914616
0.4942920800802718,0.5601400757945165,1e-11,0.8824436983537657
0.024099455303560172,0.06189342476319567,1e-11,0.38937020201684946
0.03663756100400774,0.047052451582177995,1e-11,0.7786536040533307
0.4036347991249288,0.4140480139537069,1e-11,0.9748502239405926
0.0001547575926170206,0.0001547583639571233,1e-11,0.9999950158422268
3.3684038829613706e-10,3.3722598744452994e-10,1e-11,
1.6911470879953905,3.2327787213449053,1e-11,0.5231249131990813
0.05104775392749939,0.05883031645772899,1e-11,0.8677117003811877
0.11606013780001935,0.15575414467748497,1e-11,0.7451495948331988
1.6511126405423115,12.100028685910324,1e-11,0.1364552666279975
0.5715460553181351,1.0850625359490897,1e-11,0.5267401982672006
0.033814084446085656,0.06924893098087057,1e-11,0.48829756600035473
0.13792366132521822,0.33094673086327303,1e-11,0.4167548685718846
2.105907495384076e-06,2.267196862609412e-06,1e-11,0.928859566681077
7.819079316354695e-05,7.81914968164355e-05,1e-11,0.9999910009026916
0.8889374457817127,1.1543814095784595,1e-11,0.7700552333966658
0.007757078937670959,0.03959850279194547,1e-11,0.1958932381465894
0.12310473660415466,0.12610606267205215,1e-11,0.9761999859142169
0.42019265808614353,0.8462183222622832,1e-11,0.49655348629511936
0.8552374100094401,11.2705344484101,1e-11,0.07588259580095474
0.4654361757131663,1.4470965802939884,1e-11,0.32163449354472906
0.14924250369172132,0.1582028346829356,1e-11,0.9433617544895939
0.052355415542038264,0.05813198935136017,1e-11,0.9006300339317951
0.268244767513919,0.4721386765783785,1e-11,0.5681482598670106
7.61241861052873e-05,7.612498903513471e-05,1e-11,0.9999894524799599
0.037875072124914554,0.05097250405440475,1e-11,0.7430490776848858
0.051711942804519406,1.1415162803725565,1e-11,0.04530109968089302
0.666248703293764,0.9315391853950428,1e-11,0.7152127508315438
1.2324941451487184,3.4153599395717174,1e-11,0.3608680100942075
0.6928263935260032,12.524222325857755,1e-11,0.055318915258760634
0.03191501266535945,0.06818880041465318,1e-11,0.4680389223932027
0.6053241188928604,0.7087857414330289,1e-11,0.8540297631679372
0.10237510304501081,0.10709178281174841,1e-11,0.9559566603253881
0.014539009033081283,0.03594217485974547,1e-11,0.4045111095757504
0.00010308427113882284,0.00010308476145932332,1e-11,0.9999952435210254
0.042383872994003605,0.051511028787809346,1e-11,0.8228116190145714
0.11469302289183138,0.12564350791763557,1e-11,0.9128448002822185
0.044457036691887865,0.18417897751790127,1e-11,0.24137953902782885
0.8895755170114619,2.001847624683248,1e-11,0.44437723732954915
0.8876288744430157,10.38256346525522,1e-11,0.08549226570234082
0.016639930035036065,0.027250283089038038,1e-11,0.610633290695237
0.44496505749920545,0.6011639860829529,1e-11,0.7401725116610794
0.2214098730331443,0.22626361155626928,1e-11,0.97854830262038
0.06751175950284952,0.08150831379684428,1e-11,0.8282806545491723
4.0545758363807135e-05,4.054581433803678e-05,1e-11,0.9999986194819228
0.07920219682357343,0.10999169672582373,1e-11,0.7200743254374985
1.35162480043505,2.1460710933539837,1e-11,0.629813618300345
0.05500283016084368,0.08006464694085927,1e-11,0.686980237375832
0.0709343226124102,0.07238063433179166,1e-11,0.980017973968678
1.4015073228167751,8.594589420179961,1e-11,0.16306856026491015
0.0755699726045288,0.0767532627355966,1e-11,0.9845831943959952
0.14946590160575482,0.31948608715075555,1e-11,0.46783227069048083
0.03978781702431976,0.05046792225070368,1e-11,0.7883783450935509
0.07122935119849841,0.07128817051773428,1e-11,0.9991749077187885
7.638947419832098e-05,7.638991187183125e-05,1e-11,0.9999942705325934
0.10716657283646223,2.4815401448250873,1e-11,0.04318550842707238
0.08257556351712052,0.08395286930843156,1e-11,0.9835942975784305
0.27228975779298,1.156744513272008,1e-11,0.23539316994274875
0.1849649403252106,0.3148388496705042,1e-11,0.5874908402148794
1.4376134828091909,8.441772665009758,1e-11,0.17029758320405197
0.16049487766468795,0.18239266089531517,1e-11,0.8799415331563395
0.09243442251719844,0.11635658533458332,1e-11,0.7944064553923037
0.7515143078362911,0.8314982653517701,1e-11,0.9038074270886888
0.6478564564676211,2.0494500818612673,1e-11,0.31611233774440195
0.00012595802247537563,0.00012595922871854197,1e-11,0.9999904235427717
0.03209449575782834,0.1298065065232435,1e-11,0.24724874443856493
0.062467619757913866,0.25815936268282896,1e-11,0.24197309409483134
0.20029974227613329,0.40346319739200287,1e-11,0.49645108542954175
0.0358980955586876,0.04357385640736112,1e-11,0.8238448124280132
2.1834093346333954e-10,2.5668507637187543e-10,1e-11,
0.3415221275942383,0.8175854874425981,1e-11,0.41772038868072037
0.04123150851969597,0.07761863029695787,1e-11,0.5312063400494194
0.35162863444609155,0.7039196717645524,1e-11,0.4995294897280617
0.21162848053907202,0.3161413148487973,1e-11,0.6694110215878895
0.00012605795355473005,0.00012605866354737445,1e-11,0.999994367760022
0.009371889144658472,0.06428591205153952,1e-11,0.14578449376505398
0.03576271814477322,0.046297644700140375,1e-11,0.7724522138523559
0.11140836798895368,1.7606730424662262,1e-11,0.06327601167386576
0.05171278499193637,0.2797034398168739,1e-11,0.18488433687406033
1.3853858628734075,10.443932253432427,1e-11,0.13264983238646502
0.03400913673061756,0.04572879586080946,1e-11,0.7437138041888417
0.010462046196546884,0.304484168803908,1e-11,0.0343599019865121
0.032763403323268644,0.08067267124998082,1e-11,0.40612766151928353
0.09432186227687728,0.09653249687915672,1e-11,0.9770995812420888
0.0002999358519845944,0.0002999383585496713,1e-11,0.9999916430659651
0.05372650106579313,0.1009288904401737,1e-11,0.5323203379278195
0.7546680475802229,0.8603976255254262,1e-11,0.8771154466161659
0.04244052363345375,0.04264668509534595,1e-11,0.9951658268062035
0.46441581265401194,0.5056937736301039,1e-11,0.9183736025069487
0.22061843554084498,10.260506878671826,1e-11,0.021501709238111538
0.5599347089990157,0.7803837616395929,1e-11,0.7175119941278482
0.13095670542664048,0.3234928875840177,1e-11,0.40482097274125806
1.3796091180952805,2.5059629851553726,1e-11,0.5505305250986152
0.03556523611571358,0.053872593748044297,1e-11,0.6601730795076983
8.81970839054943e-05,8.819765173298867e-05,1e-11,0.9999935618751382
0.36305011286502026,2.1577009218816006,1e-11,0.16825784759290283
0.07295361757312553,0.08599232706027002,1e-11,0.8483735708418967
1.3956119577509893,2.0081007613412476,1e-11,0.6949910007597598
0.983139832600318,1.4802023609456956,1e-11,0.664192855341883
0.6044961357977076,9.22761961430898,1e-11,0.06550943375042621
1.5154207459813727,2.730283994525549,1e-11,0.5550414348909929
0.027606304867221855,0.07793422607234751,1e-11,0.35422568823092576
0.37129027053334407,0.8394701449595854,1e-11,0.4422912151941021
0.02547159777124113,0.034750860075687735,1e-11,0.7329774778455476
6.147329789922165e-05,6.147388433098026e-05,1e-11,0.9999904604733377
0.22283271190067702,0.27620284780845406,1e-11,0.8067719564398225
0.07968043228831889,0.3594974475732221,1e-11,0.22164394441796323
0.29643690763708613,0.3730971898310134,1e-11,0.7945299930330514
0.43741521174652503,0.7474544448507076,1e-11,0.5852065162765765
1.1054747110558916,7.850243444749158,1e-11,0.14082043682292647
0.2210582987668114,0.23193663693132058,1e-11,0.9530978015873776
0.037539357789574616,0.046893832597622725,1e-11,0.8005180150593549
0.3350288114827205,0.3899223268197926,1e-11,0.8592193584173963
0.1685250100363002,1.66432947553494,1e-11,0.10125700019951504
0.00027224998631251974,0.0002722518767429577,1e-11,0.9999930563180663
0.26920337434972696,0.32842821399043215,1e-11,0.8196718883523493
0.09908991499706243,0.10634629900658873,1e-11,0.931766464114781
0.005012544270044093,0.07065310657048905,1e-11,0.07094584390345508
0.01749607259729511,0.2469467369239012,1e-11,0.07084958001565608
1.3249892044684304,9.433682029365508,1e-11,0.14045302781500965
0.24234685729409552,0.60129847691901,1e-11,0.40303920032502877
4.0240757765531874e-11,1.5003710233245335e-10,1e-11,
0.12263832036236885,0.37780021891767795,1e-11,0.32461156511159023
0.30444507211388405,0.31531269238585186,1e-11,0.9655338318615193
0.00018883203170392534,0.00018883379587815896,1e-11,0.9999906575291493
0.1600710991032336,0.2693026049937022,1e-11,0.5943912020716509
0.2887841899059714,0.2977770650274316,1e-11,0.9697999739481891
0.060885620675438235,0.06137261057848948,1e-11,0.9920650287080679
0.026718363720429118,0.041312931720207176,1e-11,0.6467312438967023
0.9841741383430684,11.272843065138302,1e-11,0.08730487354930581
0.004629968507299514,0.07708981534637419,1e-11,0.060059405856616545
0.08214519663692837,0.4197742984706335,1e-11,0.19568896174970338
0.23536886787689115,0.5389258803062027,1e-11,0.43673699200187066
0.18913843188734905,0.2424062758354772,1e-11,0.7802538578486252
0.0002036179445779956,0.00020361918702196824,1e-11,0.9999938981979508
0.02444810738131,0.030514686396140567,1e-11,0.8011915005098051
1.256679077420853,1.9293017350166937,1e-11,0.6513647163697696
0.06947459483286922,0.09619390948758917,1e-11,0.722234860844623
0.3463260429572679,0.3538304730194423,1e-11,0.9787908881953136
0.2077288645195338,10.150256983076654,1e-11,0.020465379828892658
0.13713270126545485,1.316780065206428,1e-11,0.10414244936488837
1.245904225463058,2.028955127595515,1e-11,0.6140619910798919
0.008182626048980745,0.011681812691819657,1e-11,0.7004585901904365
0.08345062353109849,0.08514309936951059,1e-11,0.98012198462418
0.0002949435952533288,0.0002949459193284342,1e-11,0.9999921203347696
0.06588446092305866,0.0659290065310892,1e-11,0.9993243397652363
0.32128503688713134,2.965923638206682,1e-11,0.10832545812993127
0.22825000003497217,1.2985006040043423,1e-11,0.17577966412267365
0.25577988320293815,0.26393180450623654,1e-11,0.9691135317376812
1.0388662102266295,8.211746082019918,1e-11,0.1265097824324215
0.15640520499117774,0.6118353035694675,1e-11,0.25563285426438226
0.0810480554112875,0.20306710453908267,1e-11,0.3991195698350485
0.028816460985965433,0.03973924345628113,1e-11,0.7251386407913798
0.627753214979253,0.7006526112100204,1e-11,0.8959550067117128
0.0002805862886261115,0.00028058931138893057,1e-11,0.9999892270920652
0.7414916450292216,1.0113687085482124,1e-11,0.7331566013087446
0.1083722562890077,0.17290871606713437,1e-11,0.6267599387351334
0.9320014155207383,1.146523383410513,1e-11,0.8128935083280677
0.029673252535680227,0.05658062908201899,1e-11,0.5244418985279579
1.0664361122012094,11.197314216830753,1e-11,0.09524034885064157
0.027504190231739972,1.084730588311775,1e-11,0.025355780069359186
0.726355794327477,1.2925041973735982,1e-11,0.5619755787280619
0.44470245391326385,0.8516096995745606,1e-11,0.5221904519587133
0.023841458131067958,0.07198239715280755,1e-11,0.3312123390452837
0.00014443872263548256,0.0001444400563538118,1e-11,0.999990766284901
3.566104943435714e-11,4.4321946859456606e-11,1e-11,
0.06146965333711005,0.09068878690048778,1e-11,0.6778087505411259
0.9202956512190852,1.805131552308936,1e-11,0.5098219296216605
0.053850969882495,0.0823068456055404,1e-11,0.6542708505751565
0.0932725153812384,7.612627343174355,1e-11,0.01225234221728567
0.03902432458740705,0.23364284364433685,1e-11,0.16702555053135668
0.7959184313622387,2.3465942817946877,1e-11,0.3391802483868307
0.055127596069735656,0.06903782757287172,1e-11,0.7985129023874143
0.02392070852963757,0.09593233453409435,1e-11,0.2493498010426938
0.00015190293341811356,0.00015190489229691565,1e-11,0.9999871045706793
0.04451949785526984,0.10619455828362247,1e-11,0.4192257924965231
0.2892241548091123,0.4078436476392637,1e-11,0.7091544921276549
0.09488579979977863,0.3774173846829649,1e-11,0.2514081323505642
0.002404154284313332,0.04225473933760351,1e-11,0.056896677674539986
1.4899084455001324,9.275817062706018,1e-11,0.16062287941084988
0.07252010108977149,0.20005712713830237,1e-11,0.362496963378052
0.06307430018857284,0.06325723940763203,1e-11,0.997108011339535
0.3402568924030777,0.38586979720828507,1e-11,0.8817919797423627
0.2132883360702507,0.3176187769457073,1e-11,0.671523069641155
0.0002947528566557066,0.00029475531292540993,1e-11,0.9999916667500276
0.004895319459875284,0.02769695501429973,1e-11,0.17674576347283907
0.020499930373952105,0.025440172772762962,1e-11,0.8058094006303277
0.715344854333593,2.786261014244859,1e-11,0.2567400723321924
0.13133210033176185,0.14861867348292024,1e-11,0.8836850528534356
1.6610917293801455,10.109461440350069,1e-11,0.16431060538499126
0.261697552935956,1.7899074982507925,1e-11,0.1462073057918931
0.442213798755297,0.5351008568572997,1e-11,0.8264120550141938
0.05257068596080613,0.06779942472088135,1e-11,0.7753854280804101
0.3419107545572826,0.6122381701544454,1e-11,0.5584603692236814
0.00027278739588393206,0.00027278958757118887,1e-11,0.9999919656491425
0.26190019346066173,0.33004188070285156,1e-11,0.7935362412276998
0.5829354879635406,1.087754339357667,1e-11,0.5359072971455775
0.5246674614505161,0.6898479004368853,1e-11,0.7605552776463345
0.0743326978231242,0.10433534086793561,1e-11,0.7124402642936892
0.766558918739428,9.884307715997176,1e-11,0.0775531216514837
0.10868993500093542,0.1348816717153283,1e-11,0.8058169328619287
0.009428146680731504,0.07467927882180526,1e-11,0.12624849663088367
0.1114560398150208,0.112532174267882,1e-11,0.9904370953475095
0.8064468944268249,1.5924607267513047,1e-11,0.5064155623303909
0.0003904451701760845,0.00039044842388040744,1e-11,0.9999916667500137
0.15149803988556282,0.2351048345751652,1e-11,0.6443850470336776
0.12674309407570752,0.12850484378264704,1e-11,0.9862904023297415
0.4041142194380808,3.102191620415181,1e-11,0.13026732996719148
0.2874702616103061,0.9645390750450097,1e-11,0.29803900023116375
1.7099087724331694,8.268146998309607,1e-11,0.20680676973725237
0.6887090256201349,1.5446678535806933,1e-11,0.44586221175228
1.1746715667604248,3.0235793831661386,1e-11,0.38850363026697465
0.07719015741811451,0.12440383597637773,1e-11,0.6204805246742686
0.03181232604821032,0.04764288122176297,1e-11,0.6677246470492354
0.0001470254426383395,0.00014702699198679265,1e-11,0.9999894621495536
0.0250210694634337,0.03310344092370674,1e-11,0.7558449745783098
0.5486275150738564,0.6221505655684695,1e-11,0.8818243451608313
0.06396874184313932,0.1409433013226368,1e-11,0.45386152617999836
0.02885697691062178,0.0761825772817295,1e-11,0.3787870920132602
0.15974378188503519,7.446323874028491,1e-11,0.021452703990246017
0.14661284525356627,1.067906354765456,1e-11,0.1372899829646269
0.25239521656988334,0.31576321955924735,1e-11,0.7993179728854578
0.7930815710422543,1.777437538111082,1e-11,0.4461937784238977
0.23560874794169212,0.4674365319573242,1e-11,0.5040443607501406
0.00021742764763557588,0.00021742945952958436,1e-11,0.9999916667501617
0.07735413189073831,0.08367992383860903,1e-11,0.9244049031393589
0.2929048910212209,0.9269528656305785,1e-11,0.3159868229351299
0.009908706606589053,0.03864015607503436,1e-11,0.25643547058525284
0.8333658556662622,1.155890391967455,1e-11,0.7209730796773733
0.33715698972594327,10.378923384220434,1e-11,0.032484774888938764
0.019256608623812888,0.025147786865092264,1e-11,0.7657377059506997
0.12982853133298033,0.15748680867967382,1e-11,0.8243771806758109
0.09079844158038591,0.094128325763701,1e-11,0.9646239943577196
0.06510355425664842,0.8464571379458637,1e-11,0.07691299575385258
0.0002108890129674329,0.00021089017559150808,1e-11,0.9999944870638382
0.35902946708322747,0.40389601792497465,1e-11,0.8889155900267347
0.7362201228435217,2.81093000983918,1e-11,0.26191335973023483
0.052384664474198,0.05434293497092,1e-11,0.9639645797973571
1.1613685544745191,2.4141459155106433,1e-11,0.4810680858239942
0.050422921810947846,8.50311991734452,1e-11,0.005929931872193878
0.5696838591165961,0.75743488728649,1e-11,0.7521225503059256
0.1604081699130487,0.16287294389376009,1e-11,0.9848668911988284
0.538385296559218,1.3948004626618626,1e-11,0.38599449238190936
0.03888242800198447,0.28749524671198723,1e-11,0.1352454638700058
0.0003296380015364868,0.0003296419552444208,1e-11,0.9999880060536254
1.4468001256432217e-10,1.889525756348536e-10,1e-11,
0.0713054075940298,0.4307167497866683,1e-11,0.16555057965437142
0.0352066234344376,0.05394688214212833,1e-11,0.6526164633886036
0.18930451167428647,0.2317476460636736,1e-11,0.8168562438052739
0.9295141855277853,11.379710656912486,1e-11,0.08168170646440484
0.1903759293674053,0.3477093558257963,1e-11,0.5475145439077123
0.17556962108565244,0.64795932628196,1e-11,0.27095778078090843
0.01965881972054834,0.057998483540518876,1e-11,0.3389540298379406
0.19315946787932672,0.38970560936022575,1e-11,0.49565483082584805
7.627558376491587e-05,7.62764235080565e-05,1e-11,0.9999889907903121
0.025502411660022883,0.04081540575918224,1e-11,0.6248231809942404
0.46623719851217904,0.4953121785104325,1e-11,0.9412996868243951
0.9754085584336587,1.108671770200115,1e-11,0.879799219797576
0.10185195064134454,0.5696861071636744,1e-11,0.17878608826962641
1.089772716993411,7.823895985392736,1e-11,0.13928773069427608
0.04574057997355624,0.062369614697085976,1e-11,0.7333792295448207
0.0110680391634437,0.3169124933503011,1e-11,0.034924590843471666
0.05129732838057168,0.06255208875228259,1e-11,0.8200737881626661
0.3169206692123652,0.36346497746111534,1e-11,0.8719427974219894
1.5486282834056137e-05,1.548629507353236e-05,1e-11,0.9999992096575607
3.12176968331067e-10,3.153514852962861e-10,1e-11,
0.0021707776146238623,0.030914732151411738,1e-11,0.07021822489006209
0.41381689687864703,0.44406042145785324,1e-11,0.9318932219180522
0.014728768580806125,0.2178394804315396,1e-11,0.0676129439513373
0.4683121477505173,9.326188983135156,1e-11,0.05021473922492683
0.02819284219529513,0.06647687405233678,1e-11,0.42409999864161935
0.5902163147676598,0.798902316048839,1e-11,0.7387840827483323
0.041998221204236436,0.08135469608380502,1e-11,0.5162359793093354
0.012954070794595212,0.2419037768937611,1e-11,0.05355051070692608
0.00026300889810248383,0.00026301089934560807,1e-11,0.9999923910258882
0.7490282206603575,1.137864932171277,1e-11,0.6582751603312528
0.13641340220752246,0.2295518478346015,1e-11,0.59425965634488
1.5295535941750374e-07,2.2989406028809585e-07,1e-11,0.6653297576536993
0.5847925936706075,0.7177639302470527,1e-11,0.81474224188073
1.4194080415349675,9.930203990418795,1e-11,0.1429384575487563
0.16723580330250332,0.18609164935531683,1e-11,0.8986744106028594
0.07837866749130597,0.13149217619489376,1e-11,0.5960709584358499
0.02439590277051617,0.05919253083155121,1e-11,0.41214495186802347
0.2025902804346782,0.4334647264655102,1e-11,0.4673743169060328
3.241252084290837e-05,3.241271330605333e-05,1e-11,0.9999940621094215
0.03257483902443437,0.03303848140598723,1e-11,0.985966595260373
1.4821843907946153,2.2712184629700043,1e-11,0.6525943738835265
0.08218666549838691,0.12941031360662802,1e-11,0.6350859000945774
0.2858301801490171,0.29429250435128357,1e-11,0.9712451928705417
0.7526075995334061,9.169310138955474,1e-11,0.08207897738522123
0.8161342173545924,1.6163628592391173,1e-11,0.5049201747550531
0.3220915635503009,0.5282550492999037,1e-11,0.6097273731262365
0.480457165780238,0.5153521272455863,1e-11,0.9322890900793362
1.0443175960422802e-11,3.305280855150928e-11,1e-11,
0.00013774690850780293,0.00013774740905694266,1e-11,0.9999963661810908
0.4187728867690128,0.49571730451124457,1e-11,0.8447816587357273
0.08421285154629153,0.3537459391263423,1e-11,0.2380602636860644
0.0778441039459146,0.22659299754902373,1e-11,0.3435415250600271
0.7004915452952014,1.2503200430505972,1e-11,0.5602497929938842
0.9336894880148424,7.689869260921996,1e-11,0.12141812251082347
0.7384571897569423,0.8675774404585563,1e-11,0.8511714981507958
1.1389939051662834e-06,1.746484616820019e-06,1e-11,0.652163720308142
0.8258851674333737,2.2571386982747565,1e-11,0.3658991660834307
1.166941000811394,1.5148368663608078,1e-11,0.7703410358732641
0.00022330407331108695,0.00022330593417524522,1e-11,0.9999916667500792
0.03189228517870086,0.03433323974268734,1e-11,0.9289040421969972
0.1726473031043094,0.18192444942105102,1e-11,0.949005500105869
1.5943096908661636,3.0185909817902425,1e-11,0.5281635373867787
0.025005740437796263,0.025641841149513133,1e-11,0.9751928612298986
3.394462693744124e-10,3.4418578252921737e-10,1e-11,
0.07933299117624608,0.3085729667778404,1e-11,0.2570963749827201
0.06296141250691908,0.21886118306256663,1e-11,0.28767738356289557
0.1089641207372375,0.11103699508346133,1e-11,0.9813316782873515
0.11443905415494655,0.19410866063307458,1e-11,0.5895618144069922
6.677890886231683e-05,6.677953138626764e-05,1e-11,0.9999906779227424
0.012712628332356592,0.05107302893204056,1e-11,0.2489107969153823
0.04212694168457504,0.045841831464810696,1e-11,0.9189628847379865
0.38428128155070357,2.1625153040226284,1e-11,0.17770106913735048
0.15836642305723495,0.1672724389187017,1e-11,0.9467574220891507
0.8357427485980825,7.500188247693157,1e-11,0.11142956963181998
0.010498428036991239,0.2066928469716927,1e-11,0.050792411013763986
0.22976216124336002,0.5819394661862825,1e-11,0.39482141114968083
0.008735233470412834,0.03318465948030852,1e-11,0.2632310714411954
0.24800590214542156,0.45808607762518316,1e-11,0.5413958516948115
0.0001826338162881066,0.00018263533823400352,1e-11,0.9999916667501939
0.1377811023247686,1.1370129504211288,1e-11,0.1211781293025176
0.03348182676565016,0.04560820669006169,1e-11,0.7341184667308145
0.046501740066127825,0.06119914339441609,1e-11,0.7598429894097296
0.09163352284466424,0.09888484505398543,1e-11,0.9266690238998465
1.150592555970773,7.71538192702165,1e-11,0.1491296953091904
0.020225327400210703,0.08306183105657515,1e-11,0.24349724949399212
0.48108290160757705,1.3634466183418397,1e-11,0.35284322476273233
0.5882171201209507,1.9142625699560194,1e-11,0.30728131519306945
0.38071845478745026,0.4244216421919425,1e-11,0.8970288433483613
0.00028023223655540146,0.000280233807512287,1e-11,0.9999943941207542
0.05764439854082639,0.06870513337136727,1e-11,0.8390115223158795
0.01772527398684724,0.049026339965293986,1e-11,0.3615459363149494
0.7843801108909587,1.0248568333621089,1e-11,0.7653557895669674
0.8767918973534321,3.0122084779064195,1e-11,0.29107942022752364
0.7094731496216452,8.798812137809566,1e-11,0.08063283299037069
1.250056042051287,2.125470775415801,1e-11,0.5881313714166413
0.0012912033869755819,0.06229336892828167,1e-11,0.02072778225339111
0.48569263495227444,0.6646523882807065,1e-11,0.7307468437879878
0.049152269020461166,0.6001024570644485,1e-11,0.08190646187469687
7.041499300375116e-05,7.041600659723231e-05,1e-11,0.9999856056381194
0.4795032405204317,2.6503075096581967,1e-11,0.18092362443717785
0.03318153724059445,0.03353870740249376,1e-11,0.9893505090219203
0.3097764898293244,0.3214669229036251,1e-11,0.9636341027913298
0.19001041077839234,0.2201489945892746,1e-11,0.8630991530662636
0.3567174047927779,7.40019796503852,1e-11,0.04820376515304765
0.0375608580240666,0.16358944355187433,1e-11,0.22960441217074026
0.09692258453965111,0.10171242548997081,1e-11,0.9529080058090641
0.10984923356885802,0.18275249407170263,1e-11,0.6010819941300438
0.8926783469046461,1.0377130515365045,1e-11,0.8602362142240471
0.0002793767104324613,0.00027938086974100537,1e-11,0.999985112407489
0.05299646224560579,0.06537358691818307,1e-11,0.8106708648545228
0.24181272217294447,0.45527867672552835,1e-11,0.5311312269489944
0.015255587523802462,0.020385886097317663,1e-11,0.7483406632890863
0.18537577606347003,0.2659620825300379,1e-11,0.6970007690571215
0.8962472691197302,9.558206957978802,1e-11,0.09376730102831467
0.6993099084566357,1.3546117632460877,1e-11,0.5162437883906036
0.8659516414860283,1.7034465419966707,1e-11,0.5083526956302459
0.10731564861801059,0.11928739558224168,1e-11,0.8996394639534462
1.1056046335442902,1.6605542098144812,1e-11,0.665804601264905
0.00026246689469367076,0.0002624690819141694,1e-11,0.999991666749917
0.026117241597369334,0.04498107440087329,1e-11,0.5806273403923469
0.03690396794371218,0.07640129142883732,1e-11,0.4830280647557607
0.06950165353281328,0.07226389478384297,1e-11,0.9617756383143732
0.16298532205968128,0.6074317302633355,1e-11,0.2683187491523095
0.7301362078475377,6.134139432371012,1e-11,0.11902830313808505
0.04514969673216662,0.04593954217977595,1e-11,0.9828068498262692
0.5266761950422167,0.5569948162834137,1e-11,0.9455674983772738
0.021886735564072363,0.03486649732259696,1e-11,0.6277296902401373
0.024456540977680435,0.05907469339349748,1e-11,0.41399353213354867
0.00018460495887495518,0.0001846064972470218,1e-11,0.999991666750144
0.18239066542334043,0.6166834573301793,1e-11,0.2957605936325391
0.42566303098050934,0.4419618035367489,1e-11,0.963121762048642
0.0079886260570611,0.02248011790442078,1e-11,0.35536406397095066
0.27605280579941555,0.6213658448583256,1e-11,0.4442677499635612
1.5664155649576528,10.920426599232016,1e-11,0.14343904523545
0.9271840957000521,1.4017830012276322,1e-11,0.6614319726291851
0.7670632949159112,1.1179494474436118,1e-11,0.6861341509403099
0.030815829517020662,0.03261192760752391,1e-11,0.9449251172111375
0.4397353851054641,0.6875398051747644,1e-11,0.6395780750376898
7.809495669241839e-05,7.809569233904351e-05,1e-11,0.9999905801894691
2.2070863943031414e-10,2.4659060114621664e-10,1e-11,
0.24181042109514195,2.4993434107992094,1e-11,0.09674957832938162
0.15779841559485489,1.5209181901027544,1e-11,0.10375207333419682
0.007452489746657733,0.09029213265348235,1e-11,0.08253753153952453
0.5930982589445505,9.259827166867046,1e-11,0.06405068348000477
0.5419525290884376,0.7830010722815579,1e-11,0.6921478760038758
0.005540041909246372,0.03073474950968486,1e-11,0.18025336134594633
0.3028673852497521,2.0827525775784093,1e-11,0.14541688173152678
2.3815245864216196e-11,1.1066485078689935e-10,1e-11,
0.00014445784911030932,0.00014445852905310493,1e-11,0.9999952931626809
0.14992100813218623,0.15204240367756428,1e-11,0.9860473427539538
0.15662951008611808,0.16860102960429876,1e-11,0.9289949797680509
0.05518841215369196,0.05583669180946491,1e-11,0.9883897194700374
0.06699007244300983,0.1681902596561333,1e-11,0.39829935800070543
0.9899379461947685,9.35391671807147,1e-11,0.10583138336930452
1.141955173331074,2.5811092443000327,1e-11,0.44242806686811087
0.08851654906745171,0.10281772149279408,1e-11,0.8609075146024836
0.31684654084165315,0.3544987183357181,1e-11,0.8937875497242066
0.8181227972852579,1.16828968137222,1e-11,0.7002739220672806
2.7241415617361974e-05,2.7241805783900974e-05,1e-11,0.9999856776550683
0.2719524554717275,0.3022016903691195,1e-11,0.8999038196628067
0.14917442276986695,0.15070088077611782,1e-11,0.9898709417065811
0.22382090971636442,0.9165091688097582,1e-11,0.24421022433090728
0.30592856371054206,0.3613247790299418,1e-11,0.846685811396264
1.368019785934421,9.317108482215486,1e-11,0.14682879227452375
0.06389841342548189,0.12200806828449852,1e-11,0.5237228514796539
0.2965474522380954,0.4835081968708985,1e-11,0.6133245602809843
1.056460454259139,2.340078424341924,1e-11,0.451463695946958
0.014873381673387974,0.06403400710983588,1e-11,0.23227316772283274
0.00011054402643401066,0.00011054496791300909,1e-11,0.9999914832939373
0.19510066866160752,0.2241551423281514,1e-11,0.8703823014507976
0.038161664529456116,0.04006092437771503,1e-11,0.9525907133257407
0.3423624341563411,0.37711852985979427,1e-11,0.9078377407857025
0.004903955353094076,0.043502117072859156,1e-11,0.11272911947896071
1.6842046754464666,11.118870686086677,1e-11,0.15147263809389871
1.0130026256612228,2.686540017349723,1e-11,0.37706589856068917
0.6688857773591117,0.7637145363779111,1e-11,0.8758321931797367
0.39241841027509633,1.3313092084307336,1e-11,0.29476128294617243
0.3559219985250513,1.6036288715591158,1e-11,0.22194786140200187
0.00011168251219754544,0.00011168277585288903,1e-11,0.999997639247936
0.31177069036621324,0.5693309597230072,1e-11,0.5476088820426996
0.24283537521789347,0.8726720389101967,1e-11,0.2782664785744129
0.1739326251744084,0.18200972356842912,1e-11,0.9556227094044016
0.21979172241985073,0.2700177231075508,1e-11,0.8139899851399957
0.47072301032118063,8.507316545605615,1e-11,0.05533154994265833
0.05746003340141175,0.0618003690661497,1e-11,0.9297684507338112
0.6004013528610701,0.7307356142264811,1e-11,0.8216396480095252
0.006765979223910467,0.032578212407125995,1e-11,0.20768417675460027
0.026741856893699005,0.036351091548691594,1e-11,0.7356548525614093
4.1756531204924874e-05,4.175685337551604e-05,1e-11,0.9999922846056365
0.5370695616395637,1.176753409736643,1e-11,0.45639940976228793
0.028451222155808406,0.29817899572331874,1e-11,0.09541658723073972
0.03400781194102936,0.03548294176301979,1e-11,0.9584270709051579
0.7938059573524211,1.5986955842069166,1e-11,0.4965335272044387
1.1209313872318702,11.766346558696661,1e-11,0.09526588237394513
0.554285262239606,0.8693309403101507,1e-11,0.6375998328575007
0.20013608559389595,0.2672639894688461,1e-11,0.7488329647089438
0.08500356605481324,0.4821431839560588,1e-11,0.176303573053436
0.10321509522536243,0.10334916534603772,1e-11,0.9987027459754863
9.24012371291087e-06,9.240180287323e-06,1e-11,0.9999938773475873
0.1594713774475967,0.3391648184776497,1e-11,0.47018844160602574
0.2859178816013709,0.29684815181195645,1e-11,0.9631789177602509
0.2074640434208964,0.491649947559718,1e-11,0.42197511552810013
0.15162497874229394,0.1808612556494233,1e-11,0.8383496962787863
1.2750308021976462,10.592399052677376,1e-11,0.12037224011829166
0.15900185947713835,0.9751224868200573,1e-11,0.16305834561938423
1.0909371352324093,2.5607626851720475,1e-11,0.4260203967940565
0.032786322972915206,0.06303466789273131,1e-11,0.5201316048608211
0.14961780186652857,2.1465918628425777,1e-11,0.0697001625956042
0.0003178126022528859,0.000317815264220546,1e-11,0.9999916241667416
0.8021777519696075,1.2241973221825901,1e-11,0.6552683439459133
0.056272775732863656,0.05850762209338667,1e-11,0.9618024749500864
0.07629994050681989,0.1412038947383857,1e-11,0.5403529459876723
0.2827716289519067,0.7910615867095924,1e-11,0.35745842511212134
0.9108852552655983,7.106044496394535,1e-11,0.1281845695911084
0.06647215704736723,1.082825701694539,1e-11,0.06138767942369987
0.010082160110950878,0.036170214027970986,1e-11,0.27874206393012185
0.9722017486127897,2.239470398301508,1e-11,0.4341212767760365
0.8052525519206462,0.9486446460544925,1e-11,0.8488453028958437
2.902809365841373e-05,2.902812479420589e-05,1e-11,0.9999989273922315
0.5365701335137693,2.9488710039288692,1e-11,0.18195781802557004
0.39982221036248994,1.0089677639112682,1e-11,0.39626856740454947
0.2138701918467729,0.278561026801532,1e-11,0.7677678184290663
0.3663178722276711,0.6957114875119018,1e-11,0.5265370470419383
1.178281634355274,8.170233198040084,1e-11,0.14421640188164103
0.011702451735997155,0.057538136566477556,1e-11,0.20338600507989255
0.022690181482866813,0.03792499089851638,1e-11,0.5982910198603225
0.09988523712714734,0.1603249686765172,1e-11,0.6230173500216473
0.03158659280985849,0.15632193716086942,1e-11,0.20206116546107683
9.602696329500045e-05,9.60269875468028e-05,1e-11,0.9999997474480563
0.06943085868742994,0.12514793513850633,1e-11,0.5547902856774103
0.09870048171050613,0.12003904351253478,1e-11,0.8222364892485967
0.8369140402453025,1.3131853470738997,1e-11,0.6373160057794988
0.019156953469174856,0.01976311828768263,1e-11,0.9693284830013102
1.3436553485248797,8.285785481394505,1e-11,0.162163907277351
0.03980656595322862,0.04170876645774954,1e-11,0.9543932687041267
0.2317748522727872,0.3153831762073246,1e-11,0.7348992265853285
0.06447268503839955,0.0647639259875052,1e-11,0.9955030374600539
0.004892855504463995,0.0685750719380427,1e-11,0.07135035175587814
6.524030722983107e-05,6.524053931882006e-05,1e-11,0.9999964425648314
2.836217098508646e-10,3.081941792023776e-10,1e-11,
0.08740331355800345,0.09140399949383722,1e-11,0.9562307343443597
0.031110919635615634,0.03236396970866696,1e-11,0.9612825594532749
0.20782158013966073,0.24092856881596075,1e-11,0.8625858741493226
1.143954021245254,7.502899789059629,1e-11,0.15246825272987294
0.0624166649932953,0.0625244709918841,1e-11,0.9982757791169029
0.05774837830443912,0.11005480631142824,1e-11,0.5247238193398416
0.02962029551482733,0.03435325529198815,1e-11,0.862226745706261
0.11301485327488099,0.2508541097818971,1e-11,0.4505202381302055
0.00013200669946569334,0.00013200787595502418,1e-11,0.9999910877338013
0.07077091326911465,0.07941497278792058,1e-11,0.8911532773310887
0.08185864151042833,0.3343974892114584,1e-11,0.2447944262484115
0.02828514400494867,0.031096729257302537,1e-11,0.9095858207758742
0.042635715467984586,0.046207194558634535,1e-11,0.9227072942911969
1.2527158277981911,8.56020192622117,1e-11,0.14634185485285534
1.1279234466653032,2.0050789454900335,1e-11,0.5625331856395525
0.037421726580208675,0.03766623858018941,1e-11,0.9935084571967499
0.03837304994075168,0.06153737130590398,1e-11,0.6235731089324271
0.18533746403288975,0.23914722182932413,1e-11,0.7749931720518267
0.00019989066252737325,0.00019989248306142988,1e-11,0.9999908924336286
1.9478962279817225e-10,1.973510320616539e-10,1e-11,
1.4032932396364328,3.3903427319454713,1e-11,0.41390896159668933
0.06512139598207457,0.1368105124367202,1e-11,0.4759970182276421
0.22314672456327123,0.2541607378936537,1e-11,0.8779748060718986
0.49072631391919547,11.260287940060707,1e-11,0.043580263358394176
0.29845094531823496,0.48491900444881153,1e-11,0.6154655572995587
0.1511262319830052,0.22687434475389856,1e-11,0.6661230565621646
0.006979261739376195,0.008635246270103042,1e-11,0.8082296116486918
0.7295291387230962,0.8266320117835619,1e-11,0.8825319226980405
2.8280294711975425e-05,2.828058932647788e-05,1e-11,0.9999895824482632
0.03905609960367287,0.05787699351619594,1e-11,0.6748121702752866
0.007656207567486203,0.04181885841451528,1e-11,0.18308026229689575
0.6980307023940383,1.084655282214329,1e-11,0.6435507334357928
0.05293840622726019,0.06828690967795481,1e-11,0.7752350556925318
1.3850574916572875,6.836092346935927,1e-11,0.20260953500402873
0.02757698209868101,0.02764275324180121,1e-11,0.9976206732178639
0.18331729231032673,0.2617139025996821,1e-11,0.7004491946716682
0.013962491368320373,0.02917052080638695,1e-11,0.47865073993684937
0.07378789954810103,0.2343213545856496,1e-11,0.3149004480559621
0.00014643589510207792,0.00014643705706941963,1e-11,0.9999920650731109
1.1805670951317804,1.861080500567741,1e-11,0.6343449919397021
0.026491577246669642,0.04051954041904161,1e-11,0.6537975745208671
0.06680272836352531,0.08461928823301566,1e-11,0.7894503695135205
0.17643872523706702,0.2553255674245336,1e-11,0.6910343018789801
0.34146008423248697,10.439735355671926,1e-11,0.032707733730718676
0.07393431469587962,0.15339690964784322,1e-11,0.48198047056888116
0.18190605298467652,0.18282839420819388,1e-11,0.9949551532872566
0.15465275533703035,0.2746812212361625,1e-11,0.563026313342566
0.02476219864315578,1.7687432779328065,1e-11,0.013999882827595109
6.924593819452748e-05,6.924696114359918e-05,1e-11,0.9999852275239981
0.06026650366042162,0.06266247845816304,1e-11,0.9617638041664581
0.2990105715759763,0.8717460991414139,1e-11,0.3430019037314569
0.04170912515946765,0.04331663215312328,1e-11,0.9628893818897755
0.010609840367943857,0.22274733095253835,1e-11,0.04763172839186359
1.312743201789571,9.080722713091385,1e-11,0.144563736088652
0.019137306230164745,0.037443675703382855,1e-11,0.5110958224765252
0.12979052036362979,0.13060394134660044,1e-11,0.9937718496502952
0.032315547657706896,0.03232962337135818,1e-11,0.9995646186938337
0.0037246955011464296,0.07536103067439434,1e-11,0.049424688964769974
0.0005200474025709035,0.0005200517362920434,1e-11,0.9999916667499839
0.03202282264979232,0.2349703522570404,1e-11,0.13628452416312373
0.0688035187344186,0.46737291336173187,1e-11,0.1472133210277996
0.006595525928182008,0.031515191050710566,1e-11,0.20928084864119206
0.017003374531024174,0.2041708697000049,1e-11,0.0832801200093226
1.2402196517040434,10.358886616401644,1e-11,0.1197251883943158
1.3543296573201171,3.4789516603955573,1e-11,0.38929246207638585
0.0569694054483992,0.07728332099845872,1e-11,0.7371500695413356
0.05827333763683557,0.07131915219028216,1e-11,0.8170783842376608
8.41571718362641e-08,4.514120427961262e-07,1e-11,0.18643094082067388
4.8574787822484474e-05,4.8575261953669986e-05,1e-11,0.9999902392459362
0.15986681654286078,0.16160936360018308,1e-11,0.9892175365430352
0.03244568374531054,0.04216393791479008,1e-11,0.769512653464215
0.029341027549361184,0.032455295555623584,1e-11,0.9040443800326821
0.040106521001426046,0.07197520368133045,1e-11,0.5572269191345022
1.5640505356721992,10.587509213014624,1e-11,0.14772601413650727
0.02652049119435931,0.06380821052052246,1e-11,0.41562819232847154
0.8484578893218037,1.1643216554886557,1e-11,0.7287143422284912
0.26695578284939664,0.2734483003967021,1e-11,0.9762568736470971
0.08961698834309492,0.10608485459317499,1e-11,0.8447670375452488
3.220107493166113e-05,3.220113388946483e-05,1e-11,0.9999981690767815
0.816868776966216,1.2015087259713502,1e-11,0.6798692005385353
0.08360210189205566,0.8913963652894202,1e-11,0.0937877976032711
0.04318101421758004,0.12274271322871406,1e-11,0.3518010404179203
0.4577413776443731,0.5283897908074358,1e-11,0.8662948936710069
1.3741783981156214e-06,2.4176594200375586e-06,1e-11,0.5683920517201192
0.8651672039483795,1.4304388522505802,1e-11,0.6048264157444893
0.12244453723072897,0.15817458028007395,1e-11,0.7741100814929991
0.02432421377676501,0.034926432884883285,1e-11,0.6964413988951307
0.01888708962708905,0.026196297854244863,1e-11,0.720983160757144
0.00011508167158893378,0.00011508327525814962,1e-11,0.9999860651409839
0.06502233897597914,0.06538869894952698,1e-11,0.9943971973837463
0.40154505327342976,0.4215738945917269,1e-11,0.9524903188379488
0.1646078932295967,0.1915692274841198,1e-11,0.8592606202540642
0.05408886128224903,0.16622766362844768,1e-11,0.3253902515477119
0.06744764885908501,1.0231410142725592,1e-11,0.06592214359331443
0.06975705917210473,0.07386279611039465,1e-11,0.9444140060423177
0.024978951372398625,0.12723772033079017,1e-11,0.1963171872889488
0.3568110963879696,0.5150731340470274,1e-11,0.6927387060249816
0.05815317553182266,1.10844539281066,1e-11,0.05246372614203841
2.502440976852781e-06,2.502487862925207e-06,1e-11,0.9999812642158546
0.8912419789806106,1.3170871173156562,1e-11,0.676676559404091
0.137572010759145,0.9851181963609562,1e-11,0.13965025848404627
0.03142537135468664,0.08035684102475195,1e-11,0.3910727568920589
1.3194922186574989,2.487640629910738,1e-11,0.5304191460745056
0.5347075989102585,8.570304234671589,1e-11,0.06239073716275702
0.5000425974523186,0.645716551387158,1e-11,0.7743995354898432
0.7167038378474169,0.8024209920039871,1e-11,0.8931768298552385
0.0389126346717099,0.03959642932181442,1e-11,0.9827309011995229
0.05653721686508663,0.05718994908668591,1e-11,0.9885865920144482
6.547540437393731e-05,6.547604352897447e-05,1e-11,0.9999902383375244
1.2874917229103011,2.603008043906495,1e-11,0.4946168821584135
0.05394480012370704,0.890064639671916,1e-11,0.06060773310081329
0.6365301360206338,1.0519667506305983,1e-11,0.6050857934807043
0.42376411518338997,0.9673659937783845,1e-11,0.4380597601206052
0.7628961099556497,5.953915769720192,1e-11,0.12813350733571136
0.7663646575502497,0.9403998316360219,1e-11,0.8149349157336602
0.24620918264869246,0.7595024122209681,1e-11,0.3241716927912282
0.1636227642223124,0.5337509172301276,1e-11,0.30655266143883025
0.22058765513791379,0.22387474031245821,1e-11,0.9853173021219066
4.193615455275154e-05,4.193656167268671e-05,1e-11,0.9999902920049013
1.2399408058421224,2.1481343638971384,1e-11,0.5772175273024476
0.05202433118346068,0.2724475692077681,1e-11,0.19095171718631487
0.14038003184328318,0.9416859580879186,1e-11,0.1490730860299999
0.023352674320765633,0.12442159051689736,1e-11,0.18768988745240459
1.3038391254744417,8.84443730749729,1e-11,0.14741911555743606
0.0770386497495469,0.8783114895054163,1e-11,0.08771221903624184
0.32634819903008877,0.43844474337387107,1e-11,0.7443314213754977
0.023714532624864122,0.02558207280275484,1e-11,0.9269980899401706
3.440876234767965e-11,3.774201073124848e-11,1e-11,
0.00019742168688109628,0.00019742335807380345,1e-11,0.9999915349798348
0.05064042053249526,0.22407263554243026,1e-11,0.22600002186748958
0.06143766840420118,0.06343788975475206,1e-11,0.9684696108542757
0.41608664236387843,3.2613707678363797,1e-11,0.127580294294449
0.08991976773534836,0.0978193440838265,1e-11,0.9192432087695397
1.8835666309459533,8.165975264631225,1e-11,0.23066033999688035
0.036079260117974465,0.052221721176416984,1e-11,0.6908860777700226
0.9026333802604255,1.4069566769787214,1e-11,0.6415502303871413
0.2727319571699255,0.28027660481646993,1e-11,0.9730814220063612
0.8652513157933436,1.000642661194808,1e-11,0.8646956094798101
0.00013456423076677444,0.00013456470039302162,1e-11,0.9999965100338661
0.04699926627671243,0.049612049466071124,1e-11,0.9473357134511136
0.02999988629800188,0.22741534461185442,1e-11,0.1319167198203128
0.5328235940619711,0.6615233891714184,1e-11,0.8054493654855525
0.012271124566637509,0.05490778301810206,1e-11,0.22348606867977078
3.325224443639184e-06,3.412493861555246e-06,1e-11,0.9744264981985084
0.009897896710832079,0.08625291339945942,1e-11,0.1147543464994901
0.1375426070788818,2.212047768361892,1e-11,0.06217885935652171
0.01988109420869041,0.029017180545667095,1e-11,0.6851490680633717
0.9644856660100858,1.8281893343978723,1e-11,0.5275633370477715
2.8327978776232665e-05,2.8328091762162393e-05,1e-11,0.999996011523449
0.25653896546312493,1.134249614150768,1e-11,0.22617505200140625
0.038677918462367324,0.16533158296136105,1e-11,0.23394149967950514
0.28882318087824854,0.34666810417739985,1e-11,0.833140336240595
0.012565502471860975,0.22256400010426527,1e-11,0.05645792880238661
1.1676171616143043,8.502007244999625,1e-11,0.13733429388701443
0.9397739969941508,1.4128484178180278,1e-11,0.6651626495399394
0.8538500490177913,1.287801156157701,1e-11,0.663029416408779
0.32454375519499185,0.49119836316125925,1e-11,0.6607183157254229
0.3168498361938327,0.3589217028956207,1e-11,0.8827826058932328
0.00019690115998931734,0.00019690260043557622,1e-11,0.9999926844731574
0.11893719965295514,0.569119468006993,1e-11,0.20898459170525813
1.1875768716672652,2.002627899140189,1e-11,0.5930092515824538
0.06255850765588983,0.09116195770968814,1e-11,0.6862347982380098
0.04205368883812702,0.04638431539216736,1e-11,0.9066359712884405
0.8180952104378925,9.983025940362458,1e-11,0.08194862112200317
1.0193234321473774,1.9528798079822833,1e-11,0.5219591231272667
0.3022492246116469,1.7952863298696624,1e-11,0.16835711361629438
0.11167489950047206,0.18576324924164944,1e-11,0.6011678841556016
0.04271403017923846,0.0639309890451913,1e-11,0.6681271605081054
0.0001650503494042676,0.00016505134254808854,1e-11,0.9999939828188876
0.10331279022442795,0.10669751195746503,1e-11,0.9682774071209233
0.10232716788164459,1.434067543767437,1e-11,0.07135449674345255
0.05500297684704402,0.05800071068944758,1e-11,0.9483155670547851
1.261885089239915,2.0514202589220885,1e-11,0.6151275360334835
1.8424093578047998,10.127993117798981,1e-11,0.1819125799529762
0.017988564637617895,0.05913064216306326,1e-11,0.3042173056063086
0.14246982377246675,0.21701083280185285,1e-11,0.6565101932148815
0.02968959323181733,0.03500042781752635,1e-11,0.8482637237065531
0.7833345647633044,2.636602854503313,1e-11,0.29709994564610687
0.000295086927721785,0.00029508875235734417,1e-11,0.9999938166550076
2.482627571534095e-06,2.670668314928157e-06,1e-11,0.929590379178509
0.6420399222772744,2.092786143617971,1e-11,0.3067871622885114
0.0566198354509098,0.05686237854355539,1e-11,0.9957345594950833
0.8743630794391622,1.7612274720153898,1e-11,0.4964509657793494
1.768376493557011e-06,3.519974813135063e-06,1e-11,0.5023832804025117
0.005091225123890046,0.016080117919434325,1e-11,0.316616156013186
0.07551417537616668,0.1942236825722708,1e-11,0.3888000390893
0.19578389097167556,0.21038976571961895,1e-11,0.9305770663416763
0.1900758869220581,0.2239199620171164,1e-11,0.8488563735444397
0.0001517642804751567,0.00015176550002690283,1e-11,0.9999919642359699
0.05201662982496429,0.21560839607701565,1e-11,0.24125512165297994
0.9943102564941926,2.8154559231595506,1e-11,0.3531613648486322
0.7929629334689694,1.8949563557822446,1e-11,0.41845973446793794
0.011520630966622715,0.040871750198830444,1e-11,0.28187270940387527
0.27671738701982534,10.007655999090652,1e-11,0.02765056942854244
0.28702617499208716,0.38651840895468575,1e-11,0.7425938023710981
0.1657483188976829,0.6184866390128548,1e-11,0.2679901366377584
0.011448722292258606,0.02511762243034281,1e-11,0.4558043789378815
0.02506074850727117,0.035470524986477944,1e-11,0.7065231912080472
2.9690954694651803e-05,2.9690977756885654e-05,1e-11,0.9999992232578516
0.11813401109233354,0.4435441565014293,1e-11,0.26634103811477644
1.316939190956853,2.665442421063592,1e-11,0.494079024386261
0.8323240480067848,1.188241125390479,1e-11,0.7004672959230115
0.06096376802666588,0.08413255502981402,1e-11,0.724615673505484
1.4881527637735141,9.304962462346541,1e-11,0.15993108728761377
0.14594640691693073,0.16302709084283995,1e-11,0.895227941334148
0.37161391593703735,1.0624767963128727,1e-11,0.3497619121910747
0.09196125375105899,0.11830006954256685,1e-11,0.7773558722885568
0.12283158581791698,0.12821929573898722,1e-11,0.9579805060539572
9.166655186750724e-06,9.166847927029982e-06,1e-11,0.9999789742034785
0.17425231171237804,0.19898369992640053,1e-11,0.875711486804346
0.3248040144475418,0.3401498851957943,1e-11,0.9548849744887633
0.07602272564224241,0.08140484210192087,1e-11,0.9338845660686877
0.7722627955845615,1.340871145621099,1e-11,0.5759410947924045
2.0653344463106884,9.523507370669542,1e-11,0.2168669972022594
0.04706981748549832,0.04731149425772136,1e-11,0.9948917958307014
0.00016750193234147957,0.0007502449171682754,1e-11,0.22326300186570927
0.8687742561626421,1.7725697205004771,1e-11,0.4901213453636947
0.06808153568106515,0.14972437699306657,1e-11,0.4547124325935106
0.0001251159882838182,0.00012511649741631721,1e-11,0.999995930732481
0.6493760397583254,0.7380402176181259,1e-11,0.8798653843743827
0.4491291149444972,2.767178299234825,1e-11,0.16230580988174473
0.15642881596467978,0.374461163604855,1e-11,0.4177437640228805
0.023694862561022264,0.45702527525431497,1e-11,0.051845847142342597
1.2663145020324604,7.666377561174877,1e-11,0.16517768554023537
0.34554637232044144,2.0891567643825204,1e-11,0.16539992508535975
0.06924072810811889,0.15647389647584486,1e-11,0.44250657564987333
0.06171936207084703,0.06701048180236861,1e-11,0.9210404165257836
1.0315918177628857e-10,1.0751490795899999e-10,1e-11,
0.00010886017158006111,0.00010886098847123281,1e-11,0.9999924960154857
0.030347021977873492,0.04099600245943409,1e-11,0.7402434422210346
0.11286749874738225,0.11728804404173714,1e-11,0.962310350296388
0.04051258929171953,0.040645779599159694,1e-11,0.9967231454592911
0.4271381997691862,0.49784895958230957,1e-11,0.8579674448402002
1.5439575234375489,9.975446518921851,1e-11,0.15477578076418982
0.16324285717355044,0.4895994797391331,1e-11,0.33342122271152946
0.015444543049642037,0.5500776397584681,1e-11,0.028077023920520625
0.7415247952960936,1.3170303367139937,1e-11,0.5630278776616542
0.03635137282162708,0.03677733603879068,1e-11,0.9884177794521518
5.9668820607556284e-05,5.966899036071019e-05,1e-11,0.9999971550858683
0.1357208674692001,0.20049212858733087,1e-11,0.6769386330799638
0.5329378032512994,0.5816690019895983,1e-11,0.9162217711935587
0.4877073437231701,2.1187207995041213,1e-11,0.23018952937891402
0.30031256293195613,0.6063302798599679,1e-11,0.49529534134649084
8.506988631079521e-11,1.1151250827519376e-10,1e-11,
0.3272586832794264,0.400369271893896,1e-11,0.8173921083687836
0.11917399471583506,0.6525968063388337,1e-11,0.18261504432487055
0.04372699570968171,0.04447575925295118,1e-11,0.98316468215841
0.0531849374039376,0.717338723775247,1e-11,0.0741420135860409
1.5779439028063828e-05,1.5779589409642207e-05,1e-11,0.9999904698674678
0.3925175857169485,0.42453509937720496,1e-11,0.9245821754026314
0.07664055802128779,0.07863462106844098,1e-11,0.9746414108689145
0.04994429625183105,0.059254068911357906,1e-11,0.8428838250170808
0.2488615825519509,0.26585538710852574,1e-11,0.9360787654468791
0.12520100157690595,6.192076263564922,1e-11,0.020219550962834044
0.5052469000205148,0.8286052145693967,1e-11,0.6097558778737322
1.8207533458206143e-06,1.8336648019927764e-06,1e-11,0.9929586606242699
0.6169154738229339,1.2131205486826027,1e-11,0.5085360020427301
0.06333525136300779,0.15787167087618786,1e-11,0.4011818650648156
0.0001439126902089619,0.000143913364152345,1e-11,0.9999953170201594
0.4299088530832996,0.5349456823636515,1e-11,0.8036495428540561
0.4490425553900855,1.6016625479734001,1e-11,0.28036027686247866
0.7225610092308844,1.2611036508083857,1e-11,0.5729592557818006
0.6090403849954691,0.6863342713861892,1e-11,0.8873815724885635
0.6999740970352971,11.591485451524788,1e-11,0.060386919343734316
0.34119098258577224,1.7527844590876613,1e-11,0.19465655392869294
0.046589313545688606,0.09551653813006998,1e-11,0.4877617474184988
0.3322844066873024,1.6847131026707387,1e-11,0.19723501061429347
0.02905039064927272,0.03267242697851026,1e-11,0.8891408853214402
0.00015688092815404343,0.00015688240583596494,1e-11,0.9999905809583067
0.46331456978003516,0.5931824975346316,1e-11,0.7810658131446058
0.0913772118007964,0.13144123060634516,1e-11,0.695194433126262
0.07547057240884023,0.16623829824259662,1e-11,0.4539902850707947
0.08114133653853003,0.11667087412674372,1e-11,0.6954720888641266
1.3601279624087508,8.76717784059707,1e-11,0.15513863037094755
0.07216387228186236,0.0739626840775343,1e-11,0.9756794683953564
0.43391107452933586,1.5264124633104699,1e-11,0.28426856106001214
0.9611970673530251,1.5941856851578802,1e-11,0.6029392161163666
0.5094277831134053,0.607448039448949,1e-11,0.8386359820595297
0.00018719244166508526,0.0001871942512005614,1e-11,0.9999903333811561
0.02447877792223988,0.03451865879412844,1e-11,0.7091462640026928
0.023626424744669514,0.057977044238586045,1e-11,0.40751344010299134
0.12610427213325864,0.22083092996541678,1e-11,0.5710444282103381
0.35529761099817003,0.4344694247317664,1e-11,0.8177735665001613
0.8753333129788752,9.905589140970747,1e-11,0.08836761756636845
0.04743340752645483,0.05706523989374829,1e-11,0.831213670787553
0.352369177708203,0.5607205072566843,1e-11,0.6284221339293675
0.03155984804560214,0.040282742534929666,1e-11,0.7834582766611833
0.014915787162108214,0.033601570990308034,1e-11,0.4439014820589934
0.00016581007634746463,0.00016581130632811988,1e-11,0.9999925820459262
0.03010789053295948,0.03603366387895228,1e-11,0.8355489642713207
0.011800849340434707,0.04645906324310913,1e-11,0.254005322463858
0.18671785256969692,2.6144068733729506,1e-11,0.07141881949262349
0.018824758639282436,0.03629806640870864,1e-11,0.5186160173745783
1.6325907542276135,9.598875586637345,1e-11,0.1700814579262131
0.025755609872823305,0.028927022964562284,1e-11,0.8903650370235405
0.032328978247885574,0.05711521564455529,1e-11,0.5660309233371064
0.059616663891224504,0.16774579098984962,1e-11,0.35539886598306325
0.7302830629513429,0.9138861818064751,1e-11,0.7990962961140252
0.00014541614497812149,0.0001454176970265927,1e-11,0.9999893269629285
0.00605602132115403,0.013740288971844584,1e-11,0.4407491962915414
0.0628039419235661,0.09190330253758187,1e-11,0.6833698048868677
0.15085419825380353,0.1616467246291507,1e-11,0.9332338691049427
0.6271907951684629,1.1590918913429538,1e-11,0.541105325516326
1.2554587395677128,11.075532660718894,1e-11,0.1133542537435146
0.012704682367535166,0.4028442365635855,1e-11,0.031537455955460446
0.0532328153632023,0.05330185060567537,1e-11,0.9987048246601457
0.12899170154686174,0.22822252294649753,1e-11,0.5652014528693183
0.8053726176489352,1.673292708835622,1e-11,0.4813100621285573
0.00031736679510199956,0.000317369439820889,1e-11,0.9999916667499842
0.019053314414468447,0.042382016158190594,1e-11,0.4495613031563217
0.07282477941818001,0.19789070784544052,1e-11,0.36800504789269173
0.731434222195955,1.1334364481985097,1e-11,0.6453244232250521
0.009993102783503797,0.03526498766861893,1e-11,0.2833717929354703
1.4243303653518553,8.358860607733654,1e-11,0.17039766927493188
1.1342058045895997,2.1813983735197118,1e-11,0.5199443707109516
5.440627041490081e-07,7.637354453716654e-07,1e-11,0.7123706349444664
0.04723421880289136,0.08117322389572212,1e-11,0.5818940844775371
0.05227249694455227,0.052445898517224095,1e-11,0.9966937057506056
0.00022248531433051764,0.00022248734603295142,1e-11,0.9999908682337669
0.5489062834590483,0.8316620863264943,1e-11,0.660011190222225
0.28980597948131814,0.3475313713835092,1e-11,0.833898759492162
1.7153068392859914,3.542518028752205,1e-11,0.4842055355439308
0.03738069141623723,0.057665854441365655,1e-11,0.6482292125619282
1.4729893548542536,10.961179531175347,1e-11,0.1343823765193186
0.10886641593967199,0.387802877034321,1e-11,0.28072616885211293
0.03288655532314787,0.06432056951168712,1e-11,0.5112914200358929
0.6121574187033607,1.0262352536951191,1e-11,0.5965078830601395
0.06574003175789345,0.07179178810487066,1e-11,0.9157040588244293
2.7692896443004516e-05,2.769290856878345e-05,1e-11,0.9999995621341505
0.015463874002110817,0.0794004672171887,1e-11,0.19475797239091286
0.37093168027039636,0.3905732185918254,1e-11,0.9497109955663505
0.031321198153023984,0.031562058149568355,1e-11,0.9923686853562285
1.0243449209220283,2.254257391125358,1e-11,0.4544045968107753
0.13253346629640905,2.715765997867063,1e-11,0.04880150440078401
1.4587590000682478,2.3980983077920723,1e-11,0.6082982483780351
0.4323444174187797,0.4648694046698814,1e-11,0.9300341409342722
0.22956789889907014,0.2630168036983739,1e-11,0.8728259779262516
0.03556943803231478,0.050862826809974074,1e-11,0.6993209041487977
1.890763167279845e-06,1.8907789235942572e-06,1e-11,0.9999916667600767
0.4619671173269501,1.8072316963697226,1e-11,0.25562141160700463
0.5263118533968894,2.710577872417925,1e-11,0.19416961185748993
0.44675421001301546,0.4644929965275142,1e-11,0.9618104327791561
0.3052003140395146,0.5429589080601815,1e-11,0.562105731223561
1.0255822201890024,9.841076123130163,1e-11,0.10421443827454047
0.9620720957378726,1.5123981849912957,1e-11,0.6361235455617857
0.45072936771399297,1.5027712146161145,1e-11,0.2999321276120747
0.012834762813204554,0.04033059449347692,1e-11,0.3182388698802952
0.006154502651413198,0.04216939289480782,1e-11,0.14594714860528576
7.185281415265342e-05,7.185326926356811e-05,1e-11,0.999993666107063
0.045745223527226986,0.050187872742936145,1e-11,0.9114796269914737
0.6514834837878499,0.7052336217345745,1e-11,0.9237839259357458
0.023808139604004845,0.03619253753160563,1e-11,0.6578190209297721
0.031472798711922906,0.05245176002747907,1e-11,0.6000332247275316
1.1931843724174767,9.951774285856892,1e-11,0.11989664738610359
0.030212001412400026,0.03293672812654022,1e-11,0.9172739106424895
5.789017477260409e-12,7.292236986687915e-11,1e-11,
0.5901338309523371,0.6394234602545512,1e-11,0.9229155131677649
0.31486770637600275,0.4988240859689681,1e-11,0.6312199335049565
0.00037996031255338236,0.0003799634788840469,1e-11,0.9999916667499891
0.14350403611346782,0.23076151046285057,1e-11,0.6218716276628377
0.6310657483350512,1.7553986965888981,1e-11,0.3594999526667886
0.8978116695222396,2.2387955022489803,1e-11,0.40102442077462797
0.03120577931509612,0.0356377847990532,1e-11,0.8756374586987565
0.8577006271764973,10.339091259143158,1e-11,0.08295706128118444
0.3208949490235111,1.8339622877354274,1e-11,0.17497358106515457
0.8742875093907201,1.0578062001093895,1e-11,0.826510101094424
0.06155676823704121,0.06746041917890355,1e-11,0.9124871885808182
0.05867389750741905,0.08106938724818724,1e-11,0.7237491178734798
0.00035207893320661146,0.0003520822955830127,1e-11,0.9999904500270437
0.0626063667732597,0.14422718667606205,1e-11,0.43408159180054734
0.033323307007370184,0.15349321446226455,1e-11,0.21709954491546943
0.20204099811085083,0.24403249039330488,1e-11,0.8279266329873667
0.030766757317780814,0.042794276251535125,1e-11,0.7189456163936677
0.8670800725709207,11.749365360337592,1e-11,0.0737980347004893
0.8428722031156787,1.735577077803378,1e-11,0.4856437745665865
0.027373836318965096,0.03914176461007249,1e-11,0.6993511046745422
0.021286887670079205,0.6567692105202021,1e-11,0.03241151888533061
0.02154907157265878,0.6845482383692416,1e-11,0.03147925940762604
0.00021043627169222426,0.00021043816484117995,1e-11,0.9999910037755884
0.08261709989209709,0.4506813159700302,1e-11,0.18331600837340023
0.09023067331490996,0.09474300790476081,1e-11,0.952372901286955
0.24684076797449536,0.2509719095317651,1e-11,0.9835394265239596
1.2042587354305994,2.5414878853805987,1e-11,0.47384004557246057
1.2080674796087554,9.612692412960502,1e-11,0.12567420528092157
0.051732749405547555,0.06125205122924387,1e-11,0.8445880320306487
0.48544805626027643,0.514068007748807,1e-11,0.9443265267296787
0.06745354198838363,0.06752657186583969,1e-11,0.9989185016292379
0.15284514601318933,0.19559281517933785,1e-11,0.7814456061335716
0.00021389349617805293,0.00021389499569152062,1e-11,0.9999929894878427
0.7728415743081486,1.849017760121974,1e-11,0.4179741217072824
0.3235480859975323,0.515406012034957,1e-11,0.6277538065962411
0.01442687461287589,0.059721170049299804,1e-11,0.2415705285239139
0.5862501569537469,1.8727969178172479,1e-11,0.31303455883354603
0.19620967379422746,6.404176017537087,1e-11,0.030637770301273765
0.0544925914328034,0.05714801715220399,1e-11,0.9535342457756966
0.11218678191347162,0.4120426439670084,1e-11,0.2722698331254622
0.14541193062686444,0.16410925947584787,1e-11,0.8860678007523694
0.22231642156250137,1.031011958764053,1e-11,0.21562933356176373
6.609825085717733e-05,6.609827138463455e-05,1e-11,0.999999689440332
0.0014905793775724385,0.003926024267123156,1e-11,0.3796663688644694
0.7428899856254797,0.804502208517566,1e-11,0.9234157193855098
0.0012092809828758494,0.03651078537941621,1e-11,0.033121198854232516
0.018875456464232956,0.020870112953055627,1e-11,0.9044252183344973
1.4760744028845162e-10,2.0174724564196886e-10,1e-11,
0.10000277950581095,0.3751158704516194,1e-11,0.26659170507878793
0.04127493387375491,0.09043081820245871,1e-11,0.45642552720630686
0.09152420424116865,0.1993547091636606,1e-11,0.45910229372124683
0.08321256318740225,0.3846076206945592,1e-11,0.21635703171229284
0.00024034386901063294,0.00024034587187286347,1e-11,0.999991666750026
0.26550920214359,2.3155836163275,1e-11,0.1146618935595536
0.29792678774623654,0.49198001790239065,1e-11,0.6055668460204526
7.031574739767695e-07,3.524945584869524e-06,1e-11,0.199480376943974
0.10000573442111309,0.679655106879292,1e-11,0.14714188624330354
0.23857656590234638,3.1736252656445743,1e-11,0.07517477519636857
0.7004176640569949,1.8307679244325539,1e-11,0.3825813499950242
0.03136070668115299,0.03386408060897081,1e-11,0.9260758336620939
0.0996079219571258,0.42394525812387784,1e-11,0.23495467881379184
0.20917282089038775,0.21192819629648152,1e-11,0.9869985426467789
0.00014676637346156844,0.00014676692267238622,1e-11,0.999996257938725
0.9584134315887878,1.6740417819173494,1e-11,0.5725146420724799
0.01209570568558332,0.012880878016772327,1e-11,0.9390435706194387
0.0805058467420213,0.2255332984027987,1e-11,0.3569576967665289
0.03230232611333683,0.04877009780991284,1e-11,0.6623387600992503
1.7434487378289703,11.999187519073725,1e-11,0.14529723242157944
0.4924754573373458,0.6034153005247654,1e-11,0.8161467846590237
0.6861556742280659,0.9340173887201895,1e-11,0.7346283725705054
0.05494308731950582,0.42678119102505585,1e-11,0.12873830542424297
0.11098511142151364,0.11733076246136406,1e-11,0.9459165618058607
0.00017630552277745766,0.00017630690058182766,1e-11,0.9999921851931748
0.01943902242418724,0.024398694468558163,1e-11,0.7967238759122011
0.02469827648521113,0.03696193352569646,1e-11,0.6682084547346674
0.05693217094346537,0.08960038170309592,1e-11,0.6354009867069375
0.21303746122983333,0.21583145348866375,1e-11,0.9870547493719345
1.0556242425421314,7.693474675677674,1e-11,0.13721033564709142
0.047049393714075786,0.05226955687147273,1e-11,0.9001299519291321
0.02330364597002048,0.0468374908400712,1e-11,0.4975425786490541
0.39099222612040785,0.9305566928403421,1e-11,0.42017023694384553
0.48874498834100155,0.5139413164514833,1e-11,0.95097430912064
0.0005680305918826522,0.0005680353254630438,1e-11,0.9999916667499724
0.03323149776337023,0.03989943929054315,1e-11,0.8328813225013582
0.32335511547648776,0.3315185902085239,1e-11,0.9753755144563647
0.22497793459591528,0.5215117823123513,1e-11,0.43139568889196883
0.028891293132371293,0.034414587874630996,1e-11,0.8395071659035834
1.0220396952663675,6.599576924713584,1e-11,0.15486442645120363
1.158677970163997,1.5165917496964725,1e-11,0.7640012352670997
0.02748499786620031,0.07765164587034444,1e-11,0.3539525474075878
0.008961337511064543,0.05792740279081685,1e-11,0.15469945275166333
0.03483446045293194,0.07641226695396491,1e-11,0.45587523890526893
3.8916051906934884e-05,3.8916374559339075e-05,1e-11,0.9999917090836995
0.05054759703591099,0.057060550839033004,1e-11,0.8858589041403585
0.040861340690814686,0.05715906876011484,1e-11,0.7148706509250797
0.10985369491927173,0.1142513643157589,1e-11,0.9615088237867057
0.09030699817522002,1.192533838737768,1e-11,0.07572699007921238
1.2761825031993965,9.32075500766416,1e-11,0.13691836145784675
0.03783955597952011,0.051440646658774423,1e-11,0.7355964288420482
0.07598624816816862,0.7920152153718355,1e-11,0.09594038939327015
0.07762321887622096,0.07827238468087715,1e-11,0.9917063239186734
0.010467799570422367,0.05905296048556515,1e-11,0.17726121576887083
8.794966351186356e-05,8.795003736153017e-05,1e-11,0.9999957492949654
0.028299474130244775,0.0549548210743011,1e-11,0.514958898546549
0.034336153215126085,0.07057916479122797,1e-11,0.4864913507646608
0.4651462724939973,1.8295092921933083,1e-11,0.2542464662403307
0.04817734095137287,0.049443829842392574,1e-11,0.9743852995397652
0.33687036086179833,10.048799971652139,1e-11,0.03352344178529936
0.1065211151196932,0.15273561891199514,1e-11,0.6974215698897955
0.550238536429862,1.5359414610986413,1e-11,0.35824186687185505
0.24333950795038903,0.4249105105410433,1e-11,0.5726841344558461
0.012827054041940759,0.05214959961215955,1e-11,0.24596649135058588
7.517650758067466e-05,7.51779692165439e-05,1e-11,0.9999805576569244
0.014198182934097222,0.13506915934179065,1e-11,0.10511787445251596
0.24976201873069306,0.3962143079491302,1e-11,0.6303710232563331
0.07130134070745707,0.08674027108279615,1e-11,0.8220096596124058
0.2560982540403003,0.2926485481321836,1e-11,0.875105158302804
0.7409150800002804,5.96611818203928,1e-11,0.12418712760849603
1.1092753428135584,3.3112560455262,1e-11,0.33500137940473906
1.1276219480752633e-06,1.167262382559677e-06,1e-11,0.9660398252554953
0.3778486992235479,1.1138878447044065,1e-11,0.33921610781543093
0.9368401079274373,2.500574840032404,1e-11,0.3746498976672489
6.239304236071555e-05,6.239313558600901e-05,1e-11,0.999998505840545
1.061410363480572,1.7965880281778703,1e-11,0.5907922945234542
0.4586243872796932,0.5788908128289292,1e-11,0.7922467883684026
0.04102096507144972,0.043442663391302885,1e-11,0.9442552981146644
0.15148794954606953,0.22729632649734458,1e-11,0.6664777732245458
2.0750783547609616e-06,3.142378330252017e-06,1e-11,0.6603528081847934
0.34959156343243347,0.5198264870575415,1e-11,0.6725158723851943
0.7575961207018891,2.285699023282234,1e-11,0.3314505160062548
0.5740618820445057,1.014929657108738,1e-11,0.5656174080870331
0.10140583399483835,0.2342196964251516,1e-11,0.43295177793573864
0.00013147463296238899,0.00013147609000129412,1e-11,0.9999889178412202
0.008846411280190277,0.02504750473242907,1e-11,0.3531853322194129
0.024050165795211968,0.02776114669904796,1e-11,0.8663246535142853
8.478867156795156e-07,8.560823832289351e-07,1e-11,0.9904265433911776
0.1751048232687367,1.6419889405553467,1e-11,0.10664190174722703
1.2105575595888183,8.04921375482826,1e-11,0.1503945101299707
0.38724757674109456,0.400019271860894,1e-11,0.9680723004659617
0.2984206879265648,0.505968562888609,1e-11,0.589800848935872
1.2957830627975282,1.7907936168981944,1e-11,0.7235803448093219
0.007427287498769276,0.023801302241674486,1e-11,0.3120538289608622
0.0003512732844384345,0.00035127641218158105,1e-11,0.999991096062707
0.5203810632176462,0.5436805754784718,1e-11,0.9571448506499968
0.04458510880342939,0.05303287837136591,1e-11,0.8407069382736403
0.17935715009221936,0.18368696654945624,1e-11,0.9764282870005853
0.16277153969074512,0.1778619501944629,1e-11,0.9151566117023967
1.142044716099647,7.665301042137665,1e-11,0.14898889291126374
0.03343413117936652,0.1381026716973557,1e-11,0.24209619385666595
0.9544232506334526,1.4140911001595684,1e-11,0.6749375980979966
0.4553072384339777,0.5005379714026594,1e-11,0.909635760815645
0.022856735324745463,0.05734920409298794,1e-11,0.3985536623609419
0.00010184544059211829,0.00010184616731469755,1e-11,0.9999928645073406
0.754531671423155,1.1043636118999527,1e-11,0.6832275740460653
0.04033113315693652,0.04691588978613875,1e-11,0.8596476234551201
0.11761552633200272,0.36346478078373123,1e-11,0.32359538681682143
0.027416254787552708,0.04001470199047182,1e-11,0.6851545413003696
0.6253864162489756,10.199196933893575,1e-11,0.06131722137560809
0.038405146111950436,0.03963712920916838,1e-11,0.9689184579761904
0.028160993755862777,0.029991075492172375,1e-11,0.9389791227464568
0.22847636459779483,0.3504024050045596,1e-11,0.6520399441745321
0.13367582288050284,0.17804066250265352,1e-11,0.7508162517565926
9.542553186746641e-05,9.542562651308658e-05,1e-11,0.9999990081739714
0.17450085729165662,0.17810154677333434,1e-11,0.9797829409855703
0.006808145057014063,0.007653402785623203,1e-11,0.8895579192307841
0.01942570470338169,0.08207745074462157,1e-11,0.23667529299640966
0.6999107893769133,0.8125706619034879,1e-11,0.861353753207551
1.0576649567625314,9.149252807197566,1e-11,0.11560123859846608
0.0946381683412877,0.09783646337714913,1e-11,0.967309784864848
0.2652271626525668,0.2823643313023883,1e-11,0.9393083093364613
1.4232462580374383,2.4262176595187466,1e-11,0.5866111197623328
0.030369322564727366,0.03108995717577132,1e-11,0.9768209841213435
3.383138810727396e-05,3.383177489506706e-05,1e-11,0.9999885673218654
0.19698368976885805,0.2626996867037637,1e-11,0.7498436417664592
0.06047456059244241,1.067070857949366,1e-11,0.05667342533246467
0.0008092456274962535,0.032899549880675935,1e-11,0.024597468063585166
0.0333707652030153,0.043316182939709805,1e-11,0.7703994890192157
0.5382597350986315,10.050374879123435,1e-11,0.05355618487591947
0.17732069711125803,0.28536999892340237,1e-11,0.6213711945201835
0.08312851054668899,0.20346833023364572,1e-11,0.40855749123822505
0.0655611811096839,0.07269883056255377,1e-11,0.9018189233906826
0.0331738186095498,0.14997668732775013,1e-11,0.22119316808920916
0.00020163264625553957,0.00020163439309231072,1e-11,0.9999913366130432
0.13503581860159006,0.15875578613023633,1e-11,0.8505883274755892
0.7365407894972296,1.6398541923162542,1e-11,0.4491501701482884
0.1560561013201437,0.21885725540899886,1e-11,0.7130497046054387
0.5418452217141988,0.9283648330145452,1e-11,0.583655479446311
1.912123355521221,11.68910803552418,1e-11,0.16358163084044716
0.09005250733843338,0.12403286128840445,1e-11,0.7260374904118428
0.2606717689440982,0.32089194528812726,1e-11,0.8123350329346608
0.163067328472625,0.3172107987526782,1e-11,0.5140661324073168
1.1752660360970812,2.0613450991546935,1e-11,0.570145210803872
0.00036835879882902913,0.0003683618684805691,1e-11,0.9999916667500015
0.10038159257897125,0.15009681284185772,1e-11,0.6687789745724547
0.3656232622791087,0.4246775901288865,1e-11,0.8609431502334388
0.9989484725734442,1.7708448111861508,1e-11,0.5641084222983529
0.7546404220858204,1.0299665630727572,1e-11,0.7326843891266326
1.7263753418600916,9.741073395164475,1e-11,0.17722639711523724
0.1305344151722723,0.1355248129420507,1e-11,0.9631772391974283
0.0010723712317838325,0.046002011321745855,1e-11,0.02331139880566279
0.4377298765843775,0.4694842878337815,1e-11,0.9323632077317857
0.0373738183506289,0.05974694528754039,1e-11,0.625535216415873
8.652319477585567e-05,8.652394408388816e-05,1e-11,0.9999913398766038
0.06899815637766928,0.8304572278988068,1e-11,0.08308453952799706
0.08434189949445917,0.10288867067440964,1e-11,0.8197394226363214
0.4099864012238688,0.4967975076275312,1e-11,0.8252585710056578
0.018801059484785065,0.0191899241770607,1e-11,0.9797359964173034
0.5608323447347838,7.953730507718305,1e-11,0.07051186159633543
0.26832385045058754,0.6642863884332477,1e-11,0.4039279670978094
0.005221575746959752,0.1374305848649693,1e-11,0.03799427727161421
0.020526492344455416,0.09889172204491645,1e-11,0.20756532417478096
1.0814634626669226,1.2581130396447964,1e-11,0.8595916492307024
0.00013196136026541425,0.00013196271925745956,1e-11,0.999989701697169
0.026045873062374096,0.22129690909771735,1e-11,0.11769650632975225
0.08851253676298168,0.12729825248403245,1e-11,0.6953161966939347
2.0165582935649855e-06,2.568487785296912e-06,1e-11,0.7851150023405213
0.03817635610653708,0.08663431848628184,1e-11,0.44066089251434626
0.3128995201121075,9.828205641903667,1e-11,0.03183689185114574
0.16706044418909763,3.1887647395418575,1e-11,0.052390332255461365
0.34265049242433143,0.3768584109749529,1e-11,0.9092287247560066
0.2554150451762694,0.5222450402332287,1e-11,0.48907127018804036
0.1425991483411849,0.15883063165141467,1e-11,0.8978063416265133
1.411879496404291e-05,1.4118946414773895e-05,1e-11,0.9999892732271563
0.03895781867390988,0.05064415857932657,1e-11,0.7692460446921678
0.9675979779230315,1.2525336100632412,1e-11,0.7725125858093157
0.2724386241021161,0.45509439560057313,1e-11,0.5986420108351099
0.0406291991924175,0.19340336801626545,1e-11,0.21007493100637492
1.3443295101630375,9.898717666766723,1e-11,0.13580845069219394
0.22977532562860534,0.2710583086862898,1e-11,0.8476970388483335
1.0397287408302078,1.315369633890229,1e-11,0.7904460571704028
0.014430607256652794,0.11198059943402876,1e-11,0.12886702991042936
0.09838868325879861,0.1596590785427471,1e-11,0.6162423343340043
0.0001876829853430721,0.0001876845882689005,1e-11,0.9999914594701506
0.8658192443028317,1.7846799849674655,1e-11,0.4851397738506131
0.11860013760675446,0.15992637009643682,1e-11,0.7415921310240311
3.065551640091585e-07,3.4741633839847478e-06,1e-11,0.08823855706450688
0.021369049622899747,0.02922095808215529,1e-11,0.7312918886102313
1.58750441830272,9.463562685266808,1e-11,0.16774913117807105
0.573630365822887,1.948497013529723,1e-11,0.29439632795933796
0.017131396327982433,0.5254307126206433,1e-11,0.032604482220953
0.2960181261030739,1.868474917809535,1e-11,0.15842766915496204
0.01106232129672273,0.06297086970212924,1e-11,0.175673630506467
0.00022251151877865328,0.00022251245529380338,1e-11,0.9999957911787506
0.024610330357143627,0.034866505016616346,1e-11,0.7058444872927491
0.07649667850067428,0.19792296618515326,1e-11,0.3864972316002634
0.05405543058914294,0.0646924726550155,1e-11,0.835575274381665
0.008888622843060193,0.23744596368214047,1e-11,0.037434297493298484
1.2217003388151488,9.42510136318945,1e-11,0.12962198407611883
0.11885372656637987,1.8865563801649408,1e-11,0.06300035759121524
0.056042365583900196,0.10091559189790326,1e-11,0.5553390167953283
0.08413056068780086,0.1122202705540404,1e-11,0.7496913015130119
0.06401912609442045,0.06478966488004712,1e-11,0.9881070725237852
0.00010882164509025172,0.00010882264475295194,1e-11,0.9999908138356453
1.261357273783316,2.1945977750121504,1e-11,0.5747555602877309
0.8220268905343888,1.0136621218344928,1e-11,0.8109476252764691
0.09606927459026836,0.09932928770815529,1e-11,0.9671797392983895
0.21448555942458053,1.1048518157809974,1e-11,0.1941306122332478
0.020142277433963376,1.721147523310123,1e-11,0.011702818707385178
0.3026624696496889,0.7741034273767725,1e-11,0.3909845363627058
0.0027839103383998577,0.11569484749203732,1e-11,0.02406252654070407
0.025971729363901738,0.17558041218942266,1e-11,0.14791928689563885
0.15009869757180222,1.8041018208317365,1e-11,0.08319857329482819
7.177755999811338e-05,7.177765352043856e-05,1e-11,0.9999986970551336
1.2184282184454935e-06,1.6871879058155271e-06,1e-11,0.7221650974652691
0.06563283851729386,0.07099881182605768,1e-11,0.924421646352194
0.09936191143523079,0.1471400586763563,1e-11,0.6752879693611071
0.11712395607378506,0.1272842215730146,1e-11,0.9201765515500185
1.355309541704822,10.430204365206098,1e-11,0.12994084240822462
0.08923016895704589,0.10243906634052916,1e-11,0.8710560545371031
0.5564203528235957,0.7535249122626819,1e-11,0.7384233006348505
0.005154733128382723,0.06946472333489918,1e-11,0.07420648756536509
0.028097296077733095,0.06775561328479254,1e-11,0.4146858793770141
3.914255465960968e-05,3.914288084699796e-05,1e-11,0.9999916667506012
0.2132687817978082,0.6097029063183536,1e-11,0.34979131571738137
0.1251455700874636,0.25200081469609353,1e-11,0.4966077996151954
0.3468840051635369,0.35764149083202756,1e-11,0.969921035606176
0.041235202238913034,0.07315875695913543,1e-11,0.563640006376078
1.2360135160176093,9.277924038228655,1e-11,0.1332209135281506
0.41996393081993066,1.840489182581758,1e-11,0.22818060263240644
1.2324672480093646e-06,1.238625450027327e-06,1e-11,0.99502819676616
0.9890908550938924,1.315102237858338,1e-11,0.7521018720982792
0.33820978804030877,0.5209706641645829,1e-11,0.6491916173104575
0.00021441150073288242,0.00021441368614227315,1e-11,0.9999898075098188
1.0365274299882221,1.50616220621818,1e-11,0.6881911029960291
1.7052559221223327,2.666989579284802,1e-11,0.639393545204487
1.076725209839202,1.5930465407435583,1e-11,0.675890617317833
0.06812681182636691,0.7594417423547174,1e-11,0.089706435697271
2.2395842268826446e-06,3.5260786091157058e-06,1e-11,0.6351486949533162
1.1802570229636142,2.637044215410929,1e-11,0.44756815834416924
0.46532368147288083,0.567471429036086,1e-11,0.8199949066392388
0.06990433341774187,0.07519880524376514,1e-11,0.9295936709518101
0.8424993542057932,0.9726532983405859,1e-11,0.8661867035696642
0.00014906664560321675,0.0001490674783763406,1e-11,0.9999944134486414
0.10639281916793106,0.11155353036644396,1e-11,0.9537378047869898
0.09258310115383157,0.09443883339638769,1e-11,0.9803499029391113
0.02361408405475993,0.032969440131232805,1e-11,0.7162415849576316
0.35295072782921594,0.581165468292083,1e-11,0.6073153810505297
1.2057752668399524,9.04256330400026,1e-11,0.13334440979877243
0.1962533833301611,0.2340306325582825,1e-11,0.8385798952249833
0.7214046832157135,1.249653324424588,1e-11,0.5772838507414763
1.272376773678489,2.6011966655772807,1e-11,0.48915054771381994
0.1736241381062748,0.21507315315299388,1e-11,0.8072794561335416
0.00017505334774269314,0.00017505482493337113,1e-11,0.9999915615540528
0.01893524368363047,0.09322570351256704,1e-11,0.20311183472139693
0.03795216509176811,0.6081936020016758,1e-11,0.06240145402197693
0.013941135333510315,0.027323674652385818,1e-11,0.5102218318315768
0.050591386394456844,0.09152112546108115,1e-11,0.5527837003705832
1.1412954847023689,9.901390658425244,1e-11,0.11526618068859076
0.026469465265327344,1.0932472296956486,1e-11,0.024211783525576583
0.4808713150587993,0.6045023978920163,1e-11,0.7954828909457833
0.5340807933481551,0.6815716010869401,1e-11,0.7836018878961898
1.1221426181584313,1.9828773806762476,1e-11,0.5659162937123887
0.00025851751860889605,0.0002585188791349542,1e-11,0.9999947372274602
0.053303629499205134,0.06477222885807325,1e-11,0.8229395597301781
0.8082492053178282,1.3773917012318009,1e-11,0.5867969181134249
0.012946664068379507,0.021245911220851094,1e-11,0.6093720308721536
1.1142073450821746,2.196069925617393,1e-11,0.507364238308091
1.504345799282235,10.874446198005176,1e-11,0.13833769296299378
0.1025401466645844,0.10350213304716031,1e-11,0.9907056371279074
0.08637990084339182,0.7618152657466831,1e-11,0.11338693870715194
0.18296059838504794,0.19839855186829175,1e-11,0.9221871664996204
0.06557338625602013,0.06708995505166765,1e-11,0.9773949946086629
7.590922258871552e-05,7.591051806310553e-05,1e-11,0.9999829341911627
0.4424116686719284,1.1195463686483134,1e-11,0.39517047356071106
0.02025486771984951,0.10514435643885468,1e-11,0.19263865799234275
0.15031763006639734,0.15517550812814046,1e-11,0.9686942989886549
0.3795743481146798,0.6123170462310353,1e-11,0.6198983850785389
1.9358490348648847,11.917013209287264,1e-11,0.16244414610166102
0.924214018683061,1.1493627459340323,1e-11,0.8041099487107495
0.7370034269266359,1.2798162049608406,1e-11,0.57586661590145
0.012733413299758481,0.05159917274320926,1e-11,0.24677553190877988
0.9263168944918674,1.436151816476396,1e-11,0.6449992848002584
6.553839457640884e-05,6.553873387217712e-05,1e-11,0.9999948229734047
1.0506746580390876,1.7083212340324283,1e-11,0.6150334241054941
0.3790208759615647,0.4804953863720202,1e-11,0.7888127268471011
0.049158385009425785,0.049186154705427566,1e-11,0.9994354164059359
0.12212378993708768,0.21119747608648165,1e-11,0.5782445519712562
0.11869856206491204,9.380062965752563,1e-11,0.012654345978091081
0.03486698542541112,0.11642196060611772,1e-11,0.299488045415883
0.2616983100022731,2.579267125255584,1e-11,0.1014622748608642
0.8711583202895185,1.5499665233580526,1e-11,0.5620497650504901
0.09557006600755881,0.09815049278252223,1e-11,0.973709487320853
0.00016488902243478842,0.00016488982715193447,1e-11,0.9999951196677203
0.969877101758299,1.210511329735742,1e-11,0.8012127420319362
0.06936573488399907,0.7897034787545778,1e-11,0.08783769699659179
0.05977771853615429,0.6013578690038311,1e-11,0.09940456692647595
0.003935478257875881,0.010649555901395949,1e-11,0.36954388467598137
0.7835728446636174,11.907846174158546,1e-11,0.06580307078236067
0.8705547182288811,1.1918760196543585,1e-11,0.7304071093580187
0.296578371002952,0.3019693265781539,1e-11,0.9821473404723222
0.7802153970256565,0.9231147511695449,1e-11,0.8451987101681114
3.0869303055669308e-06,3.199846433057277e-06,1e-11,0.9647120167006075
8.813061811837491e-05,8.8131456526489e-05,1e-11,0.9999904868460464
0.08013345364356789,0.11974056133452994,1e-11,0.6692256387515327
0.002742710376430533,0.015165791318282879,1e-11,0.1808484845181868
0.05270692833764623,0.06243798066150631,1e-11,0.8441485099171476
0.03411285844803421,0.034596472580699394,1e-11,0.9860212878195281
0.28695483105635233,7.922394434871748,1e-11,0.036220720063276896
0.06841350415583762,0.1027239613725534,1e-11,0.6659936322716317
0.0321564386836659,0.037367935587638526,1e-11,0.8605355949688424
0.4217013424574885,0.4582096019356712,1e-11,0.9203241064264993
0.10419635586901134,0.13270381872207015,1e-11,0.785179785121604
9.442201641745832e-05,9.442322274665643e-05,1e-11,0.9999872242318889
0.03793053235810983,0.07058958322581521,1e-11,0.5373389475437265
0.6613643619408757,2.180576034610421,1e-11,0.3032980054093983
0.036675683713846,0.19800133795550356,1e-11,0.18522947416692734
0.11377654661105491,0.11962021887203955,1e-11,0.9511481226494347
3.1556554137541575e-06,3.166686594985694e-06,1e-11,0.9965164910070343
0.6191101935279374,1.0795920869187219,1e-11,0.5734667760440408
0.05804097512388061,0.058233769875464525,1e-11,0.9966892963997314
0.5273844787489005,0.5683810227703302,1e-11,0.9278713708251384
0.9072670577274635,1.287583369711942,1e-11,0.7046278160073138
7.098370949589931e-05,7.098416837576932e-05,1e-11,0.9999935354617725
0.04684414797151549,3.2267399614390024,1e-11,0.01451748468464276
0.045571875540024356,0.04864876970906555,1e-11,0.9367528883578772
0.15312683957620357,0.416179801522472,1e-11,0.3679343375532254
0.12775292997019877,0.36630751165125003,1e-11,0.34875869564975875
1.3824964337451646,10.204394771730804,1e-11,0.13548049293183848
0.01826089837597541,0.032225590963466534,1e-11,0.5666582933010414
9.083875488157523e-07,9.187678703682784e-07,1e-11,0.9887019105833934
1.095350507954829,1.8341885635034474,1e-11,0.5971853329314307
0.07456616964875208,0.07464235372255593,1e-11,0.9989793452375977
0.0001739987789659923,0.00017400022895337655,1e-11,0.9999916667501361
0.4378099127096696,0.621928806532777,1e-11,0.7039550316867275
0.07255679039231286,0.08340790055344462,1e-11,0.8699030896458211
0.002323516659225512,0.027624785086858204,1e-11,0.08410985468013167
0.1513923303658334,0.5180010582325748,1e-11,0.2922625889653308
0.7823261990490593,8.431923784814629,1e-11,0.09278145996266952
0.8192082477950111,1.4803045317210959,1e-11,0.5534052151029678
0.03239040637030823,0.04876399495652057,1e-11,0.6642279082997298
0.641326481827708,0.7140446217840455,1e-11,0.8981602301342867
0.0031332164177006626,0.03741486237340783,1e-11,0.08374256161710644
4.3842311188248426e-05,4.384292676131063e-05,1e-11,0.9999859595809935
0.2520253350714499,0.2811453200473945,1e-11,0.8964237250293349
0.04889892230366636,0.12371346467227641,1e-11,0.3952595009217648
1.0795266517939242e-10,1.8810017098715412e-10,1e-11,
0.018776789498609406,0.019787433864742472,1e-11,0.9489249402908253
0.5224880162900548,9.397774636129915,1e-11,0.05559699359903143
0.58048784337502,1.68785488578398,1e-11,0.343920468675477
0.2299562334618383,0.8358037841576202,1e-11,0.2751318405355197
0.7167504279004859,2.230425516907861,1e-11,0.32135142934257194
0.3911885217408931,2.34361861281128,1e-11,0.16691645970145463
8.20124701975423e-05,8.201328196298798e-05,1e-11,0.9999901020246204
0.4731257581530333,0.5435816060532214,1e-11,0.8703858866532548
0.15005143219090614,1.5131487125277356,1e-11,0.09916502650968335
0.11685149730316523,0.14050995254771734,1e-11,0.8316243453536313
0.04370779000119177,0.2422314967437227,1e-11,0.18043809574208244
1.427771850747718,8.82723421859959,1e-11,0.16174622938397898
0.08031824676572667,0.08054898380774142,1e-11,0.997135444407772
0.11379601565157531,0.12301351309274887,1e-11,0.9250692284983048
0.18242464845918405,2.0541339832571786,1e-11,0.08880854410962948
1.9735813340935335e-06,2.277284355475303e-06,1e-11,0.8666380767726382
4.819438301124294e-05,4.819474466953908e-05,1e-11,0.9999924958976624
0.014127460145703348,0.06993983840317375,1e-11,0.20199446364551893
0.01916538641630741,0.03666705083830052,1e-11,0.5226868804045792
0.9059879507301833,1.197952665418563,1e-11,0.7562802578794984
0.20742625386590471,0.3794065076575344,1e-11,0.5467124302810717
1.4998094885712252,9.38110233456351,1e-11,0.15987561323634247
0.0247612375579685,0.03470751926324611,1e-11,0.7134257383871763
0.8679009435446,1.052280303672687,1e-11,0.8247811353262405
1.112845662589762,1.731101118134432,1e-11,0.6428542220509049
0.0911434630138639,0.0919529617955509,1e-11,0.9911965991537407
3.586042045000782e-05,3.5860609691952095e-05,1e-11,0.9999947228464352
0.585174219326159,0.6950081559083713,1e-11,0.8419674134058758
0.2328938601900546,0.5154741941564177,1e-11,0.45180508128285524
0.15154696420940628,0.2862214632280734,1e-11,0.5294744932830115
0.21916361420794833,0.5761217331901924,1e-11,0.3804119886162962
0.060561339024930175,6.833573161522745,1e-11,0.008862323939974489
1.1454075633454437,3.1273108781327266,1e-11,0.3662595782704374
0.01749166588657947,0.05239939677570596,1e-11,0.33381426052387625
1.1049177263112515,2.647333897957926,1e-11,0.4173699914330988
0.05108368049587699,0.10401507200388209,1e-11,0.49111806117838797
4.924366343364734e-05,4.924388975130139e-05,1e-11,0.9999954041474954
0.01769614869337366,0.1463080884031219,1e-11,0.12095126719594308
0.33768267571471317,1.8030518547073793,1e-11,0.1872839512813215
0.02073086402947468,0.04530546408704912,1e-11,0.4575797742551045
0.08546884010259198,0.08795152944238845,1e-11,0.971772073146008
1.6923262509686399,10.735375452515214,1e-11,0.15764015506063564
0.02136032232539262,0.035094083040702,1e-11,0.6086587958608005
0.021439347479837733,0.028918928049410722,1e-11,0.7413603797210803
0.25530977355284984,0.4540597665886003,1e-11,0.5622823080560948
0.03606644489238207,0.1059389852401179,1e-11,0.3404454442397671
0.00011590644746395426,0.00011590745076909048,1e-11,0.9999913439116332
0.2713903601720255,1.0865595105020671,1e-11,0.24977036006672476
0.1825888393173749,0.337915794936619,1e-11,0.5403382796936795
1.246254019717968,2.115700465995313,1e-11,0.589050312059027
0.008586032867533882,0.032909935683751536,1e-11,0.2608948540660024
1.3640063456975442,10.409007227923192,1e-11,0.1310409644099835
0.542182015266175,0.7491444505720989,1e-11,0.7237349417086746
0.036841203496021574,0.03690866531363418,1e-11,0.9981721956879409
0.09075461315174177,0.1538368053902884,1e-11,0.5899408332192982
0.03741473517553596,0.043866334403821754,1e-11,0.852925955269157
1.9747917931706942e-05,1.9748084077448316e-05,1e-11,0.9999915867412392
0.2062466419856667,1.2646598140084218,1e-11,0.1630846807189631
0.14734710138114668,0.1939775705439575,1e-11,0.7596089639021237
0.1003419255581491,0.10048652131272735,1e-11,0.9985610432853153
0.05260405501033095,0.05944634252307081,1e-11,0.8848997731006848
1.9691866705132746,11.220246670208235,1e-11,0.17550297496950917
0.17198373039282686,0.1977742546202047,1e-11,0.869596150030222
0.010905169108636457,0.021679734734503044,1e-11,0.503012109796759
1.003297732588648,1.6237413203290632,1e-11,0.6178925916508193
0.05785911023184726,0.3074836424289394,1e-11,0.18816971782561967
9.001933021454631e-06,9.002120562942931e-06,1e-11,0.9999791669654956
0.35809555792627173,1.3147906044088604,1e-11,0.27235938310288893
0.029976134698925905,0.030801212489889984,1e-11,0.9732128145528395
0.09523358800595827,1.5541924056604761,1e-11,0.06127528847722519
0.7146409298814892,0.7882130583524999,1e-11,0.9066595919829227
0.0691737300251186,9.791806685504094,1e-11,0.007064450131304595
0.08754593197864009,0.10745296184531446,1e-11,0.8147372624746089
0.020574104642087736,0.04442499664503858,1e-11,0.463120004408272
0.06460375637266881,0.06969213622374337,1e-11,0.9269877474448688
1.7923393891563338e-10,3.240436934651984e-10,1e-11,
6.329427907243487e-05,6.329464850253801e-05,1e-11,0.9999941633279925
0.630151420126388,2.0045235416486236,1e-11,0.31436468918101057
0.060830150857240355,0.06186036951201204,1e-11,0.9833460636769775
0.6913065269080987,1.2808140315953251,1e-11,0.539739969936961
0.21741685999552343,0.6272756655917082,1e-11,0.3466049648051219
0.6023602127483096,6.312213348674251,1e-11,0.09542773342330434
0.18835357120219254,0.6990223163073203,1e-11,0.2694528726882365
0.23934663050705132,0.25108292664123577,1e-11,0.953257291161999
0.5098133564929084,0.5345664513551752,1e-11,0.9536950087318135
0.19255957381524041,0.2011907972833614,1e-11,0.9570993127684435
9.679867211063866e-07,9.679911737950215e-07,1e-11,0.9999954000731046
0.09010448522554493,0.11359010211821173,1e-11,0.7932424000444543
0.0017467756654539082,0.04191750169024215,1e-11,0.041671750343378285
0.2888041889883326,1.547021015979549,1e-11,0.18668407604370288
0.06949528125850853,0.1092349303703436,1e-11,0.6362001698806038
1.4720895687143596,8.420871401849842,1e-11,0.17481439847080202
0.9340494650101142,1.0938918429928628,1e-11,0.8538773471923664
0.8161807705881362,1.246366006039962,1e-11,0.6548483885414692
0.18939145283377615,1.2364512317584346,1e-11,0.15317341110528937
0.03517841023218099,0.05383697079202339,1e-11,0.6534247695338963
0.00025261368309874364,0.0002526163225801007,1e-11,0.9999895514219742
0.3495633474425926,2.406606229894575,1e-11,0.14525157589154322
0.8029458145668723,0.9789185724124093,1e-11,0.8202375940096054
0.1538990118850681,0.5814464192398103,1e-11,0.26468305039401124
0.4210379363555615,0.5454133896778421,1e-11,0.7719611295282921
1.5699874808877798,8.550638480940712,1e-11,0.18361055544416552
0.07660396909992777,0.07899935556113444,1e-11,0.9696784050427731
0.2866243443808068,0.4278438487056066,1e-11,0.6699274636013969
0.21078467179546576,2.529627975030342,1e-11,0.08332635228424744
0.21448264681570295,0.21856373315354363,1e-11,0.981327705749912
0.00037561889501012676,0.0003756219419360731,1e-11,0.9999918883174644
0.07229684394105636,0.08496225521522416,1e-11,0.8509289655496536
0.05266619620305764,0.060053507341815186,1e-11,0.8769878485746032
0.053027899589594335,0.05616813989452087,1e-11,0.9440921435029956
0.3089129014550169,1.5035865022564026,1e-11,0.20545070136732232
0.8468319478487626,9.162785747656047,1e-11,0.09242079550592926
0.07311838953855121,0.09455584098943827,1e-11,0.7732826314422862
0.15931575369015138,0.2374435595488522,1e-11,0.6709626236772002
0.05498571064120223,0.05506106994931054,1e-11,0.9986313504590869
3.2943103922882575e-06,3.5280668640682973e-06,1e-11,0.9337437523759146
6.089152372172211e-05,6.089195933318317e-05,1e-11,0.9999928461579192
0.11949201784699409,0.13434677137972215,1e-11,0.8894297690955141
0.02923929280222809,0.0311366101177744,1e-11,0.9390647437736576
0.10172748423713461,0.5506179053977268,1e-11,0.18475150052313316
0.04713882341565118,0.05045792654886879,1e-11,0.9342203820047374
0.33137885867703915,10.465620115838437,1e-11,0.03166356651676452
0.17967644655630297,0.18035727494304774,1e-11,0.9962251126994475
0.15665659918850847,1.123937280995808,1e-11,0.1393819760562714
0.6940785529189437,1.1032945689985043,1e-11,0.6290963197153966
0.2912849177502348,1.8092343412385892,1e-11,0.1609989989195226
7.290664780433532e-05,7.290728186327636e-05,1e-11,0.9999913032151956
0.06492610322463656,0.2691800258233928,1e-11,0.2411995579019453
0.6193317748553538,2.9749548406934583,1e-11,0.20818190796838731
0.027849381564560575,0.04721836394468813,1e-11,0.5897997990185239
1.2212034612243121,2.1595666976596393,1e-11,0.5654854108223432
0.6163450356301527,12.494969082359713,1e-11,0.04932745583983102
0.15249668677036557,0.16398509246489387,1e-11,0.9299423775549125
0.42624652391086165,0.47528737564589824,1e-11,0.896818526542196
0.12332478396262685,0.12409981740499779,1e-11,0.993754757592901
0.09197753016805976,0.1525803961227412,1e-11,0.6028135494816103
0.00011348640984671748,0.00011348697654027528,1e-11,0.9999950065322465
0.04288428327863183,0.044647348188309406,1e-11,0.9605113185615977
0.20755343779215923,0.22526937147522966,1e-11,0.921356669275306
0.00797489394722623,0.2188352574147246,1e-11,0.03644245466402449
0.13591650613309203,0.27604204238570756,1e-11,0.49237610676412413
0.12444880804285581,3.2678736507505857,1e-11,0.038082502979964246
0.034805989953536925,0.18941636609613655,1e-11,0.1837538681101688
6.699002295174358e-11,2.981451137720828e-10,1e-11,
0.036051262777429684,0.07741823104451863,1e-11,0.46566890370691555
0.06732112430618287,0.12113519346036508,1e-11,0.5557519857200711
8.893192986896906e-05,8.893219682378048e-05,1e-11,0.9999969982208812
0.39349687199753675,1.5299657693314999,1e-11,0.2571932522186235
1.0562690597911517,2.430325641815153,1e-11,0.4346203823954428
0.09304701246657965,0.10590960242538461,1e-11,0.878551239318768
0.08731191840061417,0.09418702348578871,1e-11,0.9270058142753403
1.2899301316972203,10.46936713364985,1e-11,0.1232099433738668
0.0453251494263556,0.05371155093758749,1e-11,0.8438622351274712
0.12300733528703706,0.12399590077661864,1e-11,0.9920274341055637
0.052793568313133726,0.6639408984515393,1e-11,0.07951546355445237
0.08543130666399816,0.18909976328147424,1e-11,0.4517790248993279
6.050001476380711e-05,6.0500391077438466e-05,1e-11,0.9999937799801843
0.3687152728334232,0.4966599981502794,1e-11,0.742389711687345
0.12678342584506755,0.7130378732835222,1e-11,0.17780742173095648
2.437328116457687e-06,3.52754636466597e-06,1e-11,0.6909414829728204
0.09624532196419446,0.1325695815884907,1e-11,0.7259985345880445
0.6062972302480849,4.870704625014854,1e-11,0.12447834079986649
1.6055194587411468,3.10333340991749,1e-11,0.5173531962792981
0.023749320527773614,0.054388912516189214,1e-11,0.4366573889614813
0.5694210050608755,1.5672558834041308,1e-11,0.36332357153069
0.22382458558092078,0.2286032070136035,1e-11,0.9790964374686206
0.00012481016352728258,0.00012481111539092558,1e-11,0.9999923735667291
0.813583085531977,1.0025410603840597,1e-11,0.8115209617652015
0.5232294455053522,2.343439508507743,1e-11,0.22327414196346573
0.025166812661070775,0.04179713989015473,1e-11,0.6021180570539179
0.04766395802411773,0.04789734585737374,1e-11,0.9951273326511455
0.42009731870715683,10.069563790604827,1e-11,0.0417195151093952
0.45602391231351863,0.5583291556666738,1e-11,0.8167653572900067
0.5637567890794044,1.3932873775460424,1e-11,0.40462348124644126
0.043028349001085195,0.04953172065037721,1e-11,0.8687028925323133
3.0362527755485874e-10,3.4000423646897564e-10,1e-11,
0.00010191243047688536,0.00010191331978715735,1e-11,0.9999912738563139
0.2611831647109284,0.6503801587128305,1e-11,0.40158538235212593
0.015644729550277466,0.02853250466399323,1e-11,0.5483125205625718
8.904920664844257e-07,2.388553709021776e-06,1e-11,0.3728164299261764
0.06230283080065044,0.0651724901107051,1e-11,0.9559682420423078
0.664974009479485,7.998252612825716,1e-11,0.08313991088667994
0.4160222558679287,0.4673611892299409,1e-11,0.8901514833814034
0.8075752014147293,2.3846771291178666,1e-11,0.33865179967296677
0.04914891355348251,0.05231424045920426,1e-11,0.939493971852843
0.06925658432658811,0.07525419231247127,1e-11,0.9203020084119723
2.9414326649064212e-05,2.9414580591761127e-05,1e-11,0.9999913667748509
0.006851043375024516,0.03268116646736643,1e-11,0.2096327676022697
1.6402735442525194,3.3323732297755404,1e-11,0.49222383903348177
0.023325558809987157,0.04007570512478431,1e-11,0.5820373899188553
0.04234344608256006,0.059070665795251255,1e-11,0.716826965000352
0.31093169865222264,9.258329225821827,1e-11,0.033583996752353816
0.033726178300360427,0.03633001073585567,1e-11,0.9283283328918642
0.047361419365566766,0.07624393932467122,1e-11,0.6211827429834994
0.16879529143789476,0.5707524354352771,1e-11,0.2957416928219766
0.7054855378128367,0.8422570650294877,1e-11,0.8376130840625687
3.405548589597951e-06,3.405564421572352e-06,1e-11,0.9999953511452313
0.4864083203673098,0.6920283554684548,1e-11,0.702873396044654
0.009226784477750874,0.14842466568849463,1e-11,0.06216476510120987
0.41897574572082613,0.5896822704049826,1e-11,0.7105110103328722
0.13255858167850565,0.18231034709810215,1e-11,0.7271039948554054
1.341054776112223,6.236376241773348,1e-11,0.2150375032105001
0.6217776255384782,1.0290716079188986,1e-11,0.6042122052088338
0.05976900599076363,0.059843885731503614,1e-11,0.9987487486846035
0.6545600759412413,0.7573866269104984,1e-11,0.8642350586665319
0.8744724992868733,1.175551282245767,1e-11,0.7438829020000605
0.0001682997624879875,0.0001683013055362242,1e-11,0.9999908316324
0.02116515749982859,0.060592880869037496,1e-11,0.3493010597329731
0.18461148669900493,0.22362672922004434,1e-11,0.8255340823652204
0.043737379547562474,0.1173039851937658,1e-11,0.37285501831259976
0.03525644894399707,0.11526184789322041,1e-11,0.3058813439869449
1.4289260045274668,9.471577481743703,1e-11,0.15086462706784548
0.06629828997869465,0.1546637402023641,1e-11,0.42866084766829693
0.1129007946931428,0.19483983662159807,1e-11,0.5794543695517947
0.03618666629603817,0.0377781605788112,1e-11,0.9578726370371338
0.06779108194875624,0.07358192866245232,1e-11,0.9213006940839938
0.0001516304690735142,0.00015163194708302837,1e-11,0.9999902526509578
0.0292800752873556,0.035668922643915385,1e-11,0.8208847679437935
0.32150102747002895,0.960016184518171,1e-11,0.33489125772539896
0.005243219657072286,0.030835809219979988,1e-11,0.170036713473858
0.1556083208890747,0.6922811299393299,1e-11,0.22477619880049582
1.2347578729248776,9.296006741250052,1e-11,0.1328266972361121
0.9394313070617261,1.3258019665801324,1e-11,0.7085758889655005
0.12411355136168926,0.21194860183533884,1e-11,0.5855832512550004
0.06306471433800494,0.45855951401210016,1e-11,0.13752787241557662
0.02697162760501027,0.027139633917438403,1e-11,0.9938095586351965
9.139119695081348e-05,9.13923206834955e-05,1e-11,0.9999877042986367
0.0035163235662156057,0.0049939836960860955,1e-11,0.7041119435314602
0.06963759938925418,0.07856543357846918,1e-11,0.8863643490200037
0.06754595886384336,0.09342295188349975,1e-11,0.7230124664448035
0.24065441046056854,2.8705746658732365,1e-11,0.08383492452629196
0.21166881851152614,9.450212520521742,1e-11,0.02239831305929615
0.022405775313814373,0.032482885592254006,1e-11,0.6897717030151207
0.017262222653382783,0.0353604985089324,1e-11,0.4881781474042901
0.08621891141811162,0.08735144137908024,1e-11,0.9870347879429515
0.7686304769542168,2.755661133760412,1e-11,0.27892779251320116
0.00011038434027756472,0.00011038466359397844,1e-11,0.9999970710024093
0.04182490616304849,0.1555351848638719,1e-11,0.26890961167181976
0.4436463305650235,0.5030386090325007,1e-11,0.8819329622000446
0.2834662632615054,0.2883070672192832,1e-11,0.9832095549912556
0.7099084035810139,0.8636748635766097,1e-11,0.8219625619775185
1.3313783094156153,11.421135869153414,1e-11,0.1165714447904824
0.35614164471663035,0.6244588009463841,1e-11,0.57032048259531
0.1329076412145269,2.633573004195061,1e-11,0.05046666297186984
0.44738481006644887,1.0845758190206785,1e-11,0.41249749645941447
0.420610673355277,0.43987302677869494,1e-11,0.9562092871106893
6.890886372690414e-05,6.890916801967401e-05,1e-11,0.9999955841468035
0.007522671204680507,0.045723179748393294,1e-11,0.16452642283577953
0.03734411096651565,0.03990737771923893,1e-11,0.9357696020330708
0.009370199522532074,0.023010199030451962,1e-11,0.4072194034537226
0.19671941431993956,0.19924373306144152,1e-11,0.9873304986675614
0.23873894279541122,9.89909075906526,1e-11,0.024117259716684786
0.0783938995284246,0.14235494573401736,1e-11,0.550693192457812
0.783022602408848,0.9482405409326223,1e-11,0.8257636840107283
0.22120187999185945,0.43638981893973905,1e-11,0.5068905606672853
2.949345362200437e-10,3.5253756122289885e-10,1e-11,
0.0001996766673615249,0.00019967764422057445,1e-11,0.9999951078196392
0.008298741013784628,0.038953326182137274,1e-11,0.2130431936667365
0.45744836519461574,0.4881107311846806,1e-11,0.9371815368294709
0.3946027462280879,0.8830149813938669,1e-11,0.44688114532914835
0.11932774841972318,0.22737113978368192,1e-11,0.5248148403234031
1.3631210087263816,7.945692514746921,1e-11,0.17155471422994004
0.2333335036555297,0.2623283433413635,1e-11,0.8894711897444368
0.043741864142265476,0.13414719711367742,1e-11,0.3260736346596811
0.45550522212055516,2.8573233791485944,1e-11,0.15941675536084526
1.070871838062498,2.162864295210275,1e-11,0.49511744238137106
7.784180180836047e-05,7.784260839928038e-05,1e-11,0.9999896381822694
0.9447208090787222,2.152626697257538,1e-11,0.438868852775218
0.12823184465695292,0.3184705035015787,1e-11,0.4026490467627162
0.44462294810314035,0.48990594032105456,1e-11,0.9075679870543344
0.023054768302201652,0.023970020640541306,1e-11,0.9618167897280966
1.207217340884544,7.519509039531058,1e-11,0.16054470239187718
0.015467011005323668,0.023337493559865113,1e-11,0.6627537342708993
0.036594869483463216,0.06902184698370242,1e-11,0.5301925561641964
0.3015300866396225,0.41288914484116873,1e-11,0.7302930832817508
0.006149726345964,0.0192188436169731,1e-11,0.319984202407104
6.23712166200862e-06,6.237133953669208e-06,1e-11,0.9999980292774406
0.28348455673177514,0.3219046263317753,1e-11,0.880647662514791
0.04014662294960082,0.04076517613651533,1e-11,0.9848264316375556
0.034014957193838145,0.038805557874752705,1e-11,0.8765485939829415
0.03163623439767146,0.037150979322661204,1e-11,0.8515585584677741
1.814938829243669,10.08842655694768,1e-11,0.17990306208788923
0.08275634030920152,0.2183286758078613,1e-11,0.3790447590220842
0.280228897397778,0.2875846340740187,1e-11,0.9744223584826599
0.09792092900689463,0.1679933778819082,1e-11,0.5828856484791242
0.03286873272056942,0.049133550657153115,1e-11,0.6689671778439693
5.6244637964786195e-05,5.624578900567332e-05,1e-11,0.9999795355188811
0.4235719014510561,1.4625689017229313,1e-11,0.28960816885418605
0.4520756496025183,0.6380879259102591,1e-11,0.7084848831101348
0.04058501911041777,0.09549215794003511,1e-11,0.4250089220509959
0.15671749245404612,0.7009972203494116,1e-11,0.22356364319951283
0.1584106414242156,7.876231471175829,1e-11,0.020112491869232325
0.02255360591359338,0.027572346808781005,1e-11,0.8179791901649336
0.0053765200008653105,0.03579547239292326,1e-11,0.15020111878529768
0.27923404339441976,0.6138465468083188,1e-11,0.4548922606900549
8.290909751699736e-07,3.103822896672821e-06,1e-11,0.26711929216667846
9.334299457547601e-05,9.334386936002204e-05,1e-11,0.9999906283663617
0.19588941401452784,1.5725491878885711,1e-11,0.12456806790097577
0.5567481088127141,1.1066260048115208,1e-11,0.5031041258672921
0.02962967156719114,0.25620700055254,1e-11,0.1156473925509113
0.0220372056185194,0.04750584804812681,1e-11,0.4638840589940451
1.4379961641455725,8.06968741311617,1e-11,0.17819725728264355
0.057261711910003,0.057323903177281664,1e-11,0.9989150901485838
1.491243572115221e-06,3.1060023687398605e-06,1e-11,0.4801166886167685
0.08178053933555593,0.0954923991164059,1e-11,0.8564088879562538
0.04277770749641248,0.04392816006919207,1e-11,0.9738105904966771
2.6248412162722816e-05,2.6248606361696853e-05,1e-11,0.9999926015510553
0.047463337800742515,0.07966138398667888,1e-11,0.5958136229302697
0.002174788853630897,0.02183261966334626,1e-11,0.09961190581641678
0.4830350118040168,0.8558002331063013,1e-11,0.5644249593748565
0.08780599140531455,0.41802473646922256,1e-11,0.2100497500386065
0.7542624564750019,10.282518390113975,1e-11,0.07335386408841049
0.49934847366613416,0.5588308369917515,1e-11,0.8935592680500283
0.16677889088448875,0.22139313195009855,1e-11,0.7533155586871606
0.054410745615906926,0.28994899210343356,1e-11,0.18765626747375266
0.014857993749322703,0.015294434676776913,1e-11,0.9714640693377897
0.00017502173723089236,0.00017502221223709088,1e-11,0.9999972860233427
0.017154371016952066,0.06599462260772149,1e-11,0.25993589082127694
0.09575509193840326,0.3106104844271255,1e-11,0.30828029554446357
0.029743977573170526,0.030135075462692864,1e-11,0.987021838056901
0.07380699648461359,0.1606554002315093,1e-11,0.4594118615263195
1.8415341701321122,8.920386197640694,1e-11,0.20644108106206993
0.03214291013331017,0.12494984662869824,1e-11,0.2572464952984396
0.6169193572476628,0.6644312832654953,1e-11,0.9284923404203298
0.41419478430917794,2.4959244053931946,1e-11,0.16594844916544174
0.036331965755131534,0.3118626040116829,1e-11,0.11649991146027394
2.2251646335827013e-05,2.2251667727178004e-05,1e-11,0.9999990386630228
0.006128412029025536,0.06749540616690787,1e-11,0.09079746870284362
0.5673744650315884,1.841533218097432,1e-11,0.3080989576814518
0.06975136955626952,1.1948667734564895,1e-11,0.05837585503737291
0.1701161912890196,0.1712402456804811,1e-11,0.99343580484252
0.9031711061188942,7.272275104369988,1e-11,0.12419374860780075
0.9195791221684327,1.4623807174581214,1e-11,0.628823336625243
0.06758220498971039,0.13791066076421318,1e-11,0.4900433702167243
1.087820035601776,2.0694559293743082,1e-11,0.5256550865186456
0.8048317844645551,1.0027076666906314,1e-11,0.8026584529076632
0.00011659072371859404,0.00011659228870340952,1e-11,0.9999865772871183
0.05878661025925149,0.07110448557462173,1e-11,0.8267637376766751
0.3399686166657118,1.7813926571613263,1e-11,0.19084428988691157
0.10647222577904036,0.107374387775108,1e-11,0.9915979777416084
0.05330770649175932,0.33805204486090257,1e-11,0.15769082690712227
1.859753143598018,10.670758304234576,1e-11,0.17428500304987649
1.3403199875362988,2.0397461384431503,1e-11,0.6571013727028339
0.037149700550408456,1.030444757636019,1e-11,0.03605210301194112
0.48790965288029514,0.7972652877010217,1e-11,0.6119790493917298
0.18407493088982493,0.38146706984958195,1e-11,0.48254474747298204
0.00012299147682145166,0.0001229922676869235,1e-11,0.9999935697951853
0.011982026222425123,0.07386331030401491,1e-11,0.16221891725551094
0.0579243796301933,0.14318097481682146,1e-11,0.4045536057028445
0.03210198751565682,0.06401064152245789,1e-11,0.5015101669367579
0.06810250072571367,0.06854002075545304,1e-11,0.9936165757623503
0.5533474023861954,9.416284026338626,1e-11,0.058764943882152185
0.057078633720625396,0.07067538353793143,1e-11,0.8076168937943058
1.0303480298468495,1.358283115601287,1e-11,0.7585664711666046
0.10977475740612788,0.16333538716437154,1e-11,0.6720819003885345
0.02794536600478409,0.02970583790991717,1e-11,0.9407365006679257
0.00031043309431770164,0.0003104357856766342,1e-11,0.9999913303843928
0.1937561285790807,0.3331831265042427,1e-11,0.5815304352653448
0.5983893726734922,1.0762554188064455,1e-11,0.5559919719959218
0.5551013906463562,0.6045167627594866,1e-11,0.9182564071713081
0.45582446839214374,0.5141771450682967,1e-11,0.8865125040351567
1.760460863496184,11.899792195852026,1e-11,0.1479404711041792
0.01799012760523303,0.03215522907400553,1e-11,0.5594775134031419
0.9387586486713833,1.7583644923238368,1e-11,0.5338817138139142
0.07446166959493566,0.6915955678391768,1e-11,0.1076664933345133
0.141616063537121,0.15852381421777426,1e-11,0.8933425191408403
0.000156326542715011,0.00015632777089504842,1e-11,0.9999921435581764
1.7342747135219728e-06,1.9445824829246823e-06,1e-11,0.8918493963360179
0.017987091040605665,0.07349131743676403,1e-11,0.24475123957442657
0.9192446067830042,3.003499295955735,1e-11,0.30605787323499073
0.633572042506751,2.234918426877676,1e-11,0.2834877706887458
1.1334719508453384,11.38211839721482,1e-11,0.09958356707330479
0.007359432664240344,0.05039525668852471,1e-11,0.14603423313678904
0.39683614983265614,0.5653498216029771,1e-11,0.7019302645351121
0.006079572568245144,0.09267875211616132,1e-11,0.06559834297968485
0.02580694109549815,0.038013141026171905,1e-11,0.6788952556625134
0.00011128488904355412,0.00011128558036475542,1e-11,0.9999937878636295
1.3903783804859748,2.5969949086378707,1e-11,0.5353797097797282
0.058125973244653684,0.19958980494133677,1e-11,0.29122716594536485
1.837234040418621e-10,3.292959569603995e-10,1e-11,
0.06210175725470014,0.10610821481158063,1e-11,0.5852681374856414
0.5661800943336642,9.41900954737245,1e-11,0.06011036420401625
0.1547777341989598,3.494557776351282,1e-11,0.04429107890171027
0.08032153134658511,0.16620615707365885,1e-11,0.4832644756414674
0.21257882191447236,0.2145271727466223,1e-11,0.9909179298491425
0.3867492322598456,1.0329897812925477,1e-11,0.374397926546687
4.887856131010993e-05,4.887894218018137e-05,1e-11,0.9999922078904647
0.5619335217318685,2.7329753209860383,1e-11,0.2056123659137642
1.0999309315675023,2.0277347015248295,1e-11,0.5424432154464629
0.42593731204452817,0.5383938972035636,1e-11,0.7911258174672136
0.003940562572607058,0.021903450508327,1e-11,0.17990601851105517
0.12911206843573786,10.426464668878705,1e-11,0.012383110914010606
0.008555107228830693,0.008748247326882947,1e-11,0.9779224236769412
0.06478107884025514,0.08549272209510868,1e-11,0.7577379366653887
0.6019404480271957,2.0420067088000464,1e-11,0.2947788787534967
0.7749267098546038,1.3454049959446333,1e-11,0.5759802529278656
3.3115083551742914e-05,3.311556477635748e-05,1e-11,0.9999854683253082
0.21809532337038665,0.39898782492685514,1e-11,0.5466215000680014
1.0007421375288208,1.6971540193986223,1e-11,0.5896589974099278
0.06004431130276046,0.06023148243592896,1e-11,0.9968924700904115
0.05838028435288862,0.090241294312427,1e-11,0.646935361440723
1.0015889760809007,8.323245467560145,1e-11,0.12033634956275102
0.17459312702664245,0.47550364215803387,1e-11,0.36717516239048353
0.4430586058974129,0.5011413893588831,1e-11,0.8840990093917881
0.26567193878078077,0.8284844972857934,1e-11,0.32067219079071646
0.37658912126010025,0.44040408106915285,1e-11,0.8550990725287301
0.00024204076972906917,0.00024204240736421323,1e-11,0.9999932340982645
0.06341985272410118,0.07083815102779775,1e-11,0.8952782053728994
0.6373620883029824,2.952347035342088,1e-11,0.2158831874008102
0.03607589895522516,0.05039471433001898,1e-11,0.7158667220330996
0.5003453996063266,0.8205100883658105,1e-11,0.6097979862780872
1.2081732545134904,9.291690628275783,1e-11,0.13002727951755813
0.32772080268194426,0.9420862451984976,1e-11,0.3478670921608599
0.11767825171576327,0.16162611197445656,1e-11,0.7280893556009141
0.10002698047447109,0.1748658183401599,1e-11,0.5720213442737697
0.0024825807156268163,0.058262216433645334,1e-11,0.04261047498002793
0.00046895667558611665,0.0004689605835518913,1e-11,0.9999916667500175
0.30359674903965356,2.2058535904405017,1e-11,0.1376323208191829
0.022207768297633206,0.13388736213887933,1e-11,0.16586904053421728
0.22114210273531937,0.2601764601346039,1e-11,0.8499696806579279
1.1683023164748714,1.4150442185619276,1e-11,0.8256295465184731
0.8144831037605846,6.71775597910084,1e-11,0.12124332981050047
0.9531322890390729,1.0858359646900515,1e-11,0.8777866271091339
0.7059337594739197,1.176681588956834,1e-11,0.599936096645952
0.09534314295572749,0.19442074820915048,1e-11,0.4903959265353765
0.15544748836862196,0.15857867903216333,1e-11,0.9802546554010184
0.0002265307445772644,0.000226532124475236,1e-11,0.9999939085991676
0.15240382121028215,0.1664353337761705,1e-11,0.9156939079729395
0.030525358847778385,0.03056710178885053,1e-11,0.9986343834178165
0.4129398569684734,1.8866655204866294,1e-11,0.21887284867641163
0.4631741305934898,0.8759262925917108,1e-11,0.5287820841900287
1.246659824686293,9.349238631529753,1e-11,0.1333434596997029
0.015703604469417525,0.1397029363583007,1e-11,0.11240711812342996
0.024591056033546815,0.030439479089649012,1e-11,0.807867176738548
0.23895619851778943,0.43272214439885714,1e-11,0.5522162468707265
0.16802626718568686,0.21353753787933258,1e-11,0.7868699286054166
4.864004642904604e-05,4.864070313051428e-05,1e-11,0.9999864989314304
0.020183944947545798,0.037282962744102525,1e-11,0.5413718079778551
0.6614904211614809,1.0641498324603713,1e-11,0.621613987977689
0.008686424491764776,0.15682751818891874,1e-11,0.05538839479242967
0.4743919670977204,0.6391648968018907,1e-11,0.7422059150484891
0.8085533099617667,5.908561655701126,1e-11,0.13684435520472224
0.6288004676888871,0.898056489084897,1e-11,0.7001791928808656
0.012907011142854084,0.0352857322665069,1e-11,0.36578555449465266
0.4720152455845913,0.5381136108784947,1e-11,0.8771665240245552
0.025105550871597375,0.027407378763680955,1e-11,0.916014299947069
0.00048675215300001247,0.00048675620926117184,1e-11,0.999991666750044
0.054447416370320516,0.9472465665798868,1e-11,0.057479666109434925
0.5913604215073974,0.6974542811898663,1e-11,0.8478841372921658
0.0026573904785890685,0.004083615583438574,1e-11,0.6507445238886652
0.46700493748176963,0.5646411176199306,1e-11,0.8270827662184503
0.7096144310604265,10.319699079514354,1e-11,0.0687630933414602
0.021164911011048393,0.021188386794151554,1e-11,0.9988920448106204
0.05704555490675121,0.71752918462816,1e-11,0.07950276606005026
0.08368129220952811,0.08604883271306292,1e-11,0.9724860822757517
0.42025727166952037,1.078848813453251,1e-11,0.3895423218053445
0.00014967891185741142,0.00014967993592850888,1e-11,0.9999931582607174
0.059877796974269135,0.07872217187480157,1e-11,0.7606217606584557
0.1643743216218087,0.46856442279923094,1e-11,0.3508041021122069
0.5665242992706911,0.8734894315326485,1e-11,0.6485760202921427
0.07469838040909452,0.07485885257076927,1e-11,0.9978563368771509
1.30045074384207,7.661115313036362,1e-11,0.16974692204791483
0.034435688660669775,0.04786881365235916,1e-11,0.7193762709632694
0.005653878705506949,0.054338732455169146,1e-11,0.10404877791677501
0.0805882975388455,0.1312545697678501,1e-11,0.613984699209955
0.08389474771926315,0.10111616890110332,1e-11,0.8296867714728831
6.310129319397523e-05,6.310203719509743e-05,1e-11,0.9999882095546314
0.15734356326738075,0.1784203261354784,1e-11,0.8818701695899064
0.20593580843324374,2.2553306680900307,1e-11,0.0913106939691661
0.12012678831850157,0.13779124606203907,1e-11,0.8718027578066587
0.775014526226847,0.9053458677819394,1e-11,0.8560424847639733
1.836007880205882,10.158864697869856,1e-11,0.1807296321793578
0.45280657665605645,1.0167355613316942,1e-11,0.44535333854456904
0.03037256881626381,0.033183658925326515,1e-11,0.9152869153040499
0.0650446048650583,0.07505386221359965,1e-11,0.8666390102609843
0.07514704577143301,0.0796517386500163,1e-11,0.9434451406217688
0.00018416577851584204,0.0001841681079044591,1e-11,0.9999873518349971
0.3560493570851491,0.41065924351889244,1e-11,0.8670189766927017
0.04124643721712249,0.04171026289218492,1e-11,0.9888798189486038
0.20286563251635167,0.24314977001581584,1e-11,0.8343237688571786
0.046991817488338264,0.05446460284337133,1e-11,0.8627955595944908
1.1573743997708998,9.15854109735646,1e-11,0.12637104397609425
0.11408487074670327,0.40828076505434885,1e-11,0.27942749331214933
3.178740260154728e-08,4.714000824684042e-08,1e-11,0.6743189868592746
0.06989616797603927,0.07365104619937311,1e-11,0.949017992043597
0.1267650491777647,0.1349153659132903,1e-11,0.9395894108847187
0.00016632278333041876,0.00016632477758711915,1e-11,0.9999880098640183
0.18192746129358667,0.20561584650827933,1e-11,0.884792998122648
0.5109873611077491,0.9572531477653838,1e-11,0.5338058822795207
0.40304442289456943,0.4181866404377547,1e-11,0.9637907668993574
0.28751284135615984,0.5972421232412551,1e-11,0.48140080909869015
0.9967162543175246,8.295458716170504,1e-11,0.12015203600189168
0.4321797347249242,0.6743383879333651,1e-11,0.6408944566383341
0.027597930100261535,1.1576407134514266,1e-11,0.02383980606381767
1.2036993456749325,2.749176885639803,1e-11,0.4378399047229008
0.3383445599500512,0.5595486601418717,1e-11,0.6046740597399788
6.726291825015252e-05,6.726349414551672e-05,1e-11,0.9999914382181372
0.020461376195598253,0.16788900280500121,1e-11,0.12187442806699864
0.04332553842242649,0.07006094737295727,1e-11,0.6183978385532031
0.013473854332669115,0.03472269300614045,1e-11,0.38804174348707243
0.3723672797966056,0.9720004204782972,1e-11,0.3830937435329225
0.08198041938035562,2.5163734820153216,1e-11,0.03257879641725475
0.03325070160409867,0.4926680385534428,1e-11,0.06749108730846105
0.03457643548965392,0.03548170350357052,1e-11,0.9744863429732029
0.4038667271363928,0.4236845420040838,1e-11,0.9532250698268337
0.40409943937359005,1.5981263321707218,1e-11,0.2528582573473432
0.0001552923098578755,0.00015529345353468063,1e-11,0.9999926353830179
0.042764473223342,0.0437863272411799,1e-11,0.9766627145453554
0.6905780546084266,0.7832949683380861,1e-11,0.8816321852208796
1.0209968828696703,2.4683691846462743,1e-11,0.41363216216620474
0.003507137881733264,0.02355588767642737,1e-11,0.1488858297300719
5.157091645221971e-07,8.546732144153407e-07,1e-11,0.6033992358997469
0.721172726581611,0.8703216594636243,1e-11,0.828627805294501
0.028554179095375144,0.03498977682328722,1e-11,0.8160720555488394
0.14565573710180568,0.21045879228732908,1e-11,0.6920867288022305
0.23853153811911615,0.248526676033122,1e-11,0.9597824343304147
0.00012158503570003281,0.0001215865193122152,1e-11,0.9999877978891839
1.0297434984504126,1.4380623265152814,1e-11,0.7160631910479787
0.04762088210529145,0.088957642467588,1e-11,0.5353208649008686
0.06438792507828545,0.5467804367784481,1e-11,0.11775828238780792
0.027639094581706432,0.029885623148978375,1e-11,0.9248291208092565
0.11453923629184128,8.708523960974226,1e-11,0.013152543049215855
0.01910549561740956,0.036674643255667515,1e-11,0.5209456431306143
0.024516319586235808,0.02539072731588474,1e-11,0.965561926652574
0.0642342950186277,0.6322369764496799,1e-11,0.10159844711920316
0.182298753473316,0.29345118474505255,1e-11,0.62122343663971
0.00010370771796219442,0.00010370798294073944,1e-11,0.999997444955176
0.024233778801010006,0.025667809450610025,1e-11,0.9441311634964651
0.3955100977620607,0.41426155154525374,1e-11,0.9547352301625688
1.1493812572945146,3.489383087331583,1e-11,0.32939382937557443
0.17278329844023285,0.18357282374979608,1e-11,0.9412248224482889
1.5351442106151636,9.861771658184816,1e-11,0.1556661686991165
0.15975687188286442,0.5401679433295961,1e-11,0.29575407770058104
0.19876603741140134,0.20778163123674256,1e-11,0.9566102461912572
0.02695839474719326,0.03206674642361954,1e-11,0.8406962898904018
0.03315323161727466,0.04367284801113934,1e-11,0.7591268517413494
0.00013205216504561836,0.0001320529800772201,1e-11,0.9999938279953904
0.5193551961809599,2.277377469592432,1e-11,0.22804967692681427
0.7065120668622383,1.0536786022329419,1e-11,0.6705195164493303
0.10181965825056613,1.6560887549739256,1e-11,0.061482005686445976
0.007232066454164915,0.14725061557900432,1e-11,0.049113998102674805
1.3342802194444487,10.05751031948234,1e-11,0.1326650609405613
0.06913622406752948,0.14732423368503042,1e-11,0.4692793733808805
7.201433831420688e-07,3.5354891786551586e-06,1e-11,0.20368988469539015
0.12851485256907386,0.27262476889313975,1e-11,0.4713982999081334
0.0460517420364233,0.04934421383215739,1e-11,0.9332754229921807
0.00018429305738249394,0.00018429457544556717,1e-11,0.9999917628445137
0.8775427296702193,1.0001268233549618,1e-11,0.877431450869871
0.31964966761908437,0.5141570616296792,1e-11,0.6216965426982923
0.9868057536516278,1.3422460954257822,1e-11,0.7351898858298389
0.5410316440574569,0.9276958615756968,1e-11,0.5831993721935026
1.381640446311079e-10,1.436843006520461e-10,1e-11,
0.44791694765148765,0.5109703324105243,1e-11,0.8766006933091799
0.3205246319869334,0.35254653266876285,1e-11,0.9091697188469704
0.2402907038893918,0.792402774937973,1e-11,0.30324313781990614
0.0763822470700374,0.11051314879999764,1e-11,0.691159811293324
9.791781480733695e-05,9.791799713986035e-05,1e-11,0.9999981379059139
0.10575124189232134,0.1612252003924158,1e-11,0.6559225334186403
0.15647084640608425,0.16813607224661606,1e-11,0.9306203262353978
0.178497000951049,0.2216862880451887,1e-11,0.8051783559778133
0.22698149898966258,1.96142152900012,1e-11,0.11572295686250147
0.49215294280079713,4.2105890934091015,1e-11,0.11688458120294178
0.2421411067116526,0.5804929595466832,1e-11,0.4171301352229055
0.03554529745532092,0.04207056839269852,1e-11,0.844897010269296
0.060055475734398144,0.060607914298990644,1e-11,0.9908850424737071
0.23645199281522727,0.43441516572074546,1e-11,0.5442995813070334
3.7169247725698966e-05,3.716982017171663e-05,1e-11,0.99998459917172
1.0726942296297284,2.102735422534998,1e-11,0.5101422737894997
0.007771778522713158,0.017217195196022914,1e-11,0.4513963182869879
0.6190073136913393,0.7694021130192511,1e-11,0.8045303011480698
0.011008022620894523,0.038803665181559185,1e-11,0.2836851253454766
1.3155526966743445,10.158733449539577,1e-11,0.1294996766288783
0.11619594875531582,0.40714195082091864,1e-11,0.28539419364924296
0.32496502036175834,0.38213495118567076,1e-11,0.850393347568632
0.5871609889193207,0.7308315101234183,1e-11,0.803414987977413
0.5743485866612442,2.4742111326285543,1e-11,0.23213402408834338
2.0297755884396042e-05,2.0298015607095905e-05,1e-11,0.9999872045275316
0.021930525798790453,0.047146795363892706,1e-11,0.46515411343494856
0.007368186341136484,0.02582901940257143,1e-11,0.28526775354092376
2.2258604258947544e-06,2.3609146602116743e-06,1e-11,0.9427958000375959
1.5619236549191085,3.118664085002339,1e-11,0.5008310008219231
1.6169985106141223,10.115525383342746,1e-11,0.1598531415161922
0.7312843147365401,0.9985530813748728,1e-11,0.7323439568477024
0.8446416238976356,1.8323379509441784,1e-11,0.46096388685417095
0.41440664082601314,0.46714740665904086,1e-11,0.8871003775655724
0.4715846107520288,0.7432148388654178,1e-11,0.6345199074226555
6.149881308463048e-05,6.149937103332048e-05,1e-11,0.9999909275707926
0.18790619931242297,0.1894125539745255,1e-11,0.9920472290220789
0.750255816786881,1.393320341817006,1e-11,0.5384661332141931
1.3247486996610884,2.229940154227085,1e-11,0.594073655810847
0.5691678690414259,1.7476966621452998,1e-11,0.32566742351202504
1.1218245337443789e-06,1.4353933370281136e-06,1e-11,0.7815450335495091
0.045651296296711205,0.06340283466262023,1e-11,0.7200197994242895
0.019075491549821664,0.09709803344632849,1e-11,0.19645600299789548
0.849073705838868,2.5729271480410145,1e-11,0.3300030109617908
0.9258400561576305,4.144448055913928,1e-11,0.223392848376155
1.7240698147506912e-05,1.7241030732797332e-05,1e-11,0.9999807096631533
0.03813575658684664,0.791195236751889,1e-11,0.048200184752636016
0.07106427718385691,0.07592690393379,1e-11,0.9359564726335555
0.012105057821102922,0.14519950324874303,1e-11,0.08336845202814228
0.03342582609653637,0.2013116279744774,1e-11,0.16604021552482873
1.2760958389714627,7.303729872461861,1e-11,0.174718378315562
0.27197646502347217,0.6011073961871705,1e-11,0.45245902271145105
1.6174307247889316e-10,3.335528916725533e-10,1e-11,
0.4034974315218316,0.6946548781520832,1e-11,0.5808602864709064
0.04512761524703157,0.07611817200672565,1e-11,0.592862572199503
0.00019700558732085047,0.00019700810513900244,1e-11,0.999987219723015
0.05565243916391231,0.4643146650165849,1e-11,0.11985931816718401
0.01632168296033943,0.27449919488364327,1e-11,0.0594598573130897
0.049183297149984165,0.04983754760248202,1e-11,0.986872338548511
0.44860540848451796,0.809281898838158,1e-11,0.554325271736037
1.5571855679446507,10.207377239629505,1e-11,0.15255491507641894
0.030619307749614785,1.896297051475142,1e-11,0.016146894140765457
0.7722594110970791,1.4864060973063264,1e-11,0.5195480646214866
0.933822054695944,1.5078418871062687,1e-11,0.619310328676478
0.005670163895921832,0.058868331226913394,1e-11,0.09631942638335822
8.11426478554501e-05,8.114315060513677e-05,1e-11,0.9999938041635934
0.048444139197166905,0.057286874184397804,1e-11,0.8456411680140293
0.09650270349787612,0.22823761922131736,1e-11,0.4228168162072328
0.005681242811405078,0.1385146874439277,1e-11,0.041015454146008226
0.478938705938266,1.4794766121858034,1e-11,0.3237217148236456
0.758434432267365,10.000954982487922,1e-11,0.07583620100234571
0.2005322877450296,0.20500762171867584,1e-11,0.9781699141908607
0.031139038837800132,0.050529881076090466,1e-11,0.6162499925719077
0.13155939187808435,0.2193596736023817,1e-11,0.5997428320236885
0.14730851139850976,0.14900874425688487,1e-11,0.9885897108464723
4.220281843366097e-05,4.22036022962257e-05,1e-11,0.9999814266431755
1.0999303412465107,1.5207694171326473,1e-11,0.7232722652460932
0.2848469253271539,0.8054238327797708,1e-11,0.35366090961582003
0.22087840708562845,1.1898030623212388,1e-11,0.1856428295408041
0.0785514597399023,0.09207856001755746,1e-11,0.8530917482302522
5.5750697009664503e-11,8.875484917106364e-11,1e-11,
0.36389180632147516,0.8977999724150602,1e-11,0.40531501169755557
0.2904450248891235,0.3401124577281009,1e-11,0.8539676165620388
0.4533708404990588,0.48012113899553427,1e-11,0.9442842726057844
0.06340668560808162,0.06483204933008496,1e-11,0.9780145200293412
0.0002860738416164782,0.0002860775214910052,1e-11,0.9999871367924756
0.30593513125283384,0.7115040064512347,1e-11,0.42998370842455985
0.6728251652431205,0.8485883308938117,1e-11,0.7928758159264797
1.2256309129749121,1.4919157557494875,1e-11,0.821514826324223
0.2537642940736725,0.3247717026709247,1e-11,0.7813620829238299
1.626533672038742,9.557092801757797,1e-11,0.17019126064566206
0.05994364127160724,0.0997799412996875,1e-11,0.6007584339177696
0.12759844996079991,0.1484963169433846,1e-11,0.8592701326689997
0.041755431878084226,0.0529023213457371,1e-11,0.7892929991709883
0.018718930710963342,0.08789450320026289,1e-11,0.21297043648239602
0.0001627439952916639,0.00016274535148935756,1e-11,0.9999916667500407
1.2059375834489607,2.8041327357419057,1e-11,0.43005723947297336
0.040609434291560165,0.08167203972865401,1e-11,0.4972256653131274
0.006116905993972962,0.02785273684579854,1e-11,0.21961597626251475
0.030739810572154115,0.03475054122826855,1e-11,0.8845850880488784
0.03051748472395731,0.031716817131708964,1e-11,0.9621862306431556
0.07231688880567176,0.08286536133221586,1e-11,0.8727034751679392
1.206065838821641,2.65785245938479,1e-11,0.4537745632053661
0.2848055155790503,0.5579878821962329,1e-11,0.510415234212721
0.08158054131878567,0.08215320968871519,1e-11,0.9930292635905597
0.0001513549812170338,0.00015135526710701393,1e-11,0.9999981111329285
0.804775059746954,1.333346420456261,1e-11,0.603575370511413
0.11385401902409435,0.11558704584559576,1e-11,0.9850067383518355
0.03903662095373211,0.11873809532030327,1e-11,0.3287623980191735
0.023993968169760526,0.170278794946036,1e-11,0.14090990118508054
0.6918743693620901,9.240532292133839,1e-11,0.07487386521564997
0.7817210568956798,2.537010071900323,1e-11,0.3081269032212155
0.12942993825008228,0.16291469291794924,1e-11,0.7944644889412688
0.020719194265674215,0.40602059478006053,1e-11,0.05102990964509499
0.055626167613124666,0.05819006982270257,1e-11,0.955939179702142
0.00011097587607068669,0.00011097751886101195,1e-11,0.999985197089085
0.06408500119214913,0.06646107853382156,1e-11,0.9642485888870542
0.030599923920563873,0.03556188186990261,1e-11,0.8604697589545104
0.09724661895208085,0.14877977233901934,1e-11,0.6536279591185845
0.09977272038597126,0.1557172096225973,1e-11,0.6407302097679799
0.2975022057880131,10.985485731074013,1e-11,0.027081388394733036
0.07170569719976795,0.07235725400835226,1e-11,0.9909952800515468
0.2660517469047829,0.9852232983027593,1e-11,0.27004207813914805
0.15042541967613818,0.15403143979214923,1e-11,0.9765890644086881
0.47045227770425996,1.2547509994564567,1e-11,0.3749367626788537
3.280880388448992e-05,3.280912687825731e-05,1e-11,0.9999901553683954
0.6834869268183441,0.7672680177434136,1e-11,0.8908059648159514
0.03799628702994287,0.0571096468802392,1e-11,0.665321694417448
0.17210730729129398,0.2285219936151542,1e-11,0.7531323553090202
0.6803753828807042,0.9153610673950476,1e-11,0.7432863458098887
0.923433677434027,5.249376137879918,1e-11,0.1759130329355627
0.002086865938728131,0.01918621126485843,1e-11,0.10876904824614572
0.05430459391463012,0.05569971061994795,1e-11,0.9749528913204409
0.6726615870466807,1.4778174621932023,1e-11,0.45517230933812064
1.1642209062943982,1.7997480693800194,1e-11,0.6468799306424322
0.00018228103372332216,0.00018228184461840095,1e-11,0.9999955514215885
0.26025122940445733,0.7043615491978773,1e-11,0.3694852873511194
0.010401347339453278,0.04710655473442216,1e-11,0.22080467141131646
0.13425965562878797,0.13473236897306912,1e-11,0.996491464167934
1.3251573596869501,2.1797229599791295,1e-11,0.6079476080298013
1.7638784626322999,9.990880393270517,1e-11,0.17654885187299232
0.035655642749716325,0.05583871894687331,1e-11,0.6385469334215961
0.8775672261071765,1.2329120319601576,1e-11,0.7117841365470069
0.09166906019502126,0.10672899620262788,1e-11,0.8588955528166411
0.0162376248252717,0.019907900357578206,1e-11,0.8156372361533664
0.00019843012339953184,0.0001984316576504145,1e-11,0.9999922681143683
0.020956992074528565,0.16422976561391747,1e-11,0.12760775731602572
0.09361804809423699,0.12037454197456916,1e-11,0.7777229849316073
0.08986208063676773,0.16278306568266337,1e-11,0.5520358045839295
0.22366821443972262,1.1980818399641442,1e-11,0.186688594200223
0.15134827869461354,9.502127052935064,1e-11,0.015927831510931474
0.5780235749642212,2.449121795537806,1e-11,0.23601258868274952
0.028102896895775286,0.05343990250134646,1e-11,0.5258785211119577
0.07624705762555611,0.16474875148290746,1e-11,0.46280810591433635
0.05671183655339649,0.09704754389862343,1e-11,0.584371682941694
0.00011655409573875122,0.00011655506702125524,1e-11,0.9999916667500707
0.0019205427867376096,0.007019024998243403,1e-11,0.2736195963425474
0.5567614829887745,1.5416882274963575,1e-11,0.3611375329063346
0.8237128534960607,1.1545066746938424,1e-11,0.7134760426694777
0.05528807620460156,0.3084889445253277,1e-11,0.179222228821436
1.4099703026477564,11.127797085571416,1e-11,0.1267070464895482
0.06450398365570362,0.12414801859249341,1e-11,0.5195732029154095
0.10492108195788508,0.12944966475557929,1e-11,0.8105164440247264
0.12815106756764566,0.1796509016017715,1e-11,0.7133338403818064
0.3167685625496359,0.4566008105629749,1e-11,0.6937538331547636
0.00024599176021589884,0.0002459931685478303,1e-11,0.9999942749144631
0.043628579715793675,0.3115903580164581,1e-11,0.14001903009299543
0.01119802408583539,1.716594624054455,1e-11,0.006523394591197414
0.2656207890103635,0.30323631420255626,1e-11,0.8759530985228033
0.06811494785698187,0.11740432910356634,1e-11,0.5801740734525672
1.4644242643674006,8.773809686575271,1e-11,0.16690859691293547
0.048682604299629145,0.04958405587293578,1e-11,0.9818197289948064
0.00953783210119905,0.04963180834108535,1e-11,0.19217176282701767
0.04580602494446611,0.21275926156940378,1e-11,0.21529509270985986
0.4642639446473905,0.5188770702732383,1e-11,0.8947474676476093
0.0004514765219749159,0.0004514802076226816,1e-11,0.9999918365241632
0.9641661886935242,1.6976069129365,1e-11,0.5679560923946293
0.6436218123926284,2.163011176107792,1e-11,0.297558246347477
0.20289767978527315,0.3730043402377439,1e-11,0.5439552785255826
0.0496582747664187,0.051773059041596216,1e-11,0.959152804289999
0.9729472781260017,9.918993029948856,1e-11,0.09808931967069023
0.02831607522919733,0.041600120844922116,1e-11,0.6806729080128071
0.0299472845938603,0.03235265734838524,1e-11,0.9256514626102269
0.02107919458950899,0.0249000563855903,1e-11,0.8465520825771122
0.04613564338928252,0.2003533336206349,1e-11,0.23027140380224195
0.0002392458115816108,0.00023924704581009207,1e-11,0.9999948411965669
0.07959321256198156,0.10153334479254104,1e-11,0.783912051007589
0.05071230731692308,0.06415899573922144,1e-11,0.7904161642904554
0.07000318330802671,0.0702919947878029,1e-11,0.9958912607239551
0.04677750273871081,0.057336175353830024,1e-11,0.8158462340754318
0.4343320375573877,7.404004202248394,1e-11,0.05866177620827024
0.6961943407637918,0.7763594748932833,1e-11,0.896742247989553
6.276620382499281e-07,7.205681578587694e-07,1e-11,0.8710654660553974
0.10030956313562787,0.10083038315864931,1e-11,0.99483469162066
0.7231516431159085,0.8441693640027543,1e-11,0.8566428420085961
0.0001193123607776476,0.00011931271139784845,1e-11,0.9999970613340629
0.01696438528682837,0.01990334204665981,1e-11,0.8523385292308405
0.920905907450674,1.71658797670837,1e-11,0.5364746345343453
0.03640491807195299,0.047627392058189534,1e-11,0.7643693366093758
0.050883107083156624,0.1178142321856557,1e-11,0.43189270208860064
0.10523673086139733,0.8158364598837001,1e-11,0.12899243419005707
0.0049889014796152984,0.1943742527692244,1e-11,0.025666472840610705
0.03871742560987699,0.07775357484097874,1e-11,0.4979504246468628
0.04266614824825508,0.06778184724086245,1e-11,0.6294627541890551
0.0661873224064702,0.15734687298264402,1e-11,0.42064593437310266
3.826156949850666e-05,3.82619444426571e-05,1e-11,0.9999902005986391
0.2261863162836584,0.30752379132236013,1e-11,0.7355083498127136
0.09198390137584017,0.10306181092487035,1e-11,0.8925119843168124
0.6764997660310302,3.0116326706836727,1e-11,0.22462891062921614
0.1711222381965484,0.23342796132600968,1e-11,0.7330837198100532
1.4008487588039729,8.3448945936384,1e-11,0.16786895785021513
0.04540394542220733,0.046971380748636646,1e-11,0.9666299925306154
0.9549740502776641,1.1466330879055504,1e-11,0.8328505956705189
0.6060461199438618,0.690490819796628,1e-11,0.8777033706579359
1.1604285954772138,2.2373223552018713,1e-11,0.5186684845745035
0.00010768506169516941,0.00010768589286186837,1e-11,0.9999922815637511
0.006753896863810844,0.029624664311584867,1e-11,0.2279822242971273
0.07438201206499602,0.07597953913695807,1e-11,0.9789742463548983
0.029321337890855028,0.07415259615715152,1e-11,0.3954188984660004
0.7578175523897086,0.9583079878148747,1e-11,0.7907870559627468
1.300223438814574,10.429458869445416,1e-11,0.1246683509749258
0.07608225536893806,0.08708161725611831,1e-11,0.8736890490351172
0.45670479681320714,2.2618060307744448,1e-11,0.20192040811600054
0.6861657542242092,0.7900239199539975,1e-11,0.8685379478942412
0.09848641422806838,0.12704057186723455,1e-11,0.7752359170028998
0.0002493773474740948,0.000249379931380998,1e-11,0.9999896386734536
0.39065875347563456,0.4150203075713179,1e-11,0.9413003324144638
0.5241214981365716,1.3087801343608767,1e-11,0.40046565834567666
0.3743110062737675,1.7080857956830673,1e-11,0.21914063521854868
1.1595872655001467,1.5444184905003262,1e-11,0.7508245159150416
0.41031311737180554,10.691416743006522,1e-11,0.03837780597601341
0.18010680048041688,0.3969655331801209,1e-11,0.45370891280552167
2.4211753628218943e-06,2.4265691400092933e-06,1e-11,0.9977772002872425
1.3901402815833157,2.8966754018505285,1e-11,0.4799088916539391
0.3245593184543533,0.5370965333312367,1e-11,0.6042848879350184
0.00023618547569286685,0.0002361862564156495,1e-11,0.99999669446142
0.7155634219143576,2.485656945167094,1e-11,0.2878769829061247
0.03546358027820214,0.04039955363716797,1e-11,0.8778210917057092
0.3511815365186276,2.1799356217186694,1e-11,0.1610972053577228
0.022357144810804763,0.032739461470359804,1e-11,0.6828806524824936
0.7658996878961813,9.759564853726964,1e-11,0.07847682754049234
0.011520041063548701,0.08425014469740374,1e-11,0.13673615760453053
0.028048908496241805,0.09547257062321729,1e-11,0.29379023014826827
0.1111867123426466,0.31854887589730435,1e-11,0.34904129556084706
1.0922224980472839,1.555244817961181,1e-11,0.7022833224926687
0.00029850622158820284,0.0002985087195756838,1e-11,0.9999916317771738
0.07990606824170342,0.24642591719944612,1e-11,0.32426000134162436
0.12918864923334655,0.12964368120488953,1e-11,0.9964901338243871
0.05227751785057851,0.8995693299931119,1e-11,0.05811393975712668
0.1132799725645917,0.12683271375788185,1e-11,0.8931447511313071
0.6507662978047876,10.365930727498906,1e-11,0.06277934079555678
0.00650359100497236,0.04090150386354519,1e-11,0.1590061584696131
0.01610688037097929,0.07860558045032567,1e-11,0.2049075940754351
0.09224916615749709,0.09844922165080289,1e-11,0.937022808414908
0.15998209581812406,1.94964559750266,1e-11,0.08205701386090287
0.0001508911079821616,0.00015089190829266832,1e-11,0.9999946961337041
0.20613258672386142,2.162571637338964,1e-11,0.09531826976955397
0.3297967148740764,0.6115312887072732,1e-11,0.5392965510746629
0.06721027747605596,0.07040157487234872,1e-11,0.9546700851212607
0.08211780753979041,0.09804277536969844,1e-11,0.8375712257240948
2.2277319973168932e-10,2.8592599984390433e-10,1e-11,
0.10741864178388662,1.2081805844065812,1e-11,0.08890942560266944
0.11226017773759842,0.11251982371266336,1e-11,0.9976924423937243
0.11731278704361504,0.20790658356226477,1e-11,0.5642572016411481
0.01442908353812473,0.035195242102334295,1e-11,0.4099725609549858
0.00011204455033625897,0.00011204477221251744,1e-11,0.9999980197535853
0.7120313844042834,0.8682285806740919,1e-11,0.8200966891132089
0.6468379529736151,2.4384552243067437,1e-11,0.2652654625460724
0.029890246419531096,0.24251854299037043,1e-11,0.12324932374642353
1.0882414720471847,2.7318507189524697,1e-11,0.3983531986200446
0.39942432086933055,10.419237406417638,1e-11,0.03833527400223251
0.008627631941287886,0.04933018585164626,1e-11,0.17489558963419075
6.120713606308224e-11,6.150593183041972e-11,1e-11,
0.046592594049215154,0.05810908057362967,1e-11,0.8018126184285079
0.22862130101881764,0.9801743902015271,1e-11,0.23324553600284573
0.0003438575771000198,0.0003438608357908754,1e-11,0.9999905232276652
0.05938122681842172,0.05940868459124637,1e-11,0.9995378155060398
0.3713683901033475,0.3877909508686317,1e-11,0.9576509953919798
0.3777906174553187,0.46466421392135765,1e-11,0.813040053734928
0.010941345182514274,0.08175421647584394,1e-11,0.13383218204711353
1.0137259378130927,10.195595292776241,1e-11,0.09942783218664392
0.2930032959138986,0.32943962820737016,1e-11,0.8893990607877441
0.18209400776427945,0.21068692460032637,1e-11,0.8642871792338905
0.023855438105754845,0.7735534108035035,1e-11,0.030838773086108925
0.8160696878262378,1.1920510386731147,1e-11,0.6845929086514736
1.4128023074280443e-05,1.4128057989120819e-05,1e-11,0.99999752868792
0.0772058886863092,0.10904222430851042,1e-11,0.7080366268746732
0.02039075987386222,0.04483094675479038,1e-11,0.4548366998670038
0.31765208241694126,0.7814622217361259,1e-11,0.4064842465592686
0.0038291756889407965,0.03721566731932604,1e-11,0.10289149610256515
0.9802333047125363,9.923559619532098,1e-11,0.09877839629070068
0.026436358993909947,0.031145921011279814,1e-11,0.8487904077177795
0.013713939786224916,0.02363180171087876,1e-11,0.5803171486460038
1.5524030467652412,3.018627397458665,1e-11,0.514274483850569
0.820057638751272,1.2127032192468346,1e-11,0.6762228595884983
0.00024508701933616386,0.00024508869965460223,1e-11,0.9999931440395222
0.005106020409056077,0.013001531594095244,1e-11,0.3927245318832298
0.042135078458442006,0.08185122077585358,1e-11,0.5147764206697332
0.04805852141515386,0.06712391644467668,1e-11,0.7159671836902357
0.06403966159530092,0.23783232176552668,1e-11,0.2692639129951232
0.97622949818323,9.304319145448174,1e-11,0.10492218537675779
0.5524149820626653,0.6349119830805087,1e-11,0.8700654528245334
0.04206337749810012,0.14922356112918048,1e-11,0.2818816089081705
0.011488528979246845,0.051303012522370635,1e-11,0.2239347830546458
0.22331252796109852,0.2569666173576852,1e-11,0.8690332240715072
0.00014154749482467852,0.00014154868163342927,1e-11,0.9999916155435922
0.27239759866266355,0.2828818659283881,1e-11,0.9629376480838873
0.7521961982365144,1.0049599039327728,1e-11,0.7484837905401974
1.0543824443655607,2.1508205117042807,1e-11,0.4902233536586847
0.21037847273081622,0.21222655820301528,1e-11,0.9912919217658368
0.9279808041652456,7.433282819688376,1e-11,0.12484131529441109
0.6053003582147509,1.9053638703115685,1e-11,0.3176822903206258
0.8631635150007073,2.429778294358339,1e-11,0.3552437343789234
0.04530542420346636,0.08402598594719056,1e-11,0.5391834882120912
0.6846887869693925,1.017143639966364,1e-11,0.6731485702373703
6.247747242369397e-05,6.247806063433461e-05,1e-11,0.9999905853249178
0.5381025250084619,0.5848571022077165,1e-11,0.9200581184313816
0.6560216323508626,1.3650249152900247,1e-11,0.48059315621464593
0.919268758814558,1.8998181715140063,1e-11,0.48387196869581095
0.9972763352481843,1.702601038185629,1e-11,0.5857369476944102
1.810158069627927,12.14332051209414,1e-11,0.14906615269069937
0.4470961013786362,2.2215111570991626,1e-11,0.20125764390148368
0.1104610714216899,0.11489351497911542,1e-11,0.9614212903293
0.4666023860273892,0.5126046708642165,1e-11,0.9102577727993181
0.4214637022398709,0.46551728575317064,1e-11,0.9053663851772454
0.00011940158779768531,0.00011940276713232452,1e-11,0.9999901230543685
0.5979355885841806,0.6664566753048433,1e-11,0.8971859848364179
0.04831505539925682,0.08359171647084751,1e-11,0.5779885548361317
0.12161102094031717,0.18165983890846019,1e-11,0.669443624254219
0.7732978201051942,2.0040890692058824,1e-11,0.3858600059186054
1.0677661220199186,9.317325383160991,1e-11,0.11460006794972194
0.11639775502200873,0.11761468075689269,1e-11,0.989653283696792
0.04010253650554193,1.2286946745752827,1e-11,0.03263832531821137
0.23517217597364276,1.8662024720481951,1e-11,0.12601643149445435
1.2032091507580436,1.8691341148236809,1e-11,0.6437254240964644
5.633407721075889e-06,5.633458619115148e-06,1e-11,0.99999096504604
0.19464566547321047,0.24067089973978206,1e-11,0.8087627780660854
0.08129946766686875,0.16185876596858817,1e-11,0.5022864667252344
0.07592384823075986,0.09440534678621301,1e-11,0.8042325018168124
0.13881103801554198,0.2370390365814914,1e-11,0.585604126718682
0.8744295743404933,8.734396539037018,1e-11,0.10011333587070008
0.4838460838704656,0.8956298926510722,1e-11,0.540229940783103
0.0331299077852683,0.03327989333473596,1e-11,0.9954932082275904
0.2767752861816993,0.6727121739348669,1e-11,0.41143195694344176
0.3034907613356747,1.9075474064525073,1e-11,0.15909998373255674
0.00045865152726837097,0.0004586543965934613,1e-11,0.999993744036661
0.02331747664206185,0.02898178264235605,1e-11,0.8045563287050541
0.8946264284408335,1.3081363520544251,1e-11,0.683893867054321
0.06998437803396242,0.11540313802902105,1e-11,0.6064339257080086
0.7991999205915672,1.0997617330071556,1e-11,0.7267027908002025
1.3667393410633213,7.925084251630583,1e-11,0.1724573894318051
0.10439200155541789,0.6881398819911658,1e-11,0.15170171688546027
0.05280365099557441,0.053641853747020685,1e-11,0.9843740905115005
0.1308398075074729,0.47708636048889375,1e-11,0.27424763804480795
0.2416074066538349,1.6441184888583156,1e-11,0.14695255134659324
9.116411395111201e-05,9.116466005190325e-05,1e-11,0.999994009731502
1.1032815342736115,1.6121705743939134,1e-11,0.6843454109614823
0.1027663040399996,0.13983347297684684,1e-11,0.7349191996183583
0.06165515458891285,0.07025392366561803,1e-11,0.8776044293606711
0.48004181111324795,0.6021004883578213,1e-11,0.7972785612955104
1.6473291168841158,10.046073446288682,1e-11,0.1639774112434633
0.07705728247364907,0.17091590362558945,1e-11,0.450849106718891
0.2789207035360736,0.28857536758043034,1e-11,0.9665437000901824
0.033540272020402814,0.03450121435479618,1e-11,0.9721475793718032
0.019139978603598163,0.0324310283970007,1e-11,0.5901748895933339
0.00025487850393502245,0.00025488070417240157,1e-11,0.9999913675796437
0.08836093089582504,0.15295255429008456,1e-11,0.577701570960644
0.0624664118061999,0.2306220707041544,1e-11,0.2708605105117315
0.012076488316229038,0.03478822310568436,1e-11,0.34714300525041053
1.0186547630443379,1.4706036750319431,1e-11,0.6926779664291344
0.21271635097788855,9.739483017325531,1e-11,0.021840620349097402
0.02458053422981323,0.026035190589818454,1e-11,0.9441273012775986
0.053546627273528324,0.2155798270269958,1e-11,0.24838422041605496
0.4186998386552122,0.55728401710529,1e-11,0.7513221729021982
0.19138456311327595,1.1017838942784646,1e-11,0.17370426642387046
0.00014050699069668114,0.0001405082460348767,1e-11,0.9999910657329304
1.0817387821970121,2.4418653321830295,1e-11,0.4429969040225232
0.018726802657726745,0.026743448562546072,1e-11,0.7002388870653519
0.053059709304934914,0.057833557651868546,1e-11,0.9174553919772668
0.032034902232830766,0.04586137054122921,1e-11,0.6985160245926689
0.5486317125377138,9.121765816887555,1e-11,0.06014534066660712
0.06523863025185,0.06532741426060916,1e-11,0.998640937962048
0.03510243423541988,0.08612858100529358,1e-11,0.40755848785274235
0.03920287628893859,0.042483287468200695,1e-11,0.9227834902909166
0.18493268667406507,0.38092080448626947,1e-11,0.4854885438023669
0.0002937648596802074,0.00029376862663829006,1e-11,0.9999871771260064
0.004703980623411706,0.06201138227288839,1e-11,0.07585672905518032
0.027180494549669962,0.09441673596721598,1e-11,0.28787793044559135
0.46703520117640934,0.49511820387787925,1e-11,0.9432802056528776
0.05075235590189237,0.15152458239072156,1e-11,0.3349447007286399
1.3362212681189707,10.960528042377913,1e-11,0.12191212530569598
0.6686171108047978,2.5474049724288936,1e-11,0.26246989310352425
2.1621362745148076e-10,3.016068178376966e-10,1e-11,
0.30457693211982945,0.409049314186137,1e-11,0.744597097603817
0.9268616495911952,1.1535593619303428,1e-11,0.8034798036229395
1.4324540125198094e-05,1.4324628141784687e-05,1e-11,0.9999938555761643
0.1194125946326197,0.14274816523881198,1e-11,0.8365263009359679
0.19544925560983026,0.21947541659542547,1e-11,0.8905291473719613
0.04189529624421798,0.08390611423613105,1e-11,0.49931160113451334
1.4533010134386681,3.455057742665096,1e-11,0.4206300217482469
1.6109289223405219,11.123527650375939,1e-11,0.1448217663473042
0.14930462018781152,0.1632049573471465,1e-11,0.9148289525926094
0.43438208884936186,0.7303290306591123,1e-11,0.5947758758231722
0.18241136289589294,0.7169821563046745,1e-11,0.25441548480933046
0.14776121349443716,0.4238129992778512,1e-11,0.3486471952163155
0.0003072184374679582,0.00030722125490231425,1e-11,0.9999908292987184
0.04244051978437847,0.0555275204226656,1e-11,0.7643150542528964
0.04988564973427811,0.07263922077506973,1e-11,0.6867591530029077
0.23852138832871236,0.28183970561063737,1e-11,0.8463015805808092
0.6394148758027951,0.7771726201098913,1e-11,0.8227449851647921
0.5723359140757626,8.5377140748005,1e-11,0.0670362006810513
0.00865839431784086,0.09070464566867117,1e-11,0.09545701054242049
0.037725910867655456,0.0377393717462565,1e-11,0.999643320013604
0.719396213230828,2.3594968499203026,1e-11,0.3048939070442613
0.5329589309491998,0.6052368503038582,1e-11,0.8805791165584657
0.00011480070404304588,0.00011480131349914902,1e-11,0.9999946912096686
1.094526289080048,3.1211880878553804,1e-11,0.35067617146780633
0.09643934641394165,0.14166246810628186,1e-11,0.6807685034937293
0.9793065089934924,1.8017646170979413,1e-11,0.5435263295217982
0.15457135269734934,0.18353867748169828,1e-11,0.8421731856096792
2.729370684930058e-06,3.2315327099834593e-06,1e-11,0.8446056190296239
0.06099208961630294,0.11990551073530017,1e-11,0.508667943969208
0.3841949614395134,2.751754563576919,1e-11,0.1396181790792092
0.02201643270623207,0.10683928902535422,1e-11,0.20607056549213193
0.12382060344528907,0.12647828899656294,1e-11,0.9789870216275136
4.005340640801372e-05,4.0053694912272065e-05,1e-11,0.9999927970625687
0.04289385511722584,0.04567575095409128,1e-11,0.9390946885654595
0.04539903644952482,0.38133639576704464,1e-11,0.11905246116937321
0.03226448257172158,0.042399438632136154,1e-11,0.7609648526635703
0.5316979250806423,0.8557648910582383,1e-11,0.621313085680747
0.2604366440174915,2.7769510720096204,1e-11,0.09378510361330171
0.03849630989580147,0.057352430385110155,1e-11,0.6712236889928885
0.6541746842648108,0.8909187152530181,1e-11,0.7342697746326131
0.007195191524192852,0.0320488477756265,1e-11,0.22450702672889458
0.2702542118150198,0.2841664762672689,1e-11,0.9510418518222252
6.397716107843221e-05,6.397733188386985e-05,1e-11,0.9999973302194292
0.032296717212947045,0.032360917315353815,1e-11,0.9980161222940268
0.018219261897395353,0.02952256234892184,1e-11,0.6171301014480105
0.10425738012304596,0.12907399285051088,1e-11,0.8077334389414397
0.07971285290060885,0.8008439532038829,1e-11,0.09953606140335701
0.34346809361393965,10.878586466452685,1e-11,0.03157286056172136
0.3338712984007493,1.0032817059087373,1e-11,0.3327792148849564
0.9267680706101835,2.700682787903304,1e-11,0.3431606535803811
0.9145302189590253,2.7455976468327146,1e-11,0.33308967175653553
0.035296379878713875,0.09596833605900565,1e-11,0.3677919335499583
9.16410286229108e-05,9.16411879317033e-05,1e-11,0.9999982616027128
0.026114104149953157,0.03304506041967395,1e-11,0.7902574187579839
0.06210830995660737,0.06661325757285683,1e-11,0.9323716061878183
0.46617805550858954,0.6300357997168747,1e-11,0.7399231213814842
0.007761196992889023,0.07082556085845136,1e-11,0.1095818642142515
0.3694385742643723,7.700574340125128,1e-11,0.047975457147313154
0.08670702240764898,0.2356843537024588,1e-11,0.3678946906976812
0.2592636812072395,0.28096733025828496,1e-11,0.9227538339382948
0.6719026860597934,1.0759168227675482,1e-11,0.6244931502525246
0.00995318645364757,0.031236725943290973,1e-11,0.31863731402955553
9.040740733011761e-05,9.040801005296198e-05,1e-11,0.9999933333026131
0.5680124607031618,3.2149296561802907,1e-11,0.17667959223034027
0.030027166003453797,0.03810182148913174,1e-11,0.788076916795666
0.4305935545244603,0.5680986112746489,1e-11,0.7579556541395744
0.0419302356697487,0.08133644891936374,1e-11,0.5155159369118508
1.544045809307745,9.175144338454626,1e-11,0.1682857241641835
0.1211871943953531,1.6106022534566382,1e-11,0.07524340297877014
0.034288387381715885,0.040369786765935126,1e-11,0.8493576540426304
0.285784615497756,0.3689895373438339,1e-11,0.7745060132462634
0.11704232043648587,0.14267891328247628,1e-11,0.8203196796485618
0.000179503393048112,0.00017950423260507722,1e-11,0.9999953229127079
0.9699472090099142,1.4449213409619126,1e-11,0.6712802846168783
0.5002814037096878,1.0686316157806817,1e-11,0.4681514156253093
3.893303445751568e-07,2.0652992642124573e-06,1e-11,0.18851037780406937
0.041597913599135485,0.08734196457700329,1e-11,0.4762649180218693
0.7675241445955987,8.624823931834232,1e-11,0.08899012323749202
0.08276238194307392,0.11654301234163474,1e-11,0.7101445232980926
0.0970354424301761,0.33791014585289253,1e-11,0.28716344750542055
0.22925817271401372,0.6699930631688613,1e-11,0.342179919937817
0.1220656815396265,0.3183407907946736,1e-11,0.3834434199742802
0.00032727964381404335,0.0003272823711398921,1e-11,0.9999916667499099
0.23698582439120808,0.8467318922304808,1e-11,0.2798829553554839
0.10455261017269861,0.34302514619085567,1e-11,0.30479576011761716
0.5804393136299744,0.7019771800392954,1e-11,0.8268635080095943
0.3224677689977225,0.819173042432782,1e-11,0.3936503672533669
0.44346378619937404,5.574412028583225,1e-11,0.07955346392148256
0.06598962293793666,0.27730260040308446,1e-11,0.23796972275779152
0.5248537104642618,0.6815315201480662,1e-11,0.7701092245157416
1.1171523922180358,2.8151763713171682,1e-11,0.39683211453474265
1.5785283615351e-10,1.5902202076220492e-10,1e-11,
0.0001288167136382409,0.00012881813352071567,1e-11,0.9999889776195635
0.014518127661169522,0.024098839294673845,1e-11,0.6024409509373432
1.0526012672392406,1.3662044094106192,1e-11,0.7704566461568756
0.32415251080800744,3.1713212786167486,1e-11,0.10221370915449939
0.09453761016717217,0.13472244832585686,1e-11,0.7017212895249014
1.184935839038476,8.196460798522093,1e-11,0.1445667670675778
0.2668587447726508,0.3213200689260173,1e-11,0.8305075548645361
0.2532189166154048,0.27141898575249407,1e-11,0.9329447456056525
0.23021195890778262,0.37355845336304005,1e-11,0.6162675662543575
0.3031045852212377,0.5142195460130846,1e-11,0.5894458652365676
2.9662487684150362e-05,2.9662817392712125e-05,1e-11,0.9999888847860472
0.2344061699785586,3.0242954666367248,1e-11,0.07750769478857775
0.4743503940382285,0.8917032884734593,1e-11,0.5319599020995952
0.6722117558908575,2.016447589931895,1e-11,0.3333643578177805
1.039551678245053,2.097230236813162,1e-11,0.4956783761732806
0.9395167270821261,8.606714097693343,1e-11,0.10916090814889771
0.20811407505576007,0.23661690921581113,1e-11,0.8795401636573045
0.40593642177677336,0.9050843024657889,1e-11,0.4485067530956513
0.5422213590524,0.5715392000893228,1e-11,0.948703709155311
0.3469914218684925,0.3948343978642896,1e-11,0.878827740808334
0.0001952725371629709,0.0001952740269394904,1e-11,0.9999923708414127
0.023856654609581297,0.048841086140358536,1e-11,0.4884546289782033
0.8495336244595802,0.9771689676495379,1e-11,0.8693825250130803
0.22238487015760322,0.240665919843954,1e-11,0.924039724036523
0.1280098509948615,0.1545751375840326,1e-11,0.8281399777197077
1.1631797256449405,8.949710681738416,1e-11,0.1299684165230469
0.6389176541893518,0.7836824065863907,1e-11,0.8152762507102672
0.21482793354297425,0.8035109083629753,1e-11,0.26736156448784465
0.06464866324746195,0.06489273042298409,1e-11,0.9962389134509942
0.037319802450366375,0.9504168370163727,1e-11,0.039266773269215
7.398506714143337e-06,7.398540280333153e-06,1e-11,0.9999954631334635
0.8325286902798881,0.913209008438487,1e-11,0.9116518590891305
0.22468957377967755,0.23439987077822094,1e-11,0.958573795427853
0.06529064337431995,0.09052850344962421,1e-11,0.7212164223023061
0.3540467485650497,2.2747657277161615,1e-11,0.15564097183779385
1.3471101520532536,9.7224859389855,1e-11,0.13855614299749955
0.03550116881814292,0.12242441940441387,1e-11,0.28998437559151674
0.5911821074824999,0.6374269634725307,1e-11,0.9274507376686715
0.250815169419767,0.25753609024059876,1e-11,0.9739029942772182
0.014177081824240496,0.029966317214875752,1e-11,0.4731005723053205
5.3354542549680554e-05,5.3354811433793324e-05,1e-11,0.9999949604523839
0.01964488193743977,0.042213893132073244,1e-11,0.46536532122203145
0.14593018646072456,0.14768075800662975,1e-11,0.9881462448491319
0.5364506834672337,0.7159321763743238,1e-11,0.7493037764889497
0.011873392808352118,0.038767535285768005,1e-11,0.3062715419185024
0.8492383827064113,8.692868033174665,1e-11,0.09769369320521785
0.4807418286842445,0.5426065111080322,1e-11,0.8859861038205078
0.10724122437514604,0.487108454774783,1e-11,0.22015882361296632
0.019729853645237157,0.04088754185174134,1e-11,0.4825394912899831
0.013577286414765029,0.02806097854069968,1e-11,0.4838493566812902
0.00023200431019887666,0.00023200566396187257,1e-11,0.9999941649571273
0.19967187525413377,0.20917256836001555,1e-11,0.9545796412007059
0.10307275267371084,0.11194231351168216,1e-11,0.9207666827696419
0.0096475241637258,0.03016171940950608,1e-11,0.31985988705554985
0.12142081021190394,0.5600921269217746,1e-11,0.21678721120259956
1.9349443692659034,9.414946120961512,1e-11,0.2055183688155079
0.09760730136046064,0.12200907466756791,1e-11,0.8000003411746743
1.2212637802043629,2.233287758704402,1e-11,0.5468456876837291
0.25332282309346293,0.8074020792914102,1e-11,0.31375052107344503
0.6631191144453898,0.9825722679958786,1e-11,0.6748807553849783
0.00033325638433610806,0.00033325928234673885,1e-11,0.9999913040362736
0.37920294245514585,0.42177712948122636,1e-11,0.8990599915210066
0.27114979128593775,2.5003194040948498,1e-11,0.10844606126795937
0.9952733783767648,2.4783951562181925,1e-11,0.40157977870464456
0.11890712365774156,0.14501924249353934,1e-11,0.8199403169757897
1.8186383392309207,8.814473131247016,1e-11,0.20632411173662868
0.183543924428877,0.2054460879086267,1e-11,0.8933921609181927
0.19133426752694482,0.42649581411220133,1e-11,0.44861933270137355
0.34398710075253836,0.8591983730105133,1e-11,0.40035818451012045
0.000672137114066755,0.03756596855276457,1e-11,0.01789218114056295
0.0003094291362110472,0.0003094320808500853,1e-11,0.9999904837306138
0.012463743665607856,0.01352965994420211,1e-11,0.9212163289402531
0.7377692409494921,1.7313151269414429,1e-11,0.4261322675859952
0.10046518805204885,0.21665450211047493,1e-11,0.463711517985536
0.36920949617539117,0.5119390898989729,1e-11,0.721198094578501
1.5892736267514826,11.37863261436019,1e-11,0.13967175851567346
0.07995102152491217,0.0861639891778359,1e-11,0.9278936860722565
0.08125170893140206,0.09659522058382508,1e-11,0.8411566166557075
0.06383249559907264,0.0693751512501296,1e-11,0.9201060386726494
0.7253589451760097,0.7851604548862414,1e-11,0.9238353010036705
2.404744336212465e-05,2.4047735894260837e-05,1e-11,0.9999878353564148
0.006229028653976236,0.026315326211886418,1e-11,0.23670725583339472
0.5543430055618067,1.2339986991591088,1e-11,0.4492249513225225
0.3844037706119312,0.42207893098534516,1e-11,0.9107390641710992
0.6825623789813124,1.301694043716049,1e-11,0.5243646786865119
0.14590043602541605,6.966979459340366,1e-11,0.020941706068877936
0.0026962708747693626,0.004097911916933763,1e-11,0.6579621352102731
0.014802123477694003,0.01771605445607407,1e-11,0.8355203194026645
0.06415572077236441,0.11648500176622889,1e-11,0.5507637876086148
1.1331790895440672,2.507929290591763,1e-11,0.45183853220865167
7.406451264208324e-05,7.406503743824868e-05,1e-11,0.9999929143873602
0.14785064272048076,2.8243077324558654,1e-11,0.052349338927000645
0.025858241800693915,0.09567838340530838,1e-11,0.2702621102109807
0.24759608346625578,0.9275221669328185,1e-11,0.2669435753595196
0.1826887831228114,0.2789685228989719,1e-11,0.6548723892730074
0.6516087029100206,7.566827287120713,1e-11,0.08611385963825363
1.4416652425471967,2.6326529978620328,1e-11,0.5476092913566534
0.07300645985567264,0.3716518407664921,1e-11,0.19643777279591737
0.1687562047445369,0.19983358348066813,1e-11,0.8444837039158753
0.17345538193945753,0.24345746251162473,1e-11,0.7124668931895045
3.772952471410672e-05,3.772992010153191e-05,1e-11,0.9999895205867353
0.05165863064918333,0.06631588948117789,1e-11,0.7789781763214583
1.0309766711923263,1.2820261311157573,1e-11,0.8041775796684107
0.15143391402381476,0.1629890615539578,1e-11,0.9291047667863425
0.5960346539348689,1.2517657087124916,1e-11,0.47615512214975325
0.2935145263344537,3.0022481388071176,1e-11,0.09776491241362739
1.312027996910499,3.0625362359921384,1e-11,0.42841223607121004
0.0036432620706064924,0.005225459748809068,1e-11,0.6972136894627935
0.029963086371312852,0.030277770132570117,1e-11,0.9896067722332446
0.09707625250079781,0.8141637914682125,1e-11,0.11923430336509624
0.0003194705392167583,0.0003194732391172933,1e-11,0.9999915488992365
0.0028242206214570556,0.012020768633037153,1e-11,0.23494509441726866
0.08034231464746054,0.08462853548528662,1e-11,0.9493525344229633
0.03410776979763277,0.04444718730389194,1e-11,0.7673774622549892
0.0724876430203267,0.17409015073445983,1e-11,0.41637991991225454
1.2048047961889516,8.91993575350528,1e-11,0.13506877509913653
0.5285003054531479,0.5576723443239452,1e-11,0.9476896439859107
0.010096064044587372,0.03779611377558019,1e-11,0.2671191039516441
0.03238090383272023,0.033984540419505604,1e-11,0.9528127623033866
0.11884924848020105,0.2116960804957078,1e-11,0.56141449667799
0.00013725542408350998,0.000137256590657994,1e-11,0.9999915007761855
0.2333552666469939,0.24138924226443959,1e-11,0.9667177561763729
0.3010057643746118,0.31443571869899706,1e-11,0.95728871268203
1.0693351026834619,1.5339045394132937,1e-11,0.6971327583999941
0.4756232439213426,2.7655475883600964,1e-11,0.17198158003976918
1.9685038838217663,11.765451606107115,1e-11,0.16731222478531732
0.7093443502238806,1.9503833463143567,1e-11,0.36369483546110565
0.024152983445629522,0.12402312059148977,1e-11,0.19474581296164267
0.07175059494240567,0.13471701475892783,1e-11,0.5326023225113863
0.02570099328215673,0.0882006437248824,1e-11,0.291392354939312
0.00014653759495740257,0.0001465388161022656,1e-11,0.9999916667481318
0.10421148456911677,0.20761222488524417,1e-11,0.5019525445898899
0.2345006507382511,0.2661341418192138,1e-11,0.8811370429035315
0.11508951501715481,0.31917898803304634,1e-11,0.3605798606180146
0.09845187060625606,0.22257477386894325,1e-11,0.4423316663200413
1.545386883780732,10.38087286148545,1e-11,0.14886868420422933
1.4018312570435472,2.6221665524683595,1e-11,0.534608015544986
0.10786406042632707,0.25465525565266717,1e-11,0.42356895462407607
0.025739657514774927,0.09169731974614763,1e-11,0.28070239769310484
0.02457226522438914,0.03953204053569057,1e-11,0.6215784687917804
5.359778250964407e-05,5.359809679095487e-05,1e-11,0.9999941363345042
0.034657594552312466,0.28298235454307336,1e-11,0.12247263476294654
0.8401265633415478,1.3041119844675995,1e-11,0.6442135133698104
0.42509429009326755,1.8177207534904873,1e-11,0.23386116337010407
1.0429788400344582,2.223571147346364,1e-11,0.46905575352475737
0.5058955965431864,10.461529318373382,1e-11,0.0483577095802515
0.8648603094392083,0.99398144922669,1e-11,0.8700970326076639
6.624153198093169e-11,2.880700043572297e-10,1e-11,
0.2542149045015157,0.28678593432328275,1e-11,0.8864273804131168
0.19800558000635907,0.36650723454326384,1e-11,0.5402501269943848
0.0001348743257111857,0.00013487588161185496,1e-11,0.9999884642038986
0.2846558272126762,1.1289695514978508,1e-11,0.25213773642965964
1.344037869570753,2.8583325681169796,1e-11,0.47021745634595
0.4978157581156078,0.5671381588319168,1e-11,0.8777680541561759
0.13160804909373133,0.13739096400596748,1e-11,0.9579090593469817
1.4893234960584687,12.325608951407093,1e-11,0.12083163614309274
0.09865150667776011,0.13822408674475312,1e-11,0.7137070607667071
0.104700090486362,0.10999338762109202,1e-11,0.9518762241148122
0.0134506775903444,0.15685966901945297,1e-11,0.08574975119115107
0.3127056135458341,0.4074764051440502,1e-11,0.7674201735319792
0.00011685329074497463,0.00011685430641433964,1e-11,0.999991308241894
0.004109196627696473,0.005220190455241483,1e-11,0.7871736985324961
0.9022480814994057,1.0980941122474648,1e-11,0.8216491386633321
0.11188982500777724,0.13199264132907243,1e-11,0.8476974464722119
0.02922988033722797,0.04983854231818875,1e-11,0.5864914778328182
1.1303459969489924,9.474492826276935,1e-11,0.11930411660812555
0.001084737476436594,0.002053254750330865,1e-11,0.528301457119141
0.06975479220520985,0.14801777976162175,1e-11,0.4712595494780956
0.04606288655151314,0.09270150034531667,1e-11,0.4968947253272828
0.2640639450639054,0.47553643036349774,1e-11,0.5552969829505096
0.00020105155311599994,0.00020105287461319216,1e-11,0.9999934271161516
0.056186881908738676,0.056358395374648915,1e-11,0.9969567361744407
0.08421558190157778,1.3829488684111848,1e-11,0.06089565841890433
0.6175945470047027,2.191509345538285,1e-11,0.2818124176664222
1.184670353194547,2.0205468114825886,1e-11,0.5863117580162807
0.7539138322809662,10.222694903274652,1e-11,0.07374902991964123
0.008402441509622095,0.019940494922030882,1e-11,0.4213757753995772
1.1582133333068063,2.579801303999298,1e-11,0.44895447238952224
0.1521680994277439,0.19029549267140902,1e-11,0.7996411123120963
0.036713403473893534,0.036875816436134363,1e-11,0.995595678199502
0.0001398291688513285,0.0001398305327166542,1e-11,0.9999902462981495
0.3797050626300612,0.5122099601472935,1e-11,0.7413074562643637
0.07094838304729216,0.08895967278441716,1e-11,0.7975342177710888
0.5050884604091074,1.2595904261315058,1e-11,0.4009942040924772
0.30384278145833404,0.3270618783054648,1e-11,0.9290070216454732
1.2821168375903154,11.766779094760187,1e-11,0.10896072980253782
0.022843852237185287,0.14110993870205576,1e-11,0.16188691205811206
0.08816323542985136,0.09175710709598085,1e-11,0.9608327705627184
0.021333709813061014,0.16894456059636973,1e-11,0.1262763934970951
0.03488355122122683,0.043173421389890214,1e-11,0.8079867218815185
0.0004079011474843652,0.0004079045466549062,1e-11,0.999991666750055
0.5941642798078859,0.6782768725877779,1e-11,0.8759907698769329
0.1467961270447494,0.32488445707952035,1e-11,0.45184102792833464
0.9239321983545887,2.0953280396466996,1e-11,0.44094871107169265
0.05073538737492538,0.06008681666962882,1e-11,0.8443680359017893
0.6551115685264577,10.56528078641923,1e-11,0.06200607269884847
0.07511052888691487,0.07758803049125891,1e-11,0.9680685076208609
0.3663930200736753,1.748717262034493,1e-11,0.2095210175070876
0.9045727016252763,2.420370017084915,1e-11,0.3737332289030503
0.5699664015610832,0.6272249443461236,1e-11,0.9087113111473398
1.2435855055317705e-05,1.2435986819063329e-05,1e-11,0.9999894046409391
0.2034209859314875,0.22228662053218468,1e-11,0.9151292391978867
0.228413764842006,0.2682648821278427,1e-11,0.8514486243233078
0.016275448851202967,0.019117367953204952,1e-11,0.8513435997592154
1.0459360166424467,1.5312381396906467,1e-11,0.6830655464562523
0.9784212017264116,9.98915398047904,1e-11,0.09794835514984127
0.1422254935958874,0.22176818655388705,1e-11,0.641325051198578
0.1951038141358023,1.095484040441063,1e-11,0.17809827157066546
0.48708391706517923,0.7447347922313401,1e-11,0.6540367418659209
0.010342021134662658,0.15284561085458226,1e-11,0.06766318690369255
3.5052189933158278e-06,3.505302992890385e-06,1e-11,0.9999760364297388
0.026766659047301633,0.035241235293024954,1e-11,0.7595266971983632
0.09316791003718343,0.4858142426570263,1e-11,0.1917768189084523
0.08404225212113563,0.09439756343619933,1e-11,0.890301074115514
0.0014241617851741277,0.005637801178419306,1e-11,0.25260943763423493
1.2087842957858423,9.706248932403954,1e-11,0.12453670869189853
0.12026323993695735,0.3697013528335581,1e-11,0.3252983496414216
0.24383636571468467,1.7002802451625056,1e-11,0.14340951523046122
0.01754217018930798,0.02762355763642984,1e-11,0.635043842657451
0.6752894321784368,1.2134957873520107,1e-11,0.5564827164765006
6.515631609313636e-05,6.515716254093488e-05,1e-11,0.9999870091365937
0.7044314100749186,2.804997181314764,1e-11,0.25113444489977566
0.038791905936492656,0.06020986810411508,1e-11,0.6442782081736764
0.042979264652211385,0.056717365346995306,1e-11,0.7577796392562561
0.05563709825929475,0.06889580873157622,1e-11,0.8075541790366595
1.338519926003344,9.423835147102762,1e-11,0.14203558372037683
0.2360344517386789,0.838397070726704,1e-11,0.2815306254995494
0.10540313003082027,0.5673875023301214,1e-11,0.18576921345280864
0.20280728272827553,0.8624481359454289,1e-11,0.235153018802638
0.12084837896325876,0.14793405603492907,1e-11,0.8169070882145282
0.00011009261748878172,0.00011009279751114491,1e-11,0.9999983648125286
1.7731046355723812,3.5581299170548095,1e-11,0.4983248720271695
0.14236783457434002,0.2228391371258814,1e-11,0.6388816453454346
0.017321576575003543,0.030314207182923873,1e-11,0.5714012730229298
0.3728381566214675,1.8175936517252973,1e-11,0.20512734310419817
1.494878207476078,10.019138640248617,1e-11,0.14920226789465646
0.04984760121138872,0.06801494882133868,1e-11,0.732891843267105
0.18423971809122663,0.1929020069043948,1e-11,0.9550948745833353
0.006366359918707337,0.16968325398032746,1e-11,0.03751908199170575
0.26050634981289905,0.29057498466757026,1e-11,0.8965202221757975
3.6687402697364424e-05,3.668763463174391e-05,1e-11,0.999993678132106
0.8374263156849543,2.5366271787698778,1e-11,0.33013377870178745
0.0961342885206522,0.7530396933167609,1e-11,0.12766164834848084
0.8922879722006014,3.278097096489864,1e-11,0.2721969319200611
0.8587167774087962,2.1741100221438163,1e-11,0.39497392894681776
0.8554196167151809,8.861843599000187,1e-11,0.09652840372986173
1.0189768995047122,1.5983899566804067,1e-11,0.6375020659044679
0.4260484868200393,0.6640044122850234,1e-11,0.6416350237099906
0.03671416064553254,0.05881535038790844,1e-11,0.624227525695068
0.008550149961495264,0.03716460099359791,1e-11,0.23006166440393477
5.064258642182288e-05,5.0642619923894296e-05,1e-11,0.9999993384609354
0.04196726256808559,0.37481843295400175,1e-11,0.11196691218554844
0.3635983755644069,0.4972574852667545,1e-11,0.7312074455135733
0.006088456583714926,0.008174748481653225,1e-11,0.7447882460701254
0.28708355085956955,0.3225031484522071,1e-11,0.8901728626135055
0.06107637035307954,4.246217228010619,1e-11,0.014383713096490409
0.4651821805974174,0.8735360581798747,1e-11,0.5325277373972227
0.9816454940848532,2.710963754171323,1e-11,0.36210203569649674
0.17622439732253545,0.19964385143778007,1e-11,0.882693837317883
0.08231092752504394,0.0863622509314506,1e-11,0.9530891869687097
0.0001364214015137432,0.00013642229540040442,1e-11,0.9999934476497511
0.01745851914000239,0.042928496095062746,1e-11,0.4066883475568648
0.7756132779035386,1.7521492432816577,1e-11,0.44266393452356095
0.17109548103998512,0.1747852359725032,1e-11,0.9788897791510346
0.6413364576761842,0.7479600611268493,1e-11,0.8574474641199025
0.7124445784666044,9.306260177292929,1e-11,0.0765554116147487
0.2508361961455455,0.2592461946803158,1e-11,0.967559799498153
0.10648493951370647,0.252542013299427,1e-11,0.4216523742821847
0.07364689861448753,0.5050652501760177,1e-11,0.14581660209016803
0.6349174307086974,0.8595831559293908,1e-11,0.7386340999460578
1.5132809614933399e-05,1.5132972079090672e-05,1e-11,0.9999892642267213
0.07569307807531615,0.2043068795152516,1e-11,0.3704871723111293
0.8097679316501561,1.460901951081375,1e-11,0.5542931413369374
0.7115035721344205,1.9438277207131116,1e-11,0.3660322180575749
0.6842156012744478,1.3278858253478623,1e-11,0.5152668913347319
1.3817022560972125,8.358517682510792,1e-11,0.16530469977807918
0.0188977183515157,0.023749004994670007,1e-11,0.7957267412153443
0.006510394087721391,0.012481112064887138,1e-11,0.5216197125604658
0.14085658471730678,0.14299729053491245,1e-11,0.9850297456014873
1.0406814023850959,1.693725104255915,1e-11,0.6144334755209799
6.719730134899774e-05,6.719750830809593e-05,1e-11,0.9999969201373176
0.8263316921850732,2.0904349897043986,1e-11,0.39529174370637665
0.022731139786749684,0.5453069056541903,1e-11,0.041685039288984864
1.0832639718137609,2.439709032642975,1e-11,0.4440135923259029
0.10901342129469849,0.3067166658880925,1e-11,0.35542059959165284
0.10995011413891563,3.5013501059319836,1e-11,0.031402205095868094
0.6976459490606042,0.8490827850410718,1e-11,0.8216465595010947
0.07589851757486471,0.09587263220456722,1e-11,0.7916598911451294
0.039465497308551055,0.05154967979789409,1e-11,0.7655818127926238
0.2587431107472778,2.510414076162098,1e-11,0.10306790150844052
3.387777319445431e-05,3.3877945750631205e-05,1e-11,0.9999949065336439
0.01367120667049743,0.015389113698163244,1e-11,0.8883686831249513
1.1649685900678068,2.026612299097666,1e-11,0.5748354485890076
0.08072778474782145,0.515611603703206,1e-11,0.15656704420152967
0.02832787350608783,0.10668081561628229,1e-11,0.265538591380663
0.6658532569732563,8.38125453677271,1e-11,0.07944553575503865
0.12082496431744792,0.1675355092524672,1e-11,0.7211901814520469
0.006463508380120404,0.009853819968267986,1e-11,0.6559393616825434
0.2979270005310946,1.5996966700025965,1e-11,0.18623968288351256
0.13659913860681286,0.1491481294774554,1e-11,0.9158622309605339
0.0001445861965797181,0.00014458662220283517,1e-11,0.9999970562759501
0.25099880788623313,0.25351435489961643,1e-11,0.9900772995107935
0.01255607129305675,0.08906200876240737,1e-11,0.14098122720938003
0.6683906016420043,1.6655971161865304,1e-11,0.40129188214033334
0.010102550697374675,0.22943585233292338,1e-11,0.04403213619253955
0.5702542737708995,8.879243864350817,1e-11,0.06422329226257738
0.5245083162523767,2.6414471591450357,1e-11,0.19856854392731663
0.2985848344583322,0.6441489730099235,1e-11,0.463533820543299
0.0445007446908702,0.06457327724288156,1e-11,0.6891510945539919
0.020932411461019606,0.021040323367955048,1e-11,0.9948711859105838
1.4158170177846903e-06,1.4158243617481008e-06,1e-11,0.9999948129417682
0.0017048264123963811,0.03177092450817608,1e-11,0.053659956038032613
0.33169114059596183,1.2569141812859372,1e-11,0.2638932279820502
0.011421463709459944,0.036874997816058804,1e-11,0.30973462741429575
0.09590136462614239,0.10237547824273266,1e-11,0.9367610903732227
0.20875630238076986,8.414468736659666,1e-11,0.0248092076771612
0.8036806817634491,1.4582436701994135,1e-11,0.5511292098758409
0.16916578137202254,0.17798873083751243,1e-11,0.9504297298824809
0.07838942822603996,0.08283586176197115,1e-11,0.9463223603720329
0.9606716884330113,1.157622360299791,1e-11,0.8298662166340885
0.00026664347047597453,0.00026664542115364937,1e-11,0.9999926843758786
0.0648226996965875,0.09898872975377644,1e-11,0.6548492930238302
0.08881885989782838,0.09553303969972306,1e-11,0.9297187672139554
9.429185706859575e-07,3.406439548905731e-06,1e-11,0.27680472738430256
0.011122497727345184,0.0838378718016022,1e-11,0.1326667470002814
1.3719021938497287,10.507960029710375,1e-11,0.13055837574284546
0.021060527115280316,0.2868370870433098,1e-11,0.0734233056553819
0.02815557639413865,0.04295418282437719,1e-11,0.6554792698363221
0.24289835125952075,0.26782638663360403,1e-11,0.9069246473903794
0.02696861207318817,0.039085922046778805,1e-11,0.6899827523810645
0.0002866959525657766,0.0002866988758005802,1e-11,0.999989803814907
0.18731592264816185,0.1978606231035543,1e-11,0.9467064224806688
0.7620827871892726,1.2657693822549692,1e-11,0.6020708020537054
0.9556603607654955,1.2767585428649415,1e-11,0.7485051626293191
0.8195002977257553,1.1462159055041228,1e-11,0.7149615476373335
1.2094331173004365,9.780823460231062,1e-11,0.12365350649850752
0.05585419970976472,0.0735757517913876,1e-11,0.7591386883565996
0.05690222244207614,0.08860087384904353,1e-11,0.6422309393813097
0.04161170143305767,0.04308073704800281,1e-11,0.965900406640948
0.7897970919300842,1.7873231711469546,1e-11,0.4418882408508465
0.00016653061529260958,0.0001665322267424113,1e-11,0.9999903234957387
0.4588665767330611,1.4425740604097887,1e-11,0.3180887479722961
0.39947660028809756,0.8109139891366606,1e-11,0.4926251188654425
0.10532905337050734,0.12418478789504422,1e-11,0.8481638947559909
0.47933651146356415,0.5381494346679425,1e-11,0.8907126544866334
1.308284285082462,9.763203257724946,1e-11,0.13400154135348022
0.2797730992965031,0.31699613274685484,1e-11,0.8825757490231684
0.08300472058022434,0.08582665324894401,1e-11,0.9671205556561255
1.0564546672209576,1.576854658912825,1e-11,0.6699759304065086
1.2651092099581025,2.5922466901877743,1e-11,0.4880358087626536
7.724861565749642e-05,7.724927258555183e-05,1e-11,0.9999914959968758
0.08684659118319427,0.1055371828013269,1e-11,0.8229004117599239
0.09884373395214033,0.09984365328062561,1e-11,0.9899851488238831
0.02432133267962448,0.028327653330143303,1e-11,0.8585720954776116
1.1540105573740491,1.5757893197563537,1e-11,0.7323381005986769
8.064737311094022e-07,1.0746702144022964e-06,1e-11,0.7504383394099574
0.40654616191017895,0.7342118796769046,1e-11,0.5537177661700089
0.08345738529476883,0.14829259312572676,1e-11,0.5627886298003518
0.7359976582832592,1.0608591748866258,1e-11,0.693775079394412
0.5112004395120497,2.3182782191234823,1e-11,0.2205086668611024
7.246500590240318e-05,7.246549900045815e-05,1e-11,0.9999931954093773
0.04315864362343557,0.04530639349589244,1e-11,0.952594993625975
0.7272361960875652,0.8325801533276441,1e-11,0.8734728940882848
0.08818819358073592,0.10263788694619363,1e-11,0.8592167688230686
0.27965303790227225,0.8947487301537066,1e-11,0.31254924257252803
0.5217580865511035,9.82500468980614,1e-11,0.053105123409503276
0.04485034503151192,0.19176651685932478,1e-11,0.2338799586395629
0.6387500861462413,1.4379978905973279,1e-11,0.4441940355565555
0.49899214932520086,0.6946424297355018,1e-11,0.7183438960318066
0.013672092729240115,0.03901651623616395,1e-11,0.3504180805504007
0.00019355435740328437,0.00019355597035353067,1e-11,0.9999916667502255
0.14166909599055602,0.23218301051037477,1e-11,0.61016133643519
0.2334443624292628,0.4249622125580359,1e-11,0.549329694572272
0.6848465384761141,0.8515361281214558,1e-11,0.8042483646430013
0.11580120392162042,0.16073879254953782,1e-11,0.7204309680622482
0.06730208373652449,3.3034756036905066,1e-11,0.02037311359627944
0.0351789074147436,0.03542501473122037,1e-11,0.9930527250773485
0.09145287442239247,0.09419521801183998,1e-11,0.9708865943799524
0.09987645594326576,0.14567053367776805,1e-11,0.6856325258215807
0.0778330741181086,0.08641722168913334,1e-11,0.9006662398624166
4.450310935498196e-05,4.450319978186413e-05,1e-11,0.9999979680813377
0.03274203495442167,0.03312932287810151,1e-11,0.9883098146887923
0.6154529073327146,0.6723480721216636,1e-11,0.9153784071851201
0.029138805511848727,0.057803090890019886,1e-11,0.5041046259496782
0.09657297443996453,0.13415339794232736,1e-11,0.7198697604475238
1.4110638181103916,9.019930904255784,1e-11,0.15643842875166855
0.13420844797642226,0.2074497223219331,1e-11,0.646944457067768
2.850837790677926e-06,2.8525259448184916e-06,1e-11,0.9994081897331619
0.6003250985584978,1.1400873539405094,1e-11,0.5265606152752951
0.03222696914305022,0.032983453110120055,1e-11,0.9770647432048972
9.752744272950828e-05,9.752795526524222e-05,1e-11,0.9999947447300361
1.0761392633053062e-06,3.3178759961740972e-06,1e-11,0.32434583587398136
0.08286630922425153,0.09303743513771408,1e-11,0.890677060277863
0.17983974979583875,0.28259180968366887,1e-11,0.6363940625071548
0.07376215301974236,0.07686412880977898,1e-11,0.959643388430079
0.7975183844295123,6.010583039514682,1e-11,0.13268569441374978
0.36516341743142416,1.0661841010324515,1e-11,0.34249565068341764
0.017532452325091145,0.022393571929477402,1e-11,0.7829234380430661
0.01459451529318709,0.019420260854990972,1e-11,0.7515097455262206
0.789105672371765,1.2831987419076245,1e-11,0.614952030890139
4.6981917531766e-05,4.698193929667972e-05,1e-11,0.9999995367387119
0.02150034326574568,0.03106441689855797,1e-11,0.6921212568050406
1.3515085971633547,2.0910744162013724,1e-11,0.6463225730715474
0.252878397603895,0.5527315480459679,1e-11,0.45750672003050635
0.8617279609890299,1.197800021689738,1e-11,0.7194255680287843
0.788471303199533,5.135746566449898,1e-11,0.15352613159503437
0.1488145069235296,0.3294585350404951,1e-11,0.4516941924277002
1.2163644276260133,1.9285922113124538,1e-11,0.6307006844117906
0.16871824522718673,0.17071846394995435,1e-11,0.988283524368202
0.7766289912122587,1.247562729647145,1e-11,0.6225169867265247
5.0705674139707954e-05,5.070585020786768e-05,1e-11,0.9999965276559015
0.39687957752143704,2.5835134388810843,1e-11,0.15362009407364452
0.0022537703880187304,0.003275214516347603,1e-11,0.6881290910166248
1.0343142737181064,1.4672258510285532,1e-11,0.704945508554823
0.040524024254980126,0.042585094280579085,1e-11,0.9516011397786452
1.0231157155887902,9.017791972765307,1e-11,0.11345523590239259
0.8235643840058983,1.2264557469535498,1e-11,0.6714994699577119
0.8371138896867932,1.1850893615261489,1e-11,0.7063719554521732
0.08572734323961043,0.17566213330820377,1e-11,0.4880240358301899
1.0092147172649646e-11,8.086803344700093e-11,1e-11,
0.0003317450129628123,0.00033175066258301185,1e-11,0.999982970282092
0.3988119747450244,1.0509560795186799,1e-11,0.3794753962769534
0.7588391777328204,1.1323085267106683,1e-11,0.6701699756136534
1.3587216041603623,2.8379207162939317,1e-11,0.47877363041161
0.09224022209281539,0.1591197660156701,1e-11,0.5796905337563881
1.457435944849959,9.05089485312727,1e-11,0.16102672371079252
1.5214241840997227,2.2691439377074456,1e-11,0.6704837709135557
3.2671633425620364e-07,3.454096329975192e-06,1e-11,0.0945880783407538
0.10382384331599062,0.14961834990567272,1e-11,0.69392453119184
0.048373010169924124,0.049076916732417944,1e-11,0.9856570744586151
0.00020676659936333128,0.00020676790393510443,1e-11,0.999993690646622
0.10904913863932691,0.19990468417520724,1e-11,0.5455056698108703
0.043126607467290176,0.04383963791571511,1e-11,0.9837354850011356
0.48654135073531496,1.9637714091843472,1e-11,0.2477586487204231
0.027472339332555135,0.0297040747463783,1e-11,0.9248677013885015
2.5640819414600564e-06,3.5217658470356654e-06,1e-11,0.7280671267847892
0.07207427813073516,0.08061745611049816,1e-11,0.8940281870460747
0.08034711391052854,0.08433260463008622,1e-11,0.95274080840928
0.14236649689295838,0.14665836807869884,1e-11,0.9707355860973621
1.391330748745417,1.8449077740340099,1e-11,0.7541465044093681
0.0001324737014627918,0.00013247472371070732,1e-11,0.9999922834493488
0.341210763808905,1.6917052254743254,1e-11,0.20169634678123982
0.11603722759588847,0.12147624851291121,1e-11,0.9552256430075329
0.059135948617362905,0.05999740370880652,1e-11,0.985641793841203
0.21562795555285988,0.37521897477242294,1e-11,0.5746723115046144
0.14770393645529517,9.631753454377325,1e-11,0.01533510353591624
0.07436336775262856,0.09464884731030955,1e-11,0.7856764225434849
0.0632121903060863,0.1368871896646239,1e-11,0.46178309643844184
0.32589053212082425,0.34270677555927387,1e-11,0.9509311030953308
0.011930789209263817,0.024420499508478567,1e-11,0.4885563133187165
0.0003287342229780878,0.00032873858822873294,1e-11,0.9999867212100998
0.3761886559128259,0.3904550700491605,1e-11,0.9634620850625953
0.554566077557346,0.6304993351154659,1e-11,0.8795664748096619
0.35717077932889435,0.507253174719363,1e-11,0.7041272428240563
0.08454496009415552,0.09131418248376802,1e-11,0.925868882516516
0.5301627555773702,8.65814123356081,1e-11,0.06123286064246051
0.19772033084304147,0.21160865550817137,1e-11,0.9343678800293989
0.04485837618829718,0.14087674102275616,1e-11,0.3184228699686565
0.34468808300628806,0.3951861904375233,1e-11,0.8722169229260588
1.4240905826534744,3.391323242172721,1e-11,0.4199218066105375
3.8031910620013682e-06,3.8032480864706806e-06,1e-11,0.9999850063766508
0.2884144577106636,0.29320484774324085,1e-11,0.9836619685197968
1.0073089380942568,1.6169530553515847,1e-11,0.6229673364730004
0.023516428305038896,0.025841293502796892,1e-11,0.9100329402045463
0.2770500907400009,0.6328807548408901,1e-11,0.43776033418752464
0.4411010576577241,7.979546720040473,1e-11,0.05527896171719975
0.033420863601300935,0.08768910945037922,1e-11,0.38112901146764244
0.2903542842113736,0.3061437121662598,1e-11,0.9484247844152641
0.007648792233106427,0.16711526836741433,1e-11,0.045769559585004733
0.3859473956324101,0.39106648883734024,1e-11,0.986909915957899
0.00017939762166371105,0.0001793991256851939,1e-11,0.999991616338836
0.05434015140694509,0.054620040483521794,1e-11,0.9948757072660694
0.3715785950717295,0.38078918390111355,1e-11,0.9758118423033363
0.07131130947377104,0.07183216419768754,1e-11,0.9927490041580389
0.09333486984523404,0.1362748739100837,1e-11,0.6849015314944841
1.1426677115637132,12.394227074350413,1e-11,0.09219354338992541
0.5851403591879613,0.8655801559472701,1e-11,0.6760094431088218
0.22141196918500058,0.22355799433860649,1e-11,0.9904005886259855
0.08433433146341118,0.2329444370078971,1e-11,0.36203625442470705
0.7648669584479849,1.9103889773402132,1e-11,0.40037236788964836
0.0003048074263089138,0.00030481011529470144,1e-11,0.9999911781609183
0.022064880298842363,0.06627682668852442,1e-11,0.33291998729116606
0.5242539338378374,0.6124722363462717,1e-11,0.8559635894114903
1.6849663881548552e-10,3.2140126903784343e-10,1e-11,
0.10458016615914813,0.1374435819313165,1e-11,0.7608952319898725
0.19497675480763121,8.454419699751549,1e-11,0.02306210972863827
0.0335298233082656,0.03392166395548644,1e-11,0.9884486607810564
0.2538812593858255,1.2522900117904163,1e-11,0.20273359764552298
0.2172109541147504,0.4341454417917922,1e-11,0.5003184030178545
0.4661284845652525,0.5015881309532578,1e-11,0.9293052522582324
2.057090768772711e-05,2.0571079111686433e-05,1e-11,0.9999916667493041
0.3147580056111072,0.5208285986948056,1e-11,0.6043408645375649
0.058674934058716315,0.1615965620351806,1e-11,0.36309518791583206
0.1391210583783575,0.18282867741566622,1e-11,0.7609367433209715
0.025375271080090567,0.04131878686381785,1e-11,0.6141339813224589
1.136821881777488,11.3849078631578,1e-11,0.09985341079977532
0.5002493873738619,0.5316080918238297,1e-11,0.9410116118767435
0.03451919282302021,0.03645756264661155,1e-11,0.9468321609324178
0.007163403429320099,0.02698866521398742,1e-11,0.2654226643860668
0.049921720825442266,0.0705808462498158,1e-11,0.7072984170343884
0.000134154229565319,0.00013415636310959924,1e-11,0.9999840965852772
0.008060947474717658,0.03693740290376847,1e-11,0.2182326541938674
0.027879106422322664,0.5469413882977774,1e-11,0.050972749583076224
0.3944547754255251,0.5327681593648308,1e-11,0.7403872932192425
0.09505681784207011,0.2215022364508486,1e-11,0.4291460861306619
0.9294246974531544,5.25414608530497,1e-11,0.17689357744593567
0.015378972495752954,0.06774379272776117,1e-11,0.22701670332447602
0.08808768729467557,0.19262177222194982,1e-11,0.45730908961410605
0.03630166760114745,0.05653101953028443,1e-11,0.6421548364557649
0.4212435320115181,0.4369208586057319,1e-11,0.9641186125921247
0.00019935887374670662,0.00019936071669720916,1e-11,0.9999907556988504
1.623489217979897e-06,2.232595101866529e-06,1e-11,0.7271758397313521
0.05441410991878283,0.09500352432875982,1e-11,0.5727588560870935
0.28267520125926443,0.29830526186445305,1e-11,0.9476038052178551
0.01759773469335672,0.020024588005592765,1e-11,0.8788063299200843
1.4736505802043969,11.0536342885874,1e-11,0.13331819578343607
0.5971557987273427,0.6902704957205289,1e-11,0.8651040460653185
0.00876967369759078,0.06487711116746912,1e-11,0.1351736157757298
0.32342117488622113,0.34098864327021916,1e-11,0.9484807816016425
0.05810504156293348,0.14567536772482398,1e-11,0.39886662014604973
0.00028964250712862165,0.00028964463311166675,1e-11,0.9999926600295601
0.6275197545267293,0.7455519171404117,1e-11,0.8416848513160577
0.8984566422614501,1.9398181948165798,1e-11,0.4631653856336799
0.06633756965606406,0.07336582647204518,1e-11,0.9042025810387468
0.1722303016554322,0.43055352609431097,1e-11,0.4000206506674988
0.8881543688479946,9.355057381664308,1e-11,0.09493842021629459
0.21708363933358252,0.24775885519960705,1e-11,0.8761892250377448
0.12422004843857906,0.16145633114637395,1e-11,0.7693724213636626
0.5880679867782587,0.6197672477022064,1e-11,0.9488529588462877
0.014817805047505234,0.04376442161200893,1e-11,0.3385810780014796
9.374768046283032e-05,9.374783016943158e-05,1e-11,0.9999984030926264
0.1903896409620611,0.24406667769969415,1e-11,0.7800722440132584
0.029471514045515016,0.04061399839616624,1e-11,0.7256491655423166
0.2596407047123687,0.8418476375640562,1e-11,0.30841769119131446
0.5853650456048269,1.9139351702447458,1e-11,0.30584371649849196
1.247949031159682,7.5531341702115995,1e-11,0.16522267485746528
0.09285956202039763,0.2440537829590347,1e-11,0.38048810755776913
0.028771979792019904,0.044386874781625424,1e-11,0.6482091819613863
0.01241139804020913,0.02796905517840635,1e-11,0.4437546410145243
0.0856042837798949,0.09636513176584449,1e-11,0.8883325556789863
2.9494181387927718e-05,2.949449295815815e-05,1e-11,0.9999894363252532
0.04811070595148915,0.050059815478977455,1e-11,0.9610643884952625
0.033112233679499004,0.05042288095263335,1e-11,0.6566906343690325
3.0318764427759414e-10,3.0801092286209436e-10,1e-11,
0.4616157073031978,0.532125489539217,1e-11,0.86749407118784
0.7155488579562737,5.926152798285161,1e-11,0.120744247121561
0.9124419352822987,1.0902292757407903,1e-11,0.8369266498208017
1.4277322124124041e-06,2.1847511388244085e-06,1e-11,0.6534987839304442
0.4111809631580019,0.523197488430986,1e-11,0.7859001089456491
0.042458894022298355,0.051341563474253796,1e-11,0.8269887231539058
0.00023993408553394063,0.00023993708112205337,1e-11,0.9999875151097999
0.01948272317075995,0.05490306108086286,1e-11,0.35485677459887377
0.25269457078097507,0.26786099754109255,1e-11,0.9433794882444921
0.02644874534450806,0.0890486728389896,1e-11,0.2970144809718892
0.1080988586067541,0.28645349004116316,1e-11,0.37736966860211885
0.4651064890238453,10.500838305933879,1e-11,0.04429231985802696
0.7788434425182795,1.3056980379616063,1e-11,0.5964958358474467
0.07450795407114759,0.08015765095803042,1e-11,0.9295176839720398
0.12317604426794701,0.15865852664488447,1e-11,0.7763594360336163
0.1298279174395486,0.2669218807020886,1e-11,0.48638919034310824
0.00012598745534538017,0.00012598858041436682,1e-11,0.9999910700717244
0.6323655249765053,1.4502267692375543,1e-11,0.43604596080443797
0.9660678244717876,1.3721288471440731,1e-11,0.7040649473134725
0.011487920087977482,0.013200073406330417,1e-11,0.8702921365928291
0.39035790197480863,0.42630169101048787,1e-11,0.9156846200856498
0.836741444988474,8.920832426772797,1e-11,0.09379634152495496
0.8897766936588274,1.3212593881470764,1e-11,0.6734307446675123
0.474375692884869,0.8259208332795741,1e-11,0.5743597615781328
1.050213584118912,1.5676433808574768,1e-11,0.6699314378149329
0.6028731976937034,0.8787220131068877,1e-11,0.6860795435886843
0.0003024814074693406,0.0003024839698198547,1e-11,0.9999915289708885
0.023042939048607214,0.07115248832589392,1e-11,0.32385289103404963
0.6129312550021416,1.14300668609667,1e-11,0.5362446803310325
0.18650473790350294,0.2917415365614511,1e-11,0.6392807143669049
0.5243678369522007,0.997245048148242,1e-11,0.5258164359160123
0.5424748301853874,7.393089886261924,1e-11,0.07337592786385994
0.6847616356454735,3.009687364833064,1e-11,0.22751919141058516
0.04885826795520182,0.050649927744469345,1e-11,0.9646266072025509
0.0299843334383271,0.031261778837342005,1e-11,0.9591371493713913
0.23034438765033322,0.5304642344450083,1e-11,0.4342317025224673
0.00010984776189992116,0.00010984854434346116,1e-11,0.9999928770695626
0.7618562968401503,0.9694911805237417,1e-11,0.7858310752539057
1.032563766036451,1.316961061792339,1e-11,0.7840503383077758
2.701958156460488e-10,3.143531477011426e-10,1e-11,
0.03251568066886643,0.0387204487730466,1e-11,0.8397547471479897
0.2751035596871476,9.568622589872472,1e-11,0.02875059154055465
0.386891750135527,0.40478339506304034,1e-11,0.9557994593016176
0.00796499372147022,0.11247859349742483,1e-11,0.0708134185697528
1.4130655641118781,2.219908431777367,1e-11,0.6365422752957918
0.04237615600095642,0.04405672433949279,1e-11,0.9618544418875488
0.0002948181740634518,0.00029482140110477804,1e-11,0.9999890542500846
0.01554649801674866,0.906488276509837,1e-11,0.01715024718974394
0.2931787067306093,0.32042403039607276,1e-11,0.9149710350007588
0.032777532533039735,0.07119370440722543,1e-11,0.4603993120733461
0.9204592361240952,2.8146349655796965,1e-11,0.32702614988459766
0.5997779609097016,10.53470030542319,1e-11,0.0569335570562876
0.30842899227208637,1.123744612271728,1e-11,0.2744653802153282
0.5369861563396043,0.5770476340311792,1e-11,0.9305750941014859
0.4195881877586243,1.2549659226230614,1e-11,0.3343422958303313
0.05840990064096235,0.0645639100710709,1e-11,0.9046834458549008
0.00031293438828990246,0.0003129371351866975,1e-11,0.9999912222089161
0.12428781750035257,0.3468675621471857,1e-11,0.35831490477513644
0.272093280689356,0.34020658716504537,1e-11,0.7997883960940316
0.06488850863025612,0.1014471360305624,1e-11,0.6396287876545627
0.07570237346617562,0.13843601471950462,1e-11,0.5468401674200298
1.4317614316770797,11.045321462855618,1e-11,0.1296260535731766
0.05082079833394673,0.060966605770164446,1e-11,0.8335841841931305
0.2087194368957491,0.31258475664205904,1e-11,0.6677210979125058
0.2066970677506162,1.007140449244178,1e-11,0.2052316217720525
0.1220459548372851,0.3787364393337619,1e-11,0.3222450817037227
8.583680338247742e-05,8.583689434036283e-05,1e-11,0.9999989403404432
9.99847668006019e-07,2.615508238066161e-06,1e-11,0.3822766273316273
0.09206529067354584,0.1025353943079504,1e-11,0.8978879078285972
0.12698488878410943,0.3267466395184482,1e-11,0.3886341079781475
0.043410491352033224,0.046345490135189925,1e-11,0.9366713185124312
0.13655842729928544,9.131626696261133,1e-11,0.01495444698316436
0.019795621094201736,0.2532853593152675,1e-11,0.07815540996020175
0.12343584124833042,0.3822767798105642,1e-11,0.3228965183537922
0.6008363044788178,0.7386398733743622,1e-11,0.8134360547501854
0.009183269787449657,0.21823024974078536,1e-11,0.042080645549173755
5.06689884352182e-05,5.06692313151615e-05,1e-11,0.9999952065595431
0.41054779456673596,0.5381801542002298,1e-11,0.7628445444571182
0.044020477627260024,1.7729507976447314,1e-11,0.02482893359801007
0.20137068051294074,0.27914701368867534,1e-11,0.7213785949274876
0.03883460281757302,0.040153062192202126,1e-11,0.9671641637612098
1.2109562034880827,7.746847595361992,1e-11,0.15631599674338212
0.047285690787621945,0.05033638626435801,1e-11,0.9393938321135263
0.0306833381002847,0.05382710689549082,1e-11,0.5700350598418488
0.22165544889705835,0.25493225500771655,1e-11,0.8694680431487536
0.019363583643246786,0.0314716767016824,1e-11,0.6152701626542718
0.00018529097340974223,0.0001852926456542114,1e-11,0.9999909751168846
0.030450015392805452,0.03077493737778329,1e-11,0.989441993626528
0.6393510806429638,0.7865341352439557,1e-11,0.8128713707316202
0.022471746729941067,0.027635130214029763,1e-11,0.8131587061794499
0.07587966605812478,0.07625328620010392,1e-11,0.9951002748786631
0.36557366756413806,3.776778966489476,1e-11,0.09679509201035917
1.2156767218192879,2.164991257553151,1e-11,0.5615157648226405
0.022565757495948264,0.03674153052254613,1e-11,0.6141757617337409
0.31874370771457033,2.3247366780131045,1e-11,0.13710959642405296
0.24104645439027825,0.33575885612219847,1e-11,0.7179154026619333
0.0003336834636045519,0.00033368671407323346,1e-11,0.9999902589208847
0.009492942496705781,0.018870366430265406,1e-11,0.5030608457862503
1.294629720156312,2.131418920622434,1e-11,0.6074027529877815
0.033830730398523155,0.05060302008778285,1e-11,0.6685516069957048
0.017383249759004887,0.11263896469211328,1e-11,0.1543271443103207
0.055033054868519754,4.1349229401255805,1e-11,0.013309330225836895
0.04919636598177226,0.049421242630037165,1e-11,0.9954497977732306
0.9367654161588107,1.7898250748869637,1e-11,0.5233837816346226
0.5687368935821846,0.7583646612715403,1e-11,0.7499517351304196
0.10642416765900473,0.10680465732210659,1e-11,0.9964375180573413
0.00010616225469453512,0.0001061642985102051,1e-11,0.9999807485595567
0.1308762363024112,0.2817897536198346,1e-11,0.4644463988530173
0.08162727658150865,2.4522161804069134,1e-11,0.03328714541307841
0.7526277114527786,1.9034051413489872,1e-11,0.39541120022370746
0.0489074056485022,0.16633835275138278,1e-11,0.2940236261783927
0.02296252468618601,0.03534540879594899,1e-11,0.6496607471355033
0.11865708764004464,0.11920577272060195,1e-11,0.9953971601539521
0.05497568616360375,0.14743525775843372,1e-11,0.37288018483122287
0.03281182232459767,0.0333476861776621,1e-11,0.9839310034822333
0.05170889509844816,0.07886127018885257,1e-11,0.6556944235696253
8.106391540445563e-05,8.106411401729477e-05,1e-11,0.9999975499289475
0.06284544951635875,0.12051920700435553,1e-11,0.5214558830783506
0.22450948911054666,0.2638031377359032,1e-11,0.8510493508053194
0.09289398553124173,0.35695187418967367,1e-11,0.26024232466105673
0.06242605847629158,0.07678650848686018,1e-11,0.812982120250643
0.288478949447331,10.146836434357233,1e-11,0.0284304326095708
0.18431711491894515,0.18790327922247704,1e-11,0.9809148391748614
3.1785911806063444e-06,3.4854577323523313e-06,1e-11,0.9119580338336558
0.7829313742342059,2.882606033933152,1e-11,0.27160540324198956
0.03751241051942735,0.05658622216804146,1e-11,0.6629248089407436
4.508731419191319e-05,4.5087465131320074e-05,1e-11,0.9999966522977851
0.036228365538690376,0.03967465918332323,1e-11,0.9131361499866024
0.058074723008539275,2.419424740708453,1e-11,0.024003525313845434
0.5174769539960463,0.670883089969327,1e-11,0.7713370060045865
0.019470576739632442,0.01993368474169415,1e-11,0.9767675666560005
0.5281831049647017,9.365700360880926,1e-11,0.05639547333489767
0.18656161841366928,0.23909026934802016,1e-11,0.780297830281457
0.19922739785643387,0.2441922900551272,1e-11,0.815862768687159
0.1841019048430848,0.27845118265706903,1e-11,0.6611640255441774
0.1297334969275575,3.290101495810102,1e-11,0.03943145738597162
1.366886969207959e-05,1.3668920649701129e-05,1e-11,0.9999962720083871
0.35403242557510267,0.8492812032062059,1e-11,0.4168612518899037
0.03741452547084014,0.04401111593589342,1e-11,0.8501153555237756
0.04676915047792692,0.06595220624429177,1e-11,0.709137012106776
0.021049615805028038,0.038870400191709724,1e-11,0.5415332927165875
1.3041108392924092,10.350416908147785,1e-11,0.1259959720333411
0.11482171899255339,1.272700034740036,1e-11,0.09021899572432014
3.126982397535587e-07,3.528707446263846e-07,1e-11,0.886155184342754
0.10688484985778472,0.8371279493667022,1e-11,0.12768042201749977
0.22056046891844594,0.23814826855151167,1e-11,0.9261476905121337
0.00032295013407097434,0.0003229529754241956,1e-11,0.9999912019599214
0.05470795470259353,0.05474449183296323,1e-11,0.9993325880075535
0.030413212268333444,0.20859433174307487,1e-11,0.1458007608077928
0.7272428327308739,1.6352361686381385,1e-11,0.444732599901174
0.15092026255973107,0.2607382885062042,1e-11,0.578818950697147
0.896902031525255,9.941103495566143,1e-11,0.09022157670174992
1.019722274767734,1.3816361252307634,1e-11,0.7380541490961797
0.5403366634877105,0.732915751185136,1e-11,0.7372425311012594
0.22251032395270418,0.2399694784468504,1e-11,0.9272442703666034
0.36941512164790574,0.43966024356718847,1e-11,0.8402286243819816
7.881141254688953e-06,7.881226989652793e-06,1e-11,0.9999891216223118
0.0326720150786973,0.03505816917758488,1e-11,0.9319372872325229
0.48369586178968466,0.7106026542815389,1e-11,0.6806840065616271
0.10076023675905507,0.14399404739366878,1e-11,0.6997527924441505
0.05945788378590574,0.09121608157734591,1e-11,0.6518355399369894
1.4888794142044637,10.666078957821579,1e-11,0.13959013617770458
0.4698279848215455,0.7541487779859462,1e-11,0.62299111068811
0.8287328746858175,1.473042958858028,1e-11,0.5625992573416121
0.0023435497851293694,0.08316219335442193,1e-11,0.02818047108427735
0.10009105716635744,0.11884116450293454,1e-11,0.8422254829376558
8.85238767690582e-05,8.852427887442938e-05,1e-11,0.9999954576826122
0.023131954085242615,0.9920288269582423,1e-11,0.02331782449928374
0.56521853349775,0.6124495848128311,1e-11,0.9228817318416254
0.4149335128625994,0.5825335424173206,1e-11,0.7122911946679726
0.015077988311612478,0.15589471999211127,1e-11,0.0967190441881256
0.6556531129674169,10.836629757462838,1e-11,0.060503415512178936
0.03329109091843279,0.034067243172357944,1e-11,0.9772170512888779
0.06779362555640832,0.08149917232149462,1e-11,0.8318320741832663
0.06947646725899542,0.06963131527884804,1e-11,0.9977761726999913
0.04946343889294559,0.1273117623999496,1e-11,0.38852214406989605
0.0005239883333534284,0.0005239926999155669,1e-11,0.9999916667500535
0.026989991994225495,0.02784639112720365,1e-11,0.9692455970662022
0.02591181982507673,0.17894749586915373,1e-11,0.14480124295242125
0.019679839249458424,0.04065904772066593,1e-11,0.484021155258284
0.10273727780087559,1.5990718694308308,1e-11,0.06424806774785151
0.9439926905398476,9.067505178310249,1e-11,0.10410721273122701
1.2746736411001924,2.2884383517831477,1e-11,0.5570058901114678
0.029783459889622742,0.03798628611024195,1e-11,0.7840582204637389
1.2350799878362104,2.269882620604434,1e-11,0.5441162360665716
0.06524715609999385,0.06724817463874591,1e-11,0.9702442698333235
6.13575557777772e-05,6.135805423222642e-05,1e-11,0.999991876299608
0.03438372182233535,0.03960998421951855,1e-11,0.8680569432136289
0.0999926768139883,0.20158591313446084,1e-11,0.49603008096747153
0.05360829521391393,0.1521643367927728,1e-11,0.35230525327969037
0.0006888642333238303,0.04062286615277962,1e-11,0.016957548754267176
0.22909066576094284,5.582283966980151,1e-11,0.041038877118405356
0.136056370204663,0.3469599624167734,1e-11,0.3921385316534883
0.11666253101633003,0.42409394691390206,1e-11,0.2750865270897498
0.1965035402061159,1.1237803952678553,1e-11,0.17485937736018156
2.408931140591419e-10,3.0962170031509004e-10,1e-11,
1.1948031524903933e-05,1.1948118032632187e-05,1e-11,0.9999927597193117
0.017306577280456436,0.15566483911863782,1e-11,0.11117846122762806
0.10422793381208983,0.5685869627806408,1e-11,0.18331045316686354
0.41047370154780505,0.6835504068585628,1e-11,0.6005024610170971
0.7085473037247763,1.0942059604828256,1e-11,0.6475447304382487
1.2595405443062866,10.584985036478542,1e-11,0.11899313413912165
0.041127850645041965,0.05424236636935282,1e-11,0.7582237538272184
0.13859600468953606,0.13921924155430115,1e-11,0.9955233424790495
0.054513703664784995,0.48508935225002664,1e-11,0.11237868531215942
0.03811354706070675,0.04006989075288543,1e-11,0.9511767150990347
0.00017913674815424663,0.00017913904405653767,1e-11,0.9999871836857055
0.3568465344855118,0.5188014819432739,1e-11,0.6878286722483372
0.06281132891981711,0.07038622379105355,1e-11,0.8923810020875242
0.4024236972064732,0.4168019377524241,1e-11,0.9655034220246562
0.17503426354077609,0.19474698177890676,1e-11,0.8987777984641107
0.13638349802546346,9.832290506640149,1e-11,0.013870979293518442
0.05429436431702171,0.05972393618618363,1e-11,0.9090888475227796
0.8506833540515809,1.2356165081908643,1e-11,0.6884687509534121
0.1367829594347182,0.14403577187264266,1e-11,0.9496457557478328
0.0850947955860318,0.7525807256571643,1e-11,0.11307065499415468
0.00011280870587228538,0.00011281060542095416,1e-11,0.9999831616126721
0.3994230123231032,1.6409459886784001,1e-11,0.24341021281559308
0.008406843941682436,0.018865059544540697,1e-11,0.4456303952730044
0.26860727359761694,0.5272137349926906,1e-11,0.5094845899668015
0.24622895212644247,0.2642042015566398,1e-11,0.9319645587606454
1.5517338745230946,8.905453081946279,1e-11,0.17424535958410378
0.0198534800441429,0.031512342916758994,1e-11,0.6300223406614542
0.015731172420308553,0.031134887129854506,1e-11,0.5052586943610373
0.5422920655676132,0.6244346728188519,1e-11,0.8684528409025932
0.019034391250353826,0.036080971876811384,1e-11,0.5275465227306391
0.00012423693427923816,0.00012423815906189632,1e-11,0.9999901416548072
1.306066996390495,2.883887115572617,1e-11,0.45288423022451274
0.6755293298689911,0.8235945088675813,1e-11,0.8202207792738011
0.07316343074040176,0.843622336652921,1e-11,0.08672533616248038
0.005118388465846262,0.04474463001572524,1e-11,0.11439112277936893
1.5466280238366394,9.69223174830445,1e-11,0.15957398295879638
0.28291051103935505,0.2869196213010303,1e-11,0.986027061364796
0.03528230314559814,0.035518428353207614,1e-11,0.9933520367156631
1.118946632670929,2.3428272923355853,1e-11,0.4776052576865114
0.09192684927579364,0.09396708141922488,1e-11,0.9782877991673601
0.00020466582796921473,0.00020466787469351286,1e-11,0.9999899997774385
0.08558890946655243,1.992869665435999,1e-11,0.04294757000469839
0.12608823464534355,0.12767136996667663,1e-11,0.9875999190597994
0.06297170815502491,0.064165774279905,1e-11,0.9813909184720297
0.4912233066045371,0.6277076035506614,1e-11,0.7825670803187765
1.175847151557118,9.298715008458856,1e-11,0.1264526496927235
0.31297809368032053,0.3618559222275129,1e-11,0.8649246135138257
0.4785000569335692,0.5281206677414391,1e-11,0.9060430431172531
0.43704980082325495,0.5477779952879624,1e-11,0.7978593601473557
0.20658702181704663,0.681718138314394,1e-11,0.303038763685899
2.1362710811412815e-05,2.1362888159084164e-05,1e-11,0.999991698328895
0.05072521228559724,0.09336713569414794,1e-11,0.543287655859583
0.02401687399532944,0.03410609003122517,1e-11,0.7041813932157354
0.07310174258321259,0.17068403676404842,1e-11,0.4282869327977494
0.3774473030863334,0.5434210493895745,1e-11,0.6945761551016848
1.517448570880245,11.635215066751934,1e-11,0.13041860955509207
0.3543131995100167,0.4011850303608915,1e-11,0.8831665508338868
0.031069996227526642,0.06427400979746409,1e-11,0.4833990648075686
0.00766171597461532,0.02699401640183659,1e-11,0.2838301592679643
0.04963512844507258,0.05007140243655476,1e-11,0.9912869628120566
7.870725123839942e-05,7.870790713110286e-05,1e-11,0.9999916667495382
0.923000639341408,2.6665618902622787,1e-11,0.3461388399466787
0.021668710564785535,0.1319197485096089,1e-11,0.16425676071696885
0.25938918919580045,0.3561198917784155,1e-11,0.7283760193805666
0.1295430167889933,0.13140082142217585,1e-11,0.9858615447523449
1.8693923009872069,11.762843985590726,1e-11,0.1589234970111972
0.43892571189689344,0.5941606510544882,1e-11,0.738732380069109
0.0022879415716058967,0.007939575020801677,1e-11,0.28816927425101374
0.09926596572839033,0.19335243930120763,1e-11,0.513393914693531
0.1331766054283574,0.21436120227714303,1e-11,0.6212719653259652
0.0002804932205550764,0.0002804959340006364,1e-11,0.9999903262570644
0.030767836341189687,0.06541345285664223,1e-11,0.4703594596759687
0.6136666778831942,1.6850381039183975,1e-11,0.36418563856578084
0.7640839899285004,1.414915649046639,1e-11,0.5400208771762014
0.0476958878598033,0.11864397714488054,1e-11,0.4020085048359437
1.4478692194451337,10.002746444451793,1e-11,0.1447471679388835
0.10347484266509906,0.19656000346125369,1e-11,0.5264287792175188
0.34347596032296246,1.2525032189777103,1e-11,0.27423159886431797
0.049533720543563406,0.06818831517596866,1e-11,0.7264253474475109
0.16055309945600746,0.894695737122827,1e-11,0.17944994347722723
0.00010107363573486148,0.00010107498115653574,1e-11,0.9999866888753393
1.045614077036287,1.4885222167915306,1e-11,0.7024511056946666
0.8100702393524399,1.6959235334209064,1e-11,0.4776572901954011
0.5402951478031012,0.5865687201954578,1e-11,0.9211114217325853
0.05469443403416757,0.20950034425794217,1e-11,0.2610708551716096
0.783994969892166,9.070742925658474,1e-11,0.08643117507767462
0.036984643568429176,0.040650787593248194,1e-11,0.9098137024674047
1.182894670689978e-10,2.5915887522847614e-10,1e-11,
0.030520125379969357,0.22176362880209285,1e-11,0.1376245759723126
0.09152044961382805,0.23137775763402801,1e-11,0.39554558117287425
0.00020594969695139815,0.00020595011057507383,1e-11,0.9999979916316892
0.13614376168425038,0.25170277340066244,1e-11,0.5408909875916849
0.05399076657837788,0.09544907986502081,1e-11,0.5656499429300822
0.07644868698906505,0.08638303236911268,1e-11,0.8849965657885405
0.25529919977325255,0.3742002820118783,1e-11,0.6822528256810574
1.4012449709012613,8.641903925827757,1e-11,0.16214540024142243
0.034018480029550824,0.05704436294422934,1e-11,0.5963513005274461
0.1629079678583188,0.16662121929018006,1e-11,0.9777144144804604
0.04131564146818404,0.061064630388565445,1e-11,0.6765887422110809
0.03674382616426104,0.03757962274776783,1e-11,0.9777593141603204
0.00027823321979283613,0.0002782351304578986,1e-11,0.9999931329122267
0.06737967464057709,0.07555291302241424,1e-11,0.8918210025944017
0.8957455530763904,1.060008217460265,1e-11,0.8450364236067518
0.04570935605800015,0.06511532245032439,1e-11,0.7019754235705614
0.41810292440587926,0.456155264638721,1e-11,0.916580289250899
1.6344965509710363,10.354255358312367,1e-11,0.1578574696497964
0.34553175745865583,0.37818312806718685,1e-11,0.9136625402211749
0.10785706165137975,0.13233220366774995,1e-11,0.8150477258141895
0.04802217590782619,0.09674639029145288,1e-11,0.49637175881350415
0.11569751745821129,1.758546330871608,1e-11,0.06579156626534077
0.00027412440735131906,0.0002741260258094911,1e-11,0.9999940959339148
0.05982039178101344,0.05987048513928673,1e-11,0.9991633046206867
0.02438659926531862,0.02544130262270642,1e-11,0.9585436574129472
0.041941304964693,0.08402163695356472,1e-11,0.49917267129504056
0.044445292996626466,0.04599941149795681,1e-11,0.9662143829514128
0.5642919345300287,11.452782423459555,1e-11,0.04927116517765579
0.1990234613145998,1.566720853321146,1e-11,0.127031858223313
0.5955024442740539,0.9657533559081773,1e-11,0.6166195961225047
0.13613180189822793,0.1529639100543153,1e-11,0.8899602648094539
0.3347192658145566,0.529558890098891,1e-11,0.6320718471028791
0.00011010300844926543,0.00011010392597278503,1e-11,0.9999916667501954
0.025464992877743745,0.16608055079348796,1e-11,0.15332916922589004
0.36937060955932166,0.5261985758466238,1e-11,0.7019604888991294
0.5158496529195873,0.5586027863016308,1e-11,0.9234641601680841
0.04564839099863818,0.04639140741224635,1e-11,0.9839837492532717
1.124996996202858,6.925772379317173,1e-11,0.1624363225627369
0.03885652185909554,0.04020559987571972,1e-11,0.9664455195098609
0.8210615285459869,1.353697466718117,1e-11,0.6065325146367864
0.677481946299829,1.3366955537014993,1e-11,0.5068333955505318
0.2623460413619211,0.27077325527203433,1e-11,0.9688772293938455
8.193029299164245e-05,8.193086639165342e-05,1e-11,0.9999930014164841
0.3361988253961798,0.3505083197062398,1e-11,0.9591750223730702
0.05417389164048556,0.05422329322934594,1e-11,0.9990889231192317
0.0846231887532355,0.30191580185954586,1e-11,0.2802873789050731
0.10107326093531965,0.12624963896849165,1e-11,0.8005825740265656
0.006715613818189687,0.03399173196155801,1e-11,0.19756609712575166
0.12834208126099364,0.2438401929889248,1e-11,0.5263368589395061
0.8222958521930896,1.584010140149262,1e-11,0.519122846092137
0.8259259669764433,2.393017516447833,1e-11,0.34513995877574605
0.1231310050604534,0.22365315437795097,1e-11,0.5505444598039274
9.015591622642949e-05,9.015654330267906e-05,1e-11,0.9999930445841577
0.13386921127595344,0.1471415120059304,1e-11,0.9097990733611462
0.060090416805912275,0.06057957810444353,1e-11,0.9919253102474912
3.3251970471960105e-06,3.529005137205848e-06,1e-11,0.9422477207921534
0.08536409519915183,0.20083538600808123,1e-11,0.4250450923808663
1.264163102651138,9.333076704598101,1e-11,0.13544977103084627
0.2529998157691498,0.6218509826146753,1e-11,0.406849587509487
0.7028144034073045,3.0665514716951336,1e-11,0.22918721889862867
0.36458116103018334,0.5166431628025242,1e-11,0.7056730588526857
0.08068906095479385,0.08696911332777278,1e-11,0.9277898539759695
0.00026518846765831336,0.00026519112085341464,1e-11,0.9999899951586133
0.3305012706232108,0.36925643376048517,1e-11,0.895045395031864
0.04727496639214504,0.1640219396016129,1e-11,0.2882234322247959
0.10591658785488323,0.2494092223749745,1e-11,0.42466989330347554
0.34633935279386324,2.0566690194095183,1e-11,0.16839819607595358
1.1416302232215307e-06,2.9700438694262458e-06,1e-11,0.38438160290274476
0.16403499364975108,0.179663848449191,1e-11,0.9130105753920785
0.004068815858242658,0.039436748682946735,1e-11,0.1031732075824521
0.047643390589494995,0.06203466323722265,1e-11,0.7680123998949597
0.061451368276593005,0.06867475292054001,1e-11,0.8948174643991103
0.00011703200993070623,0.00011703276117916519,1e-11,0.9999935808704213
0.0008023863388197456,0.02956762267125471,1e-11,0.027137330171621
0.046908970529560265,0.04703071437875725,1e-11,0.9974113969816293
0.6760683292638963,0.7686367453977548,1e-11,0.8795680577488444
0.054968244425630475,0.05626399949457656,1e-11,0.97697008601262
0.5579193852965729,8.428066407801497,1e-11,0.06619779179482153
0.3498184508319759,0.44589861492348903,1e-11,0.7845246410823694
0.0351712700696937,0.044778621535261603,1e-11,0.7854478066502684
0.11277619863771328,0.14090795371853118,1e-11,0.8003536753006
0.3126539403007137,0.34588517273696706,1e-11,0.9039240908383069
0.00036122188936683154,0.00036122535772120754,1e-11,0.9999903983640631
0.06998122751114168,0.07033640452465918,1e-11,0.9949503103560976
0.17840172647691646,0.5203453423571245,1e-11,0.34285254801891824
0.18209682285278064,0.21960046182216536,1e-11,0.8292187609343211
0.3737406446951091,0.3861920151071864,1e-11,0.9677586021331345
0.6286641970629439,11.064815603396537,1e-11,0.056816509158088856
0.24960867125848696,0.3353130760851413,1e-11,0.7444048236135812
0.09128329151821345,0.0936846185266728,1e-11,0.974367969403903
0.07903057445318444,0.10227718612585798,1e-11,0.7727097063066709
1.296058898410356,2.893571459278199,1e-11,0.4479097601873837
3.445007291209043e-05,3.4450182818060885e-05,1e-11,0.9999968097129982
0.10959912662523418,0.13541311497922995,1e-11,0.8093686246125038
0.33799625649324533,1.5166015187421007,1e-11,0.22286424767237878
0.041151224651015936,0.04116940243772897,1e-11,0.9995584636735855
0.0885593216051773,0.09015802030728268,1e-11,0.9822678149247667
1.2484522062066405,6.559712390868184,1e-11,0.19032118053599706
0.5782703139128864,1.004187220434634,1e-11,0.5758590650681638
0.8080147127288554,0.8958592090094816,1e-11,0.9019438597078746
0.09621273478398266,0.327297617003416,1e-11,0.2939609999756842
0.0789159500750786,0.08361100286654694,1e-11,0.9438464719893123
7.540749703525072e-05,7.540819121076652e-05,1e-11,0.9999907944282358
0.26525626238929567,2.4593544098054747,1e-11,0.10785605414645236
0.011070994906462182,0.027285082873754755,1e-11,0.4057526582450391
0.14727949950322183,0.7139297019427587,1e-11,0.20629411985863894
0.0181325669003755,0.035494474992525775,1e-11,0.5108560389805386
1.238371045802341,8.32348255689164,1e-11,0.1487803977887837
0.12734820667677257,2.5764549753335317,1e-11,0.04942768567507642
0.2795880503295441,0.29547146799376456,1e-11,0.9462438191678268
0.6741705077541105,0.7919346718715349,1e-11,0.8512956077057228
0.0004959036971173766,0.01904277502268806,1e-11,0.026041566763591126
7.921460736110004e-05,7.921503305947483e-05,1e-11,0.9999946260405589
0.053416365848039986,0.2790914864770322,1e-11,0.19139374877504864
0.10103383289688185,0.1965519054574817,1e-11,0.5140313072097772
0.019017187986797635,0.0377884660335945,1e-11,0.5032537698114307
0.05442284843449582,0.055098214028571534,1e-11,0.9877425138730359
0.26419373161425647,8.915933803213374,1e-11,0.029631638978638325
0.04005482738814763,0.44234020433200777,1e-11,0.09055208411054501
0.7954537703601567,2.0958615410370856,1e-11,0.3795354582280975
0.18973553983230912,0.4614116408356097,1e-11,0.41120666025829095
0.060956658237978203,0.1083176356416786,1e-11,0.5627583899599377
0.0002754866051042182,0.00027548904200418167,1e-11,0.9999911542762437
0.3307281318843325,0.775101343347178,1e-11,0.42669018022356214
0.006450540696511608,0.04883964478560718,1e-11,0.13207591342704755
0.859141706300731,1.157093532079674,1e-11,0.7424997914875329
0.04338973593042751,0.04432340183149981,1e-11,0.978935147969424
0.8142261875980359,11.845512595807872,1e-11,0.06873710031646842
0.06852293552724113,0.1664727360955636,1e-11,0.41161656337471125
0.5769876773344992,1.6768293214633103,1e-11,0.3440944584813094
0.6908272840979033,2.6418257613430267,1e-11,0.26149615701631546
0.03908446975705197,0.07403958296572755,1e-11,0.5278861413244849
0.0003447588561788762,0.0003447621443288802,1e-11,0.9999904625549583
0.05416056155350811,0.30945450677538866,1e-11,0.17501946285377407
0.08113339929928969,0.08724767461680996,1e-11,0.9299204781746442
0.0018622210360102651,0.011800877072591353,1e-11,0.15780361277853225
0.4296051283221394,0.530950976670479,1e-11,0.8091239063465604
0.3787799204153518,9.544161756498292,1e-11,0.03968708096941605
0.12204981501070937,2.952549270715248,1e-11,0.04133709680012998
0.44290559016060055,0.8290540955665361,1e-11,0.5342300249514357
0.5436866015929059,0.6389204174292846,1e-11,0.8509457308946945
0.10203794374947527,0.20971650181664406,1e-11,0.48655181097140093
5.382470367077412e-06,5.3825095658031266e-06,1e-11,0.9999927173885648
0.08619322906015592,0.19532675787391338,1e-11,0.4412771194195271
0.4513780662093482,1.2179864170288324,1e-11,0.37059367813841815
0.294081116247503,1.5106442623116119,1e-11,0.19467264635652565
0.07953792636493431,0.1466322759780807,1e-11,0.5424312337402717
0.14619286830895192,8.858475350154771,1e-11,0.016503163640501375
0.03987327068889756,0.055010886952383146,1e-11,0.7248250827770046
0.015229430562143563,0.45192490335228863,1e-11,0.03369902930591939
0.0545646733439198,0.055583355953721214,1e-11,0.9816728840437492
4.383625014791054e-11,1.7090273247528242e-10,1e-11,
0.00014060726997806145,0.0001406084540273118,1e-11,0.9999915791034149
0.5592365574522805,0.7522273421005239,1e-11,0.7434408803735653
0.07826530218204462,0.10314838300807766,1e-11,0.7587642181062167
0.20655379685261763,0.23015349349325562,1e-11,0.8974610540016437
0.008955524072802657,0.05308297035954507,1e-11,0.16870804350518656
0.28115445060582905,9.193117267323293,1e-11,0.03058314632895912
0.005461020925752439,0.02729641205840271,1e-11,0.2000636902047118
0.12520115887647856,0.35657364123852225,1e-11,0.3511228660694186
0.3680014240446199,1.379284751802332,1e-11,0.2668059830022386
0.027700229692658056,0.2541243747310547,1e-11,0.10900264770734333
9.159823584586938e-05,9.159875414532693e-05,1e-11,0.9999943416320191
0.02640771531465372,0.16430405280872662,1e-11,0.1607246739396993
0.004898829165316308,0.05491626368151737,1e-11,0.08920543454534142
0.7597146809105357,1.2760639775912659,1e-11,0.5953578302120827
0.1690935380574612,0.23203609114161483,1e-11,0.7287380908095934
1.8776821262260388,10.64637809728376,1e-11,0.17636816099036506
0.04312217491044169,0.09058650839749068,1e-11,0.4760330834391251
0.05986229242594332,0.16309239696537553,1e-11,0.3670452672214516
0.013692152484844948,0.40362957701350066,1e-11,0.03392256976348136
0.132810344583761,0.15291661166990483,1e-11,0.8685148273521359
0.0001371339541013444,0.00013713596791181367,1e-11,0.9999853152276538
0.40486431316641247,0.9772713332964952,1e-11,0.41428035323694523
0.02001345897546238,0.21248986849255083,1e-11,0.09418547395902775
0.10614993104749837,0.6110986904044026,1e-11,0.17370341765460545
0.03356801797950815,0.041356960834256766,1e-11,0.8116654923952514
0.8911771069385322,6.706796392961269,1e-11,0.1328767200796219
0.07648316800291466,0.25223803060394523,1e-11,0.3032182253397216
0.7339111303673962,0.9360896706306795,1e-11,0.7840179775436814
0.6802037616040284,0.7505753882726622,1e-11,0.906243093274636
0.0043464565925346605,0.017792518986415182,1e-11,0.24428562340460258
3.104695062699415e-05,3.104714606820619e-05,1e-11,0.9999937050184383
0.24018299846045962,0.3338919886238844,1e-11,0.7193434003923224
0.033173993355302744,0.13346888453374173,1e-11,0.24855226348217635
0.9923026745256216,1.7392427802908696,1e-11,0.5705371819106644
1.1705091961509377,1.4798582568218501,1e-11,0.790960344178319
1.2964161280423658,9.453660067220433,1e-11,0.13713377875068217
0.20129190721998477,0.23374726933844042,1e-11,0.8611519090241698
0.009801579783812282,0.07209951441818313,1e-11,0.13594515667556803
0.09528470410727723,0.09723513864803586,1e-11,0.9799410525055282
0.040977417831572084,0.04102635773870434,1e-11,0.998807110603287
7.852624979854123e-06,7.852625177299258e-06,1e-11,0.999999974856162
0.6684959152281315,0.8191280419035785,1e-11,0.8161067391547336
0.25220701935965995,0.41759620866088376,1e-11,0.6039494950598774
3.0646083485947576e-10,3.171685468988928e-10,1e-11,
0.32745007184360303,0.3482547080602835,1e-11,0.9402602872691698
1.1983848558688257,9.559449037436211,1e-11,0.12536128925168952
0.8558537308237429,2.5528615982169667,1e-11,0.3352526950233063
0.010936396279252638,0.0551483379224419,1e-11,0.1983087195598367
0.0561768279980666,0.13001940430539183,1e-11,0.4320649544441651
0.01840694974673744,0.03762998327787091,1e-11,0.4891564689469854
0.00037916220036974516,0.000379165360049503,1e-11,0.999991666749944
1.254273200088244,2.0058251326408363,1e-11,0.6253153276810768
0.0271982043689847,0.029687447259534188,1e-11,0.91615166946528
1.385422313757694,2.434541895184591,1e-11,0.5690689967167926
0.08761083100011097,0.13686913816309063,1e-11,0.6401065439289578
0.9996348365374008,12.923289402351042,1e-11,0.07735142388404181
0.3942115524610359,0.49936041118088165,1e-11,0.7894329298728529
0.06992875328094887,0.2221548879991073,1e-11,0.3147747677792706
0.03568971895759881,0.038598766129033,1e-11,0.9246336745141166
0.7791372707198618,0.9487775035174374,1e-11,0.8212012487978877
0.00011444928204129536,0.00011445016002045438,1e-11,0.9999923287205639
0.1462278203369798,0.7553522045339273,1e-11,0.19358892376200362
0.5883524246385416,0.9577844945366892,1e-11,0.6142847665571642
0.05710387500455344,0.09749426938566208,1e-11,0.585715194999465
0.4654852317399475,0.7557157931607288,1e-11,0.6159527641907387
1.0867999966399113,9.30830999106061,1e-11,0.11675588776949174
0.7673872505412875,1.0122970290459277,1e-11,0.7580652995342055
0.05807634481689109,1.3521699339850748,1e-11,0.0429504778631856
0.26508340875713143,0.2874581910347487,1e-11,0.9221633511396009
0.6931658592463461,1.552229804500478,1e-11,0.4465613643267295
0.00019988038040601912,0.00019988206289478074,1e-11,0.9999915825925686
0.07736436567943997,0.12074561782228625,1e-11,0.6407219332241528
0.08062322370604291,0.19203052417806896,1e-11,0.4198458763320429
0.2837837802186532,0.294731027177804,1e-11,0.9628568221541651
1.2719137341429998,2.7181838851503874,1e-11,0.4679277737946818
0.42357271982811184,9.63212261872679,1e-11,0.04397501325456562
1.374156762599826,2.302075224088451,1e-11,0.5969208773983259
0.9009669667123621,1.2621127426396208,1e-11,0.7138561685290116
0.2722885701282069,1.7739698565740405,1e-11,0.153491091812609
0.1484676205243888,0.5729624270352324,1e-11,0.25912278627523216
5.911152997343239e-05,5.911173864207722e-05,1e-11,0.9999964699288225
0.24030655950238292,0.24637995418583947,1e-11,0.9753494771783442
0.5524119837605871,0.6156070329850898,1e-11,0.8973451474099171
0.03657395498556825,0.07963140010880873,1e-11,0.45929061821835887
0.3565789183347137,0.3618565447378853,1e-11,0.9854151417739466
0.6551285960183795,10.925324823953243,1e-11,0.059964221345807665
0.7032546117235294,0.9972768340324617,1e-11,0.7051749200670174
0.03030712789208893,0.045197596865862145,1e-11,0.6705473298068194
0.16266841779192703,1.7087050667487327,1e-11,0.09519982175826698
0.14728081151187922,0.1687784648075929,1e-11,0.872627984143469
0.0006274284809645189,0.0006274337095264854,1e-11,0.9999916667499896
0.03511681188930891,3.465868129969465,1e-11,0.010132183502786154
0.11615904449117259,0.45457483001057986,1e-11,0.2555333837741722
0.1268818525433282,0.9076834941165832,1e-11,0.13978644909348925
0.0319185957114773,0.03667852789274457,1e-11,0.8702256482270425
1.5046001907264472,8.483763313819052,1e-11,0.17735056189929657
0.03703772372566127,0.0888514728857827,1e-11,0.41684985653836865
0.16490581364047702,0.17051946379155683,1e-11,0.9670791238357286
0.8262786346165075,1.169351879645861,1e-11,0.7066124825204424
0.027439372747870668,0.03000443023815217,1e-11,0.9145107082546797
0.0002879087790278027,0.0002879111964286163,1e-11,0.9999916036581988
0.682683417869757,0.8894454453888369,1e-11,0.7675382693890909
0.8640360221194926,3.1252442849039377,1e-11,0.2764699151017089
0.3616157805863058,0.5640479390328664,1e-11,0.6411082384350931
0.15330289222330765,0.15378881881568113,1e-11,0.9968402995997006
0.07246164288593027,8.956359424120311,1e-11,0.008090524224696064
0.5488851590865503,0.6490516933664158,1e-11,0.8456724860229008
0.1330338129864959,1.1753146994282484,1e-11,0.11318995078612769
0.904989593389483,1.8655703352846251,1e-11,0.4851007631676407
0.30510934674962864,1.0382376615843547,1e-11,0.29387235508682147
4.263141995560591e-05,4.263158827661892e-05,1e-11,0.9999960517301885
0.19838467419840483,0.45667149556712133,1e-11,0.4344144009952694
1.090323619415352,2.289263316610558,1e-11,0.4762770676069128
0.040602657399665114,0.09250851244727415,1e-11,0.4389072564841735
0.4002676189063554,0.6506419761211077,1e-11,0.6151887421906073
5.897750332710416e-07,2.3781495516782087e-06,1e-11,0.24799745367352952
0.004055104967284242,0.05730930680203825,1e-11,0.07075822747763577
0.030078942194769438,0.05298659996493389,1e-11,0.5676707358969143
0.13044594172012455,0.13135464776606837,1e-11,0.9930820411656682
0.44295205682480326,1.6377870389931442,1e-11,0.2704576640789117
2.4153994043928924e-05,2.4154336768830883e-05,1e-11,0.999985811040674
0.03368628256230729,0.03405607358775974,1e-11,0.989141701127127
0.046414231816635745,0.07020717493539946,1e-11,0.6611038239231732
3.3611685017578214e-06,3.4424891334866517e-06,1e-11,0.9763773744591413
0.14340231590851443,0.5710946035847478,1e-11,0.2511008071313953
0.7975423840432043,6.1802432635830105,1e-11,0.12904708601726259
0.025964882750729324,0.08882903056567927,1e-11,0.29230176875037667
0.8961456633441542,1.112664816067626,1e-11,0.8054048716228014
0.5709466873565576,0.6614242044594799,1e-11,0.8632080342798143
0.17883270991351788,0.21915727041886934,1e-11,0.8160017213744256
8.122519926720946e-05,8.122594777035145e-05,1e-11,0.9999907849257221
1.9501108092766925e-06,3.490502040742229e-06,1e-11,0.558690637196137
0.07870401228510583,0.13557328989692707,1e-11,0.5805274205925259
0.03484112788625672,0.7701744778348085,1e-11,0.04523796735540443
0.021216574177432466,0.043017720271983834,1e-11,0.4932054521552643
1.055043915856571,7.159438318568082,1e-11,0.1473640625019847
0.035025118491864723,0.03511585026152166,1e-11,0.9974162160682079
0.058855398959939444,0.06748238780910398,1e-11,0.8721594014490299
1.2060593893917342,3.504558623223676,1e-11,0.34414016686710114
0.5388561846041311,0.7082578505143068,1e-11,0.7608192188944134
0.0002018681648340199,0.00020186990497225824,1e-11,0.999991379902623
0.6953307518324864,0.7764676089634447,1e-11,0.8955051618453563
0.08657001346248691,0.2275311169238205,1e-11,0.3804754911455533
0.06635390531196828,0.08776574245962979,1e-11,0.756034227620071
0.05861328171803058,0.2323069226838595,1e-11,0.2523096644769208
0.7567235444016954,10.466856126356813,1e-11,0.07229711914126476
0.3056267047389322,0.34583855671424574,1e-11,0.8837265215383745
0.1828751581450155,0.20051421855458473,1e-11,0.9120308747343647
0.054935479304922034,0.05515639894926108,1e-11,0.9959946688227005
0.20902706235207777,0.3158396232305559,1e-11,0.6618139301650973
0.0001694298328785928,0.00016943131192608948,1e-11,0.9999912705185372
0.08059715559898382,0.08895601035652523,1e-11,0.9060338393770123
0.07642770847601925,0.14578835575373725,1e-11,0.5242373993511484
1.0769115037744006,1.3575496253513157,1e-11,0.7932759758198233
0.07320823755668697,0.08051684202293527,1e-11,0.9092288733310425
0.33720038529166346,10.53457698099521,1e-11,0.03200891558341509
0.6692726768305338,2.000389831592669,1e-11,0.3345711252179645
0.24464958410271007,0.24937547975084115,1e-11,0.9810490764655255
0.012554338439067798,0.1522692776688078,1e-11,0.08244826948200294
0.1844219026734473,0.20786026151404055,1e-11,0.8872398279985324
2.400722494621135e-05,2.400738560711638e-05,1e-11,0.9999933078550218
1.2408552617805262,2.0136907635356747,1e-11,0.6162094420107534
0.11833876286791174,0.2582817756833987,1e-11,0.4581769757265846
0.7782180749806952,1.4201638502759681,1e-11,0.5479776680905311
0.3917504598431918,0.4304188678376938,1e-11,0.910160982977439
0.8956980496868749,7.520213303508435,1e-11,0.1191054047986912
0.406787822043658,0.7918365525954838,1e-11,0.5137270068049875
3.4727352683652595e-06,3.494361653962652e-06,1e-11,0.9938110625805237
0.1091645059571096,0.45916610926494966,1e-11,0.23774512916875384
0.12133972546172055,0.12259180227256064,1e-11,0.9897866187817654
5.620476050045937e-05,5.620522887268363e-05,1e-11,0.9999916667499865
0.012516231471958421,0.11903226971411866,1e-11,0.10514990180409746
1.0408159483768935,2.060249530439622,1e-11,0.5051892661539893
0.11459003756405362,0.11937707436492608,1e-11,0.9598998649754233
0.009387962521326707,0.06276047769007462,1e-11,0.14958398767591574
0.004048805750124702,0.023643501827090532,1e-11,0.1712439121638747
0.0651724726600516,0.9223929418501142,1e-11,0.07065586660857376
0.6788333402500439,2.004034811196962,1e-11,0.3387333076537693
0.046646250507402995,0.06473816176344128,1e-11,0.720537148982579
1.128394353192862e-10,2.5853606152002026e-10,1e-11,
6.151697175103206e-05,6.151711319668177e-05,1e-11,0.9999977007105445
0.05196736212997092,0.0715124065775097,1e-11,0.7266901593312398
0.014427173037849518,0.08240966786126831,1e-11,0.17506651115421057
0.37591594564477326,0.8658717149951126,1e-11,0.4341473905830208
0.021209980534442993,0.07643010448634008,1e-11,0.27750819754843764
1.6856692963907278,9.795320842581045,1e-11,0.17208923765549242
0.48546214942014504,0.7854276713966213,1e-11,0.6180863841439562
0.04829094991131508,2.6291408275481007,1e-11,0.018367578261812064
0.3948884461935782,0.4401593584738661,1e-11,0.8971488134723465
0.0480547766210753,0.048251747029175604,1e-11,0.9959178595547804
0.00010684611470489032,0.0001068462647990887,1e-11,0.9999985952321434
0.07976613186015806,0.08045646319918329,1e-11,0.9914198149958917
0.9851669580081477,3.4910656794909802,1e-11,0.28219662660479977
0.030814355787650526,0.08296075049985793,1e-11,0.3714329439160907
0.015529251312186836,0.10664363599896096,1e-11,0.14561817183669676
0.2620984966475549,8.86481288442944,1e-11,0.02956616231662561
0.7794309547887767,0.9220719857583206,1e-11,0.8453038014681309
0.2241949611150538,0.24200108184253763,1e-11,0.9264213176572917
0.9875926511279144,1.306002421748809,1e-11,0.7561951147115589
0.07895140479443688,0.0792978616085669,1e-11,0.9956309437971957
0.00010484283346468426,0.00010484370715349601,1e-11,0.9999916667501038
0.09140816901307174,0.12919270370310787,1e-11,0.7075335246728242
0.4817316447945215,0.5287986725252847,1e-11,0.9109925380372194
0.2920313367416264,1.047982704392318,1e-11,0.2786604545262637
0.31135030918253637,0.8541433091565959,1e-11,0.36451764691568217
0.7094250608877473,5.594736514468867,1e-11,0.12680222903313904
0.08706750801032734,0.09156272876998874,1e-11,0.950905561465368
0.3332179823678603,1.7585754887074208,1e-11,0.1894817620895993
0.543869314515577,1.0246185778236576,1e-11,0.5308017307970184
0.36593905572898355,2.793668304084122,1e-11,0.13098872732815475
5.114111653893622e-05,5.1141546413581405e-05,1e-11,0.9999915944144178
0.0924915099312394,1.0541800585893004,1e-11,0.08773786714862657
0.528828786514706,0.8506376547690945,1e-11,0.62168513649711
0.10839606708033123,0.3892997534919711,1e-11,0.2784385710703174
0.20483660236645118,0.2071970919796114,1e-11,0.9886075157203824
0.4017715939929393,5.229774259964862,1e-11,0.07682388837862358
0.04108623870626941,0.0470073216881472,1e-11,0.874039133283129
0.04302800113355917,0.07479806109498154,1e-11,0.5752555681746951
0.8202163195478149,0.9279602823049095,1e-11,0.8838916225062184
0.29886990442991535,0.3467120556354512,1e-11,0.8620118613474483
0.00015104683799315144,0.00015104831588869864,1e-11,0.999990215742966
0.0370995238036702,0.06173849633715403,1e-11,0.600913951662665
0.04676730941097406,0.05421797276546107,1e-11,0.8625794552164929
0.01056259816141524,0.04512321244123327,1e-11,0.23408347034625607
0.5677455774628155,1.8615885747694592,1e-11,0.3049790835405861
1.0922980456923983,10.050502809620744,1e-11,0.10868093531069976
1.5135239190430496,3.3270752032441995,1e-11,0.4549112438357951
0.0035210379083011256,0.00388149919146277,1e-11,0.9071334900817531
0.04714039085251582,0.13813840051752987,1e-11,0.34125478994911096
0.838500504114474,1.590280922231333,1e-11,0.5272656499821231
1.6106611699184023e-05,1.610673372675556e-05,1e-11,0.9999924238164233
0.10937222507971621,0.3688377866100145,1e-11,0.29653205026783064
0.22063253258188273,0.22497334369392638,1e-11,0.9807052202684542
0.2803433390485351,0.8575730386757775,1e-11,0.3269031632354343
0.4196574134465581,0.784086658304346,1e-11,0.5352181535062756
0.5880530972094848,9.098869843751984,1e-11,0.0646292459731457
0.05487771802646392,0.056716980858023215,1e-11,0.9675712140573309
0.04837243728685209,0.16881028749451743,1e-11,0.28654910790566074
0.025393169790305946,0.02551360678049704,1e-11,0.9952794996322057
0.06402318261828445,0.06852979352603913,1e-11,0.9342386621077106
3.689084398224464e-07,3.6890848523703327e-07,1e-11,0.9999998768947077
0.5079871975999338,0.5286972453056021,1e-11,0.9608281528047355
0.426953261950825,0.44533199728409306,1e-11,0.958730260916905
1.0876134933716135,1.310551701887173,1e-11,0.8298898027490772
0.009689545764472417,0.03211149200953967,1e-11,0.3017469808501532
1.5778335546010902,9.161212602136443,1e-11,0.17222977166070036
0.9855711887126749,1.2546027741428132,1e-11,0.7855643308186133
0.5737206739128866,0.6087961646474694,1e-11,0.942385493254719
0.11991859379746757,0.1529939795771315,1e-11,0.7838125011776096
0.3514634775213534,1.4030097352072797,1e-11,0.2505067988494238
1.0410569298793825e-05,1.0410625322856533e-05,1e-11,0.9999946185689168
0.010496819176574267,0.09760242426459449,1e-11,0.10754670548057291
0.11451692978770221,0.5647507910078794,1e-11,0.20277427072449106
0.07382000861264104,0.07410224023469572,1e-11,0.996191321326308
0.006371072870120423,0.6201605202680939,1e-11,0.010273264198382419
1.0088239913327515,8.914524056204986,1e-11,0.11316633226544001
0.32120891070602736,2.9135378074948375,1e-11,0.11024703708314466
0.011934056520757448,0.012110503868306545,1e-11,0.9854302224360075
0.6975732601807756,0.8132140871002556,1e-11,0.857797806563054
0.07494928148806058,0.09027164955534457,1e-11,0.8302637855544004
0.0001470919677157889,0.0001470932366497756,1e-11,0.9999913732676253
0.65139829640219,3.168288872235266,1e-11,0.20559940165513405
0.2035225533347471,0.21540930482373932,1e-11,0.9448178364499219
1.376069437799234,2.395426968792669,1e-11,0.5744568528811352
0.24005317481901836,0.24739682611239455,1e-11,0.9703163075744556
1.4615516631547036,7.054245976006868,1e-11,0.2071875106320053
0.03317814283449466,0.08787702872739628,1e-11,0.3775519417869342
1.4312365525902717,3.727032312324912,1e-11,0.38401506417245695
0.34616342304704395,0.4359270171845663,1e-11,0.7940857285761724
0.004921900689321393,0.04093059604806202,1e-11,0.12024991484467852
0.00020827058076846043,0.00020827250574067193,1e-11,0.9999907574348105
0.06329812655930848,0.36670073457465063,1e-11,0.17261521614547692
0.6495365815911596,0.9682498233057709,1e-11,0.6708357347007101
0.0260577379473975,0.053233179133990144,1e-11,0.4895018176879702
0.29433118858267865,0.8265955058373581,1e-11,0.3560764442876025
1.112628543489987,11.401792189606118,1e-11,0.09758365395435464
0.10617301469497156,0.19705286591515472,1e-11,0.5388047222854734
0.019584102041490543,0.026274669984008438,1e-11,0.7453605336778739
0.11335844398376936,0.125614910916561,1e-11,0.902428248021185
0.10768234972719776,0.24288972312431897,1e-11,0.44333843499867787
8.555319946987082e-05,8.555338265145425e-05,1e-11,0.9999978588621776
1.6696190417060812,3.456415254208884,1e-11,0.4830493210192215
0.026480527115886214,0.03785659329192001,1e-11,0.6994957763813928
0.01528312277267713,0.023995450149720148,1e-11,0.6369175271694318
0.055254296340604414,0.0603203941164739,1e-11,0.9160135166542969
0.8709955898791709,9.771115470558506,1e-11,0.089139831834306
0.026658014121719687,0.5559602622866869,1e-11,0.047949495548610256
0.06101677704598461,0.10709446780192927,1e-11,0.5697472362329198
0.5919061901195428,2.218772670738268,1e-11,0.26677189507773846
0.07395585330330516,0.16791808885245763,1e-11,0.44042815046738043
3.282727552133998e-05,3.2827569610695e-05,1e-11,0.9999910413911688
0.08488657673749406,0.08830935075072423,1e-11,0.9612410918647581
0.12887741631772287,0.1479866516053475,1e-11,0.8708718990508323
0.11294547580072375,0.24711493996811312,1e-11,0.4570564443222164
0.4950783719237992,0.5150656310469881,1e-11,0.9611947334118174
0.13520723393228928,11.079280931856172,1e-11,0.0122036109350318
0.43382781005211024,2.5041457191167833,1e-11,0.1732438359078888
0.09760308925651459,0.21899434918934058,1e-11,0.445687706636338
0.03450702109726799,0.12327705586163581,1e-11,0.279914383549183
0.03132394788791838,0.037214280592792866,1e-11,0.8417184851877739
0.00020542232653545403,0.0002054233710153525,1e-11,0.9999949154767868
0.02448544559511442,0.06944973959759466,1e-11,0.3525635335278126
0.08412913197975153,0.11959750421626475,1e-11,0.7034355150724819
0.543140646116531,0.6183253424183485,1e-11,0.8784059278441336
0.09470911060716786,0.1805325774940394,1e-11,0.5246095298799733
0.22931501356637735,14.037021842622586,1e-11,0.01633644345199178
0.006296891431895948,0.20098910791659239,1e-11,0.03132951579898085
0.5936388797960146,0.9106806129440754,1e-11,0.6518628719643884
0.9341528734472371,2.418577376970503,1e-11,0.3862406397836037
0.39902983797428193,1.6631624531676534,1e-11,0.23992234625925513
0.00011251463181663276,0.00011251556943702511,1e-11,0.9999916667497926
0.0012504489532398303,0.04573215126820152,1e-11,0.02734288500679592
0.027369904131054536,0.32307186523247655,1e-11,0.08471769620471178
1.0148393764824544,1.999127001800408,1e-11,0.5076412731999983
0.8369878300725363,1.6218127784706347,1e-11,0.5160816594760178
0.5780166097739692,7.736168298865404,1e-11,0.07471613690963029
0.1772141436518838,0.18038834211896185,1e-11,0.9824035276903607
1.0399454391962963,1.5438856425171836,1e-11,0.6735896821352308
0.04970546862164467,0.060609406947082445,1e-11,0.8200949510204264
0.629808643449634,0.7133848112760943,1e-11,0.8828456023938045
3.5937851074605543e-05,3.5937899838381235e-05,1e-11,0.999998643110034
0.07581535442419089,0.0759937565456404,1e-11,0.9976524108090068
0.46690820214956913,0.5378592184661055,1e-11,0.8680862688960168
0.028642687405531192,0.05995152157039526,1e-11,0.4777641443495118
0.2097601210733791,1.490744513095182,1e-11,0.14070829657984876
0.7087679311381191,7.98757120340569,1e-11,0.08873384826114841
0.03270428559793588,0.032761467085684774,1e-11,0.998254611504444
0.039376315634999624,0.10728404616641783,1e-11,0.36702862207414805
0.087463547063698,0.1098252878593577,1e-11,0.7963880520459353
0.08899870798683604,0.09748223194332298,1e-11,0.9129736385045089
0.000393336998271166,0.00039334027607400496,1e-11,0.9999916667500424
0.44864032177890406,0.9311154515339968,1e-11,0.48183103506635705
0.49026762476796615,0.9137113744686733,1e-11,0.5365672776625536
0.01275907853976496,0.037739991377600285,1e-11,0.3380784699208443
0.6132791915272597,2.5016402813958134,1e-11,0.24515083007260938
0.3965597601917918,10.372902905120174,1e-11,0.0382303549757557
0.37939573046989555,0.5485919447476403,1e-11,0.6915809357069993
0.05126816970734545,0.06707118144781198,1e-11,0.7643844733410156
0.1068794955705187,0.10860346186238727,1e-11,0.9841260466074919
0.661981308606311,1.4043415130225967,1e-11,0.471381998230269
0.00016670924257180047,0.00016670992303802367,1e-11,0.9999959182620279
0.048223417783555406,0.1103585802889946,1e-11,0.4369702623690279
0.03261442393658666,0.0549274642789325,1e-11,0.5937726120209041
0.2107552039873027,0.24978554238241685,1e-11,0.8437446057812288
0.3568997155288509,0.4296905423632908,1e-11,0.8305970933544603
0.1521057026873039,7.559855657405478,1e-11,0.020120186096186148
0.08616017584814226,0.12423305434292402,1e-11,0.6935366461353505
0.04010438563597599,0.045338884819738946,1e-11,0.8845472444994051
0.16977993533267294,0.19248779066947816,1e-11,0.8820296328518986
0.26161419794655205,1.4292217522856019,1e-11,0.1830466108762901
0.00010443885971685643,0.00010443961479513338,1e-11,0.9999927701928197
0.18917356452381534,0.1998355178193368,1e-11,0.9466463549029331
0.010806075885478305,0.09634034120181005,1e-11,0.11216563851317644
0.09644514995714132,0.10728343241980756,1e-11,0.8989752451221426
0.07260564962990552,0.4995993058092512,1e-11,0.14532776324078125
1.408031500956529,11.677025176005193,1e-11,0.12058135353256369
0.47098166761342075,0.5150458128028913,1e-11,0.9144461636341193
0.0034024235523255745,0.0036146405384260274,1e-11,0.9412896015953881
0.004301076604521779,0.11340679492667205,1e-11,0.037926092588215915
0.8129117222192277,3.1545528238766223,1e-11,0.2576947566280543
3.632249875947041e-05,3.63228220894889e-05,1e-11,0.9999910984334397
1.2033410402678322,2.1917839547353593,1e-11,0.5490235648764599
0.037489898934825884,0.05924175022116761,1e-11,0.6328290233638372
0.0017752327822850166,0.014518435929309825,1e-11,0.1222743820979487
0.3661839223905044,0.7065055160026037,1e-11,0.5183029914081447
1.7754707045741318,9.516024694217103,1e-11,0.18657693329159675
0.04008851456409298,0.04164857923758448,1e-11,0.9625421874635361
0.7143582858911487,0.8651396586885428,1e-11,0.8257144135249074
1.323911628193098,2.8127939579317447,1e-11,0.4706749402884006
0.2071300781193779,0.8658605160427028,1e-11,0.23921875900524675
0.0003005620861197827,0.0003005653192864337,1e-11,0.9999892430482044
0.11339090036968752,0.11790540775804473,1e-11,0.9617107690461366
0.8192745470664058,1.8661831432112361,1e-11,0.43901079593755116
0.052442251381020905,0.08113324009929852,1e-11,0.6463719594686115
0.08649183281445132,0.1425080324872216,1e-11,0.6069260188698967
1.6833596204091405e-06,2.8078635928212246e-06,1e-11,0.5995161676346858
0.35734562917867885,0.45720379109734016,1e-11,0.7815893834147994
0.8135328953146642,0.9474628015472596,1e-11,0.8586436258881295
0.47845442597401877,0.5924183072211999,1e-11,0.8076293729311967
0.1723459994004416,0.18312978025251853,1e-11,0.9411139966574136
0.0001259824804336007,0.0001259831256858202,1e-11,0.9999948782647201
0.014786584966445828,0.024144034462109422,1e-11,0.6124322341260422
0.32066898682856143,0.5908592416146176,1e-11,0.5427163768350005
0.004862255279720802,0.04654164750674264,1e-11,0.10447106065629481
0.5942335226967063,1.7896793061959249,1e-11,0.3320335216703079
0.31520239612671674,7.82369654917216,1e-11,0.04028816738298329
0.10416417755541957,0.1176479263732322,1e-11,0.88538898021002
0.19230644846125491,0.2041356310417896,1e-11,0.9420523378492749
0.024070268140475044,0.03810298538241763,1e-11,0.6317160689351682
0.12938473277012816,0.5817419523004904,1e-11,0.22240914938054243
0.0002070013548054144,0.000207004153579672,1e-11,0.999986479622707
0.052853975649200156,0.704394464473373,1e-11,0.07503462664022413
0.014918155025934387,0.030495195020133058,1e-11,0.48919690515457787
0.16608569105690174,0.21465133129298886,1e-11,0.7737463823609027
0.07710972890409135,0.12490766894064771,1e-11,0.6173338239202232
0.7588575504650734,9.245214857058622,1e-11,0.08208111571205874
0.2903258393552764,0.42033085113523977,1e-11,0.6907078996727395
0.9576855579421355,1.1274200947587132,1e-11,0.8494487213722195
0.054634617446200254,0.13201010627570117,1e-11,0.4138669302492391
0.0041625747199383785,0.010459365246694824,1e-11,0.39797584478214476
0.00012406334038571318,0.00012406447141751671,1e-11,0.9999908835157189
0.6274411070285707,1.2381466083848254,1e-11,0.506758329570578
0.7725300175578735,1.0145089201586959,1e-11,0.7614817397929133
1.393309129569863,3.2351384385812176,1e-11,0.43067990938307543
0.12015901345836716,0.2157699248972772,1e-11,0.5568849018952569
0.23458927429608592,11.714872977209,1e-11,0.02002490976662518
0.14585901349543298,0.1522814959425872,1e-11,0.9578249319958375
0.32129777392676223,0.5524962634648991,1e-11,0.5815383653670171
0.37932357558471563,0.388612657277907,1e-11,0.9760968112612233
0.03840139644222112,0.31562023415397855,1e-11,0.12166962788414448
0.00023750088795243744,0.00023750308256405688,1e-11,0.9999907596499559
0.05134582508945818,0.09533015840698111,1e-11,0.5386105084421855
0.0037756335321685254,0.15756194891932887,1e-11,0.023962851171012333
0.10637288676198302,0.10659144210191959,1e-11,0.9979495976822642
0.38284504371563755,1.2364119513769685,1e-11,0.3096419791876569
0.42091594534224475,9.21247778686608,1e-11,0.045689765020907894
0.060758887715427305,0.07186941196317968,1e-11,0.8454067739771608
0.014649891379576865,0.03963596236899078,1e-11,0.3696110931581219
0.2687479043281861,1.454164972710962,1e-11,0.18481252771971696
0.04307594163547097,0.14290074161827068,1e-11,0.30143959469811077
0.00020432473613776647,0.0002043259374998541,1e-11,0.9999941203642458
0.9575674427005847,1.56584592879221,1e-11,0.6115336286241067
0.31880606097877207,0.470025896322605,1e-11,0.6782733961533849
0.2389655251857414,0.2653023019537403,1e-11,0.9007291811113227
0.008436187956864563,0.04756034923920197,1e-11,0.17737859565402375
1.2270678243942237,8.992977879368167,1e-11,0.1364473304453892
0.05980447505015248,0.3913056845306584,1e-11,0.1528331363800233
0.07968573226153636,0.5469468861433907,1e-11,0.14569190223097
0.035335822236991325,0.03823586705647946,1e-11,0.9241538104731774
0.029239870742859705,0.2745789507247893,1e-11,0.10648984805891713
0.00021431413511713174,0.00021431609346987907,1e-11,0.9999908623159576
0.030372214061526338,0.09824273000665644,1e-11,0.30915482559847907
0.43919564278185136,1.0522568526131044,1e-11,0.4173844453387804
0.0452289235144756,0.04794757178746268,1e-11,0.9432995630094045
0.010638955295380908,0.06184491174703572,1e-11,0.17202636392946008
1.3983773063750708,10.860212476190988,1e-11,0.12876150530578984
0.036167229591086675,0.03844343388426402,1e-11,0.940790817489666
0.23323452846055776,0.23684256575469192,1e-11,0.9847660943773461
0.44057728135705526,0.6401204667390291,1e-11,0.688272449093046
0.1724781659172096,0.3811606674934782,1e-11,0.45250777592407476
6.964500379671869e-05,6.964507171617914e-05,1e-11,0.99999902477722
0.0012850178383030778,0.034476783303509624,1e-11,0.037271975955258774
1.2097284056831503,1.4864415801537558,1e-11,0.8138418770268909
0.03105805384507768,0.0334284104342737,1e-11,0.9290915554044495
0.4525608041742618,1.735926700914306,1e-11,0.2607027151180403
0.9961649514538238,8.522640423637839,1e-11,0.11688454539169876
0.023746240368252212,0.08302944303011235,1e-11,0.2859978280191539
1.4622538516295103,2.647265673464617,1e-11,0.5523638470768901
0.4932642302757894,4.045149673619839,1e-11,0.12193967345450221
0.14296874251207986,0.16147174042823378,1e-11,0.8854103023409375
0.00015735802094130738,0.0001573592038942606,1e-11,0.9999924824673491
0.36695204345089655,0.5757649098478455,1e-11,0.6373296412729792
0.10599290708223835,0.2975185401638757,1e-11,0.3562564774076149
0.008796767078300724,0.029208815023153274,1e-11,0.3011682285408598
0.024548873102517212,0.038820307792470234,1e-11,0.632371933621784
0.020169024783925443,0.030960901014613657,1e-11,0.6514353304642391
0.18879231277440303,0.3204791403740698,1e-11,0.5890939190427208
0.3227993902347354,0.4218040352679205,1e-11,0.7652828404775702
0.05011466317037834,0.06106772795834251,1e-11,0.8206407024765056
0.20258248774159548,0.24820768984475594,1e-11,0.816181351465391
9.12566962213777e-05,9.125705248083626e-05,1e-11,0.9999960960884791
0.022801119362222292,0.024764265247540752,1e-11,0.9207266653908331
0.568445546972629,0.6373005565598745,1e-11,0.8919583407255716
0.9240163849098808,4.051956941302843,1e-11,0.22804200496088634
0.4369150922813642,1.1685890804984078,1e-11,0.37388257307266487
0.8789635680281135,9.81609576635946,1e-11,0.089543092177278
0.8795411720121027,1.2531745310531954,1e-11,0.7018505006424899
0.19903691358770417,0.21196818730410735,1e-11,0.9389942713533193
0.038636921170706814,0.0714228682275999,1e-11,0.5409600892473871
0.4923955802502418,0.5868264954464066,1e-11,0.8390820524824293
3.147193069206714e-05,3.147198511176661e-05,1e-11,0.9999982708526558
0.1583772605959808,0.1658820684123417,1e-11,0.9547581731516284
0.1971166481815956,0.5042687681828654,1e-11,0.39089600748407693
0.10977653918312989,0.11751220578846461,1e-11,0.9341713777438593
0.11125607707715539,0.11474598396737348,1e-11,0.9695858036198426
1.829518542340393,12.42857129769886,1e-11,0.14720264288777318
0.10059034350177076,0.20188945235132805,1e-11,0.4982446696953907
0.01518424428885091,0.04038362907717298,1e-11,0.3759999939538339
0.2691981635411377,0.3650613555659199,1e-11,0.7374052592442314
0.5653695181898316,0.647757516542268,1e-11,0.8728104325331124
0.00014847196348095792,0.00014847217533861,1e-11,0.9999985730817805
0.035368911335163566,0.29077835205374636,1e-11,0.12163529741934197
0.13889970660344095,0.6462626097576198,1e-11,0.21492765403143954
0.3369841658997019,0.34473117920450536,1e-11,0.9775273785136572
0.7180097794479396,0.8146113503793094,1e-11,0.8814139148854371
1.8404694977346086,9.843343917984685,1e-11,0.18697604320945277
0.10462206054469124,0.1378862242367507,1e-11,0.7587564394036573
0.819956748639825,2.3301943572942343,1e-11,0.35188341524950695
0.31462216233759627,0.321232296181482,1e-11,0.9794225738742305
0.050007115219487364,0.05009042759948679,1e-11,0.9983367604551996
0.00013181670571427615,0.00013181801434259844,1e-11,0.9999900724621834
3.261643381906521e-06,3.435660339122409e-06,1e-11,0.9493497784881906
0.14005698247473458,0.17805056932038904,1e-11,0.7866135054177347
0.01526808237705139,0.022325069690674906,1e-11,0.6838985314983724
0.07814120353826408,0.1407206628445531,1e-11,0.5552930320160776
2.673317449400818e-06,2.689796307680137e-06,1e-11,0.9938735664733174
0.12218799547197794,0.2988786819666813,1e-11,0.40882138086248426
0.3868956389142187,0.44447497578492545,1e-11,0.8704553911746687
0.13465598497887013,0.6405064960729488,1e-11,0.21023359763635222
0.21418233694738725,3.434810061132372,1e-11,0.06235638452647848
0.00012625237132198985,0.00012625361836036717,1e-11,0.9999901227513832
0.06999210234558957,0.14420917399777,1e-11,0.4853512464239751
0.14997085542109728,0.15200578383176278,1e-11,0.9866128224902434
0.06960419592285341,0.09486309959919043,1e-11,0.7337330976632712
0.19530456210907246,0.2916201411152755,1e-11,0.6697224730848403
1.484817531815467,9.424372242888918,1e-11,0.15755081543344426
0.39541380621465966,0.44301535979357404,1e-11,0.8925510086126706
0.578583240329191,0.8457021738018106,1e-11,0.6841453862276359
0.8471939462279072,1.6609827615607675,1e-11,0.5100558331092062
0.22023749136320916,0.9307341632874868,1e-11,0.23662770751349527
2.9966745162916273e-05,2.9966867079692094e-05,1e-11,0.9999959316142225
0.6652117108838598,0.9453481880099852,1e-11,0.7036684676829713
0.07610016371601265,0.14142147332918448,1e-11,0.5381089725948162
0.13112127608363386,0.2288336572184249,1e-11,0.5729982104794872
0.016592051233844097,0.03591503882458247,1e-11,0.46198060135431274
0.4350925791469697,10.954421450124123,1e-11,0.03971844438594607
0.013466582289985882,0.19373671969289039,1e-11,0.0695097052914542
0.3513132810112324,1.1348050199069943,1e-11,0.3095803022091188
0.3046542101630957,0.32550401428514053,1e-11,0.9359460921923363
0.5786029548141828,1.2238600158332764,1e-11,0.4727689011232511
0.00013318260258758237,0.00013318311759125438,1e-11,0.9999961331159586
0.2821990362262367,0.3240368552735685,1e-11,0.8708856157364873
0.12674455063722723,0.13858869479915487,1e-11,0.9145374434827287
0.05272218004455841,0.0898953959421534,1e-11,0.5864836512704666
0.1560223360469868,1.0747301995138674,1e-11,0.1451734920239148
1.387814409948535,10.81531532180596,1e-11,0.12831936644051498
0.2685941955404888,0.5428190860215191,1e-11,0.4948134700072814
4.99498909126511e-11,2.340771741225625e-10,1e-11,
0.03467152613187098,0.047486860867592066,1e-11,0.7301288292891339
0.11250008623464568,0.1319984698655808,1e-11,0.8522832601711892
2.9476229843321625e-05,2.9476262730763246e-05,1e-11,0.9999988842736978
0.5825552863037032,0.7629437501112657,1e-11,0.7635625643682709
0.03595079552143154,0.03961902290279291,1e-11,0.9074124722772308
0.0042963842833218914,0.007635860510969999,1e-11,0.5626588224273511
0.6702319249817246,0.7548640271469543,1e-11,0.8878843088004856
1.5898791270273065,7.455026310949536,1e-11,0.21326271172137634
0.11054842457579979,0.21811174561626642,1e-11,0.506843060026178
0.045423586848839494,0.04661823380489426,1e-11,0.9743738263218084
0.08343902800263404,0.08487325827226003,1e-11,0.983101505717794
0.17433884959099394,2.622343518698844,1e-11,0.06648207923479739
4.8145333120121474e-05,4.8146211285846643e-05,1e-11,0.999981760439675
0.008283941566074083,0.03621374357606857,1e-11,0.22875131781593633
0.06810564815388749,0.14830533270963558,1e-11,0.45922588830457195
2.7938665331381965e-06,3.467747090660097e-06,1e-11,0.8056719420695628
0.11958500663126614,0.1246596704520817,1e-11,0.9592918559594121
1.6828141238597984,10.595435944228779,1e-11,0.15882443466390916
0.03163617815185726,0.06207267441553249,1e-11,0.5096635266603063
0.007784205916317646,0.008124607638481808,1e-11,0.9581023801627212
0.031674760651355306,1.1164644892900448,1e-11,0.028370593919648225
0.029026922599148262,0.030099678546416524,1e-11,0.9643598869132781
3.4546553077998186e-05,3.4546849285923276e-05,1e-11,0.9999914259062342
0.03351731530815695,0.037037388532804895,1e-11,0.9049589249109685
0.5613037904938446,0.7120137225240947,1e-11,0.7883328266539834
0.2527437880660194,0.2636412517721482,1e-11,0.9586655592291492
0.08428205966368917,0.08504512597737122,1e-11,0.9910275126891447
1.0060411866697867,9.05581243059717,1e-11,0.11109342142187513
0.009053382374899995,0.01837043047122088,1e-11,0.49282363791545475
0.7269925286369915,1.4135708615003504,1e-11,0.5142950724559847
0.04102338154737944,0.0675632571948629,1e-11,0.6071847813532976
0.012873844026819996,0.01693544749126575,1e-11,0.7601714707249114
0.00015554653526954506,0.0001555478469722897,1e-11,0.9999915672073245
0.08517171687938985,0.15314298872471832,1e-11,0.5561581211692949
0.032478149797714045,0.07002859235127007,1e-11,0.46378413027068377
0.07180746110926532,0.24503248606931796,1e-11,0.2930528203062491
0.6112632907107071,0.6739380827328472,1e-11,0.9070021510462931
1.9086052714471902,10.679375873190434,1e-11,0.17871880286923544
0.02043832983242216,0.11135310589434869,1e-11,0.18354521562976386
0.6724502252729255,1.280268913355078,1e-11,0.5252413912876317
0.03217924690753332,2.595277250407287,1e-11,0.012399155775161711
0.0638350847637857,0.07331260717012632,1e-11,0.8707245210315948
0.00018171119163587883,0.00018171270589329846,1e-11,0.9999916667499271
0.026067784342069893,0.04750756619490308,1e-11,0.5487080570519021
0.049513108165763785,0.09104313382693469,1e-11,0.5438423095132471
0.013833562066666518,0.02902850610700291,1e-11,0.476550946703016
0.18217922774467707,0.2077170305238145,1e-11,0.8770548437230353
0.011675914647946156,0.030807688323800774,1e-11,0.37899353321248114
0.0055749501484136325,0.059033648778167545,1e-11,0.09443682143658076
0.01665377030107263,0.04182708273633317,1e-11,0.39815758622358577
0.02859152295990592,0.029109713125458896,1e-11,0.9821987196053892
0.07894474584661015,0.10695679216932846,1e-11,0.7380994160859734
0.00014747567637098027,0.00014747691702041241,1e-11,0.999991587500897
0.003941790533958246,0.016907727691919307,1e-11,0.23313543994691505
0.3075595919871903,0.4934730736973372,1e-11,0.6232550637115946
0.019977806142218626,0.023156813678450603,1e-11,0.8627182659767084
0.02320191940548393,0.03502552382143633,1e-11,0.6624289053825337
0.4689651662710319,7.454515660235309,1e-11,0.06291021276843473
0.3422092304431483,0.46195001259367036,1e-11,0.7407927721914673
0.0604779718344946,0.09991051277305504,1e-11,0.6053214036832063
0.40616562281458407,0.4891762061811309,1e-11,0.8303053535359202
0.029947419651044915,0.04167351363984394,1e-11,0.7186199827031687
0.0002002869177746297,0.0002002885019777607,1e-11,0.9999920903940298
1.1670545768341974e-06,3.435817934913102e-06,1e-11,0.3396729975052401
0.00934463210569608,0.030930856747834773,1e-11,0.3021135877961164
0.05026292564825969,0.16720030636077649,1e-11,0.30061503320337735
0.05262670641256148,0.1623084424174705,1e-11,0.3242388727827313
0.4300414342335613,11.796188507540904,1e-11,0.03645596490414258
0.04668474386392666,0.05084348994227684,1e-11,0.9182049445647487
0.2015801671569043,0.25300936811005875,1e-11,0.7967300525774096
0.03150572243658653,0.03769582543077628,1e-11,0.835788103232887
0.1568140433579832,0.17018102267012064,1e-11,0.921454348420223
0.00018384574642763766,0.00018384795637165174,1e-11,0.9999879795018792
0.6030239472416445,1.5026644927543942,1e-11,0.4013031186597732
0.0015341637755297846,0.09656356042049531,1e-11,0.015887605726726737
0.7666357543714493,0.8729952924560481,1e-11,0.8781671115483665
0.2780923335608307,0.28333266085834724,1e-11,0.9815046832876904
0.14687160940690475,7.246673128969635,1e-11,0.02026745332554935
0.012836542496809641,0.02079422794323174,1e-11,0.6173127721718457
0.12193746125366667,0.49773686764262076,1e-11,0.2449837839643793
0.3898921569716487,0.4287979030934931,1e-11,0.9092678722513212
0.06967264135984295,0.08584508951786597,1e-11,0.8116089312871271
1.2222107293207402e-05,1.2222145580048522e-05,1e-11,0.9999968674206284
0.3981403633805977,0.775898081661022,1e-11,0.5131348727248679
0.042394925391942194,0.057732699579937194,1e-11,0.7343312490219137
0.09834734196205629,0.1328662109310991,1e-11,0.7401982887361529
0.08772508240618568,0.9576986946549091,1e-11,0.09159987676269724
0.9092506428010391,6.270283069259353,1e-11,0.14500950479552113
0.01613282927667134,0.09932065017758147,1e-11,0.16243177272628065
0.2345321319774907,1.2917155171783994,1e-11,0.18156639667052893
0.025737777497496672,0.04635532385567391,1e-11,0.5552280807622134
1.096453651787244,2.924767271958173,1e-11,0.37488577716925586
7.012987149326494e-05,7.013046663760418e-05,1e-11,0.9999915137547521
0.5407728431365919,0.9278402933541053,1e-11,0.582829660459905
0.2180604394516253,1.7362220179008738,1e-11,0.12559478983872385
0.5069996564302202,1.219542567649125,1e-11,0.41572936433662006
0.09957347400150687,0.40043614488408863,1e-11,0.24866255275314791
1.1846921454079167,11.217241693372316,1e-11,0.10561349909290887
0.18484129801260415,1.8786374172240423,1e-11,0.09839115111724636
0.876365580521935,1.2903416329805708,1e-11,0.6791732965304784
0.04575942964325131,0.8220446035593267,1e-11,0.0556653853636652
0.04212062311395462,0.09176893607195792,1e-11,0.4589856319237151
5.938184781212862e-05,5.938219919487752e-05,1e-11,0.9999940826922266
1.2151700814706299,3.2305268739124524,1e-11,0.3761522899820214
0.022112462768090754,0.18313708436518103,1e-11,0.12074268215386577
0.2234209190683176,0.329057118795923,1e-11,0.6789730606219779
0.31963723509038855,0.37940319018425095,1e-11,0.8424737676432346
0.43156413368073215,8.635558656005106,1e-11,0.049975242004826816
0.1904891717047186,0.5885947272446092,1e-11,0.32363383986882843
0.005827791432129158,0.044838482262552264,1e-11,0.12997298610609645
0.017365405639779476,0.021646782851200547,1e-11,0.8022164660286403
0.4144455948945339,0.46880513891143905,1e-11,0.8840466123235606
0.0003048648630949156,0.0003048681306683946,1e-11,0.9999892820103177
0.013997071758145997,0.272286766305613,1e-11,0.051405626311033306
0.012452399928327609,0.06749345469483867,1e-11,0.18449788923428545
0.03323211641356735,0.04585674586058122,1e-11,0.7246941707247028
0.0665112741883924,0.21027346925802828,1e-11,0.31630844548807946
0.20117175333632925,8.211123608676921,1e-11,0.024499905606553712
0.44802491989625187,1.1509867878688547,1e-11,0.38925287815493204
0.3088835893764765,0.5178096736055399,1e-11,0.596519542065913
0.06968945841235681,0.38144287371461516,1e-11,0.18269959465672572
0.47792067001871946,0.5176044099905991,1e-11,0.9233319129321167
0.00030710115605586284,0.00030710402391719173,1e-11,0.9999906615963793
2.0736430842731596e-06,3.313668256838791e-06,1e-11,0.6257847568155166
0.01268484319221362,0.05166387792805613,1e-11,0.24552634647127602
0.10995319688330575,0.7909535951190698,1e-11,0.13901346117119986
0.4883234590694814,0.601857887749297,1e-11,0.8113600718860924
0.4740804092925102,8.888825327185991,1e-11,0.05333442742344829
0.18253493463642967,2.2159051713728526,1e-11,0.08237488543940763
0.2780873485862666,0.3283617901599419,1e-11,0.8468931432333004
0.016229374787457177,0.4991859212204576,1e-11,0.03251168371851924
2.43574874849714e-07,1.30189932534118e-06,1e-11,0.18709194336964727
9.190515840988624e-05,9.190582286250723e-05,1e-11,0.9999927702881026
0.44506336664528107,2.421753696645382,1e-11,0.1837773045466117
0.5216365602422717,0.6912702217210076,1e-11,0.7546058601274466
0.9762572764185651,1.5619984647098053,1e-11,0.6250052727164097
0.019106705193105426,0.021638416097517172,1e-11,0.8829992503609245
0.213488813514842,6.105657439072198,1e-11,0.03496573721097646
0.6072700734331754,1.735487201684546,1e-11,0.3499133112844222
0.3486868507541066,0.4813156814259665,1e-11,0.7244452325365174
0.46794398707016177,0.9065038838216118,1e-11,0.5162073714427097
0.12467301659037917,0.14103492075985474,1e-11,0.88398685884799
0.00014380991652055656,0.00014381073562754826,1e-11,0.9999943042709007
0.15646935515629212,0.3131414186063306,1e-11,0.49967633107327586
0.4557448311522667,1.9183163070144458,1e-11,0.2375754350238314
0.02561824436412034,0.03490370553731447,1e-11,0.7339691866450302
0.19439032103303233,0.23177163873890821,1e-11,0.8387148750844959
1.7321793140649206,10.555587698644839,1e-11,0.16410069846582806
0.026969939446857286,0.6206293375687297,1e-11,0.04345579207149643
0.039873581036759836,0.04192950272181234,1e-11,0.9509671817790727
0.029196530473403023,0.1236541579061128,1e-11,0.23611442565134888
2.823326875952914e-12,7.875662845441542e-12,1e-11,
3.63689344820936e-05,3.636912450937931e-05,1e-11,0.9999947750382152
0.8014824462990275,0.9338585052258749,1e-11,0.8582482697474291
0.004406916938256381,0.004543241178948258,1e-11,0.9699940559344384
0.8384466026074601,1.0026307816617324,1e-11,0.8362466203339998
0.15709579979597263,0.8323237173818974,1e-11,0.18874363005072453
1.340326683848213,12.380040666784764,1e-11,0.10826512771030429
0.11825344781806724,0.8077147142866546,1e-11,0.14640496913876894
0.059667315337909727,0.06678506081735774,1e-11,0.8934230890511058
0.09841789472655224,0.26099217185486945,1e-11,0.37709136648466113
0.27598702855271995,0.364155885760764,1e-11,0.7578815538739706
0.00015098627503411157,0.0001509867468957049,1e-11,0.9999968748144917
0.03131000869375871,0.05711462141312632,1e-11,0.5481960296521008
0.5746409376849158,0.647983582779624,1e-11,0.8868140381271794
0.393986540062449,2.4256237544337886,1e-11,0.16242689714028502
0.3837994338809434,0.39917356506466256,1e-11,0.9614850968870429
2.270756741288062e-12,1.840015410389552e-11,1e-11,
1.1194621912902372,2.2677558388837737,1e-11,0.49364317449679884
0.7562071437603426,0.8931439224939927,1e-11,0.8466800531416356
0.02665877660244984,0.038452733032125125,1e-11,0.6932869135771939
6.096506367971962e-07,1.5675409336835367e-06,1e-11,0.3889216694103094
0.0001798386142995433,0.00017984078460042395,1e-11,0.9999879320984643
0.05593329556029593,0.0812664133644127,1e-11,0.6882707534966669
0.17776138174408665,0.7569934139429236,1e-11,0.2348255327852689
0.09928617167127599,0.09980971459761517,1e-11,0.9947545894861051
0.7108998390479105,0.7927552445470133,1e-11,0.8967456777332635
1.0235159830192722,10.054162239331154,1e-11,0.1018002254842628
0.03726565998493561,0.04528320642913703,1e-11,0.8229465827083612
0.41948547996774854,0.5097481629756951,1e-11,0.8229269086895162
0.1470395156960577,0.2551982594340788,1e-11,0.5761775806078333
0.047032513787067014,0.053763334603464566,1e-11,0.8748064853856031
3.0070488618653054e-05,3.0070795209982872e-05,1e-11,0.9999898043491142
0.02164166912900937,0.02571127380812408,1e-11,0.8417190564152903
0.41734552996163976,0.44954361345512045,1e-11,0.9283760629007465
0.8716190472809137,3.8175073969086286,1e-11,0.22832150842372703
0.04239458483321874,0.06971590701636049,1e-11,0.6081049024187528
1.3868661566222351,9.060022104031836,1e-11,0.15307536126264643
0.12281891946959102,0.12432943662899852,1e-11,0.9878506876540033
0.1528531107575006,0.3261578129504332,1e-11,0.4686477057679129
0.420591432915491,0.7710451784788465,1e-11,0.5454822164185673
0.11749536187850168,0.1718813618254408,1e-11,0.6835840758454519
9.464721830518106e-05,9.464923940569676e-05,1e-11,0.9999786464156671
0.6127214661676617,0.889476823186759,1e-11,0.6888560220967237
1.1188626619473698,2.07864548249047,1e-11,0.538265265227833
8.546279599986335e-11,1.1659685519713272e-10,1e-11,
0.160928369758199,0.1761462872082106,1e-11,0.9136063683702652
1.1769113754305012,7.9007608873161095,1e-11,0.14896177624106002
0.048693742007093435,0.08829905933057045,1e-11,0.5514638816795973
0.007792897588083996,0.03351243906537142,1e-11,0.2325374638617825
0.06601702022410988,0.07622167756907088,1e-11,0.8661186991625355
0.041485827821066946,0.06518755492135178,1e-11,0.6364071772766939
8.816952581139663e-06,8.816953248845522e-06,1e-11,0.9999999242702281
0.00891476808305891,0.027833948523280857,1e-11,0.3202839897329847
0.15555373715489748,0.211847146297843,1e-11,0.7342734602438273
0.42074241938031426,2.4600093623145334,1e-11,0.17103285289306908
0.023563541055719443,0.2333006870800159,1e-11,0.1010007357913943
0.7706048346718188,11.994652644455211,1e-11,0.06424569827189182
0.04124225271715936,0.3035739881812788,1e-11,0.1358556869916391
0.5113830799592497,1.2663202434383611,1e-11,0.40383392953643604
0.4774712662484644,1.6002679112762863,1e-11,0.2983695810457509
0.04242856080383662,0.06055966276163822,1e-11,0.7006076135336932
0.000304007930934856,0.0003040108319508047,1e-11,0.9999904575243913
1.1906978857633395,2.583651543139147,1e-11,0.46085854298936796
0.5693612961343524,0.6757526227781981,1e-11,0.8425587662443058
1.6198402857412633e-10,2.6840226121030333e-10,1e-11,
0.8637613972914701,1.1892973020172102,1e-11,0.7262787831322017
1.2260715299788434,7.625568194517404,1e-11,0.16078428501371986
0.01093558705852819,0.03788564737851145,1e-11,0.28864722698999723
0.4447750624243043,0.5814309332609954,1e-11,0.7649662874483695
0.5914879341558755,1.1585172050122228,1e-11,0.5105560207451861
0.18753542814650753,2.333685053304328,1e-11,0.08036021308058301
0.000244435525704857,0.00024443724169969256,1e-11,0.9999929798142722
1.3132457684406302,2.398688894094921,1e-11,0.5474848245946239
0.5725021508747531,0.7603138800573825,1e-11,0.7529813224395497
0.08932814190189538,0.11326967376788465,1e-11,0.7886324638397837
0.293567675848465,0.32689191157132397,1e-11,0.8980573255463128
1.919114583009913,13.065700961875457,1e-11,0.14688186945420817
0.8003003157126607,1.1356823115207249,1e-11,0.7046867839660423
0.0340504285722069,0.13272946171387148,1e-11,0.25654009390628235
0.3958094454159773,0.9074750938468426,1e-11,0.4361656293376789
0.081703696415712,0.08578677116498558,1e-11,0.9524043778099425
0.0001301595829328249,0.0001301602632423615,1e-11,0.9999947732931722
0.04155795395962899,0.05256449869006415,1e-11,0.7906087757949902
0.028757902832373068,0.10620809964696129,1e-11,0.27076939449971466
0.0437367425196382,0.047269540853294996,1e-11,0.925262689886895
0.039693573254149746,0.041569364180572554,1e-11,0.9548756406695424
1.393803180109607,8.593345804822816,1e-11,0.16219563506071957
1.3234970682319813,3.1791194512829564,1e-11,0.41630932354488115
0.05045745842274082,2.4599631430805604,1e-11,0.020511469273297323
0.04085522323542497,0.04342904048522564,1e-11,0.940735111320816
0.045935385270344,0.047130363645695256,1e-11,0.974645254504409
0.00011329552239382613,0.00011329564618980036,1e-11,0.9999989073192272
0.9832613705928047,2.7328974458100745,1e-11,0.35978714536115725
0.019998189865692333,0.021201345503969633,1e-11,0.9432509772527395
0.014043401925334743,0.01644715449351822,1e-11,0.8538499429107455
0.5086498671823996,0.6496560448914097,1e-11,0.7829525657187114
1.1815578257631272,11.842113981666483,1e-11,0.09977592071756536
0.35232527154138893,0.38553199803904237,1e-11,0.9138677809713459
0.2907121203402668,0.2949967223078909,1e-11,0.9854757641572971
0.5646312453675744,0.5867355065697345,1e-11,0.9623267026545069
0.2636696980792888,2.65827701398188,1e-11,0.09918819471877888
0.00011338968174530452,0.00011339002033091443,1e-11,0.9999970139734615
0.14429948066121176,0.48938507465066833,1e-11,0.29485876896473656
0.03944064961785589,0.13377887785640646,1e-11,0.29481970733967505
0.9499081361582783,1.6011625348832876,1e-11,0.5932615305837887
0.6027141366473535,0.7258808386343246,1e-11,0.8303210452300994
1.4952526801950816,9.445668932755122,1e-11,0.15830034811086108
0.004792690025136361,0.019021944943959077,1e-11,0.25195583518174397
0.033520975516860285,0.03908622878581883,1e-11,0.8576160084551899
0.14310481175298068,0.20882938886460553,1e-11,0.6852714195594503
0.05670241839631747,0.07467828102748894,1e-11,0.7592892821869509
0.000220135342003783,0.00022013717827210194,1e-11,0.9999916585270451
0.019465889037490948,0.06226476035842862,1e-11,0.3126309155521531
0.08536500287611283,0.2714126645410096,1e-11,0.31452107446966404
0.0027470556780003954,0.04037221344806992,1e-11,0.06804322684793802
0.364943214490208,0.8257197808790749,1e-11,0.44196980978423867
0.6589749786177201,5.9859651934107525,1e-11,0.11008667062466525
1.6119157347758644,3.931211268260993,1e-11,0.41003029976786515
0.05104512009116959,0.0536858326794495,1e-11,0.9508117420093448
0.21467069626824004,0.2628736271276927,1e-11,0.816630784205531
0.3816986392566217,0.5488431490146156,1e-11,0.6954603331423876
2.024839247734306e-05,2.0248585798796325e-05,1e-11,0.9999904525948041
1.0375434087000317,2.679315868212863,1e-11,0.38724191537449676
0.04411270945016937,0.0848621864480094,1e-11,0.5198158484544221
0.016001869113967834,0.05284128477310511,1e-11,0.3028289183860341
0.0292110967662374,0.029741450931023494,1e-11,0.9821678449374883
0.8404078606592535,8.876492802785716,1e-11,0.09467791833228409
0.052697087736153385,0.2882457963230233,1e-11,0.18281996965221403
0.01693846176280967,0.028478863912782437,1e-11,0.5947730855656437
0.006147008677656851,0.04317830773148158,1e-11,0.14236335328109737
0.05191046242446002,0.0850615981998954,1e-11,0.6102690699799697
3.490994822061827e-05,3.490996289163913e-05,1e-11,0.9999995797468789
0.0012376129417095425,0.09567119901006021,1e-11,0.012936107778678539
0.07319026686435194,0.36079391322914095,1e-11,0.20285892910246703
0.7276426664182739,1.100327791244929,1e-11,0.6612962720818012
0.6992308175242569,0.9088182594808952,1e-11,0.7693846489436162
0.13851669641196152,9.605271545758802,1e-11,0.014420903745623248
0.007921354415959488,0.053538077373482124,1e-11,0.147957394149589
0.02604531231685483,0.03254920463839015,1e-11,0.800182757342577
0.4672762041726657,0.9111316325190782,1e-11,0.5128525752977645
0.006363855376609705,0.06789343993273704,1e-11,0.0937329936870847
7.232548168049773e-05,7.232569552888435e-05,1e-11,0.9999970432584844
0.12908708141279326,0.16498129550371002,1e-11,0.7824346452043129
0.1295527306417246,0.24647808416892103,1e-11,0.5256156184374472
0.014571093390374988,0.04757697107898498,1e-11,0.30626357794372333
0.15247970230478572,0.48757205206738197,1e-11,0.31273265491376684
1.487882051877786,7.947318795000371,1e-11,0.18721811597815946
0.24696913181571972,0.38569858377893446,1e-11,0.6403164082066519
0.08851753738961149,0.11301773964968309,1e-11,0.7832180829663203
0.22853019646377165,0.961730463669131,1e-11,0.23762395504442924
0.08396970802044358,0.08424568821095127,1e-11,0.9967241030803068
7.328667642676997e-05,7.32868243755677e-05,1e-11,0.9999979812360681
0.05605665116987183,0.056103288921195704,1e-11,0.9991687162692122
0.025702046496699757,0.05082568809274128,1e-11,0.5056900843093636
0.15817652905694785,1.6397096326365284,1e-11,0.09646618273664223
0.023456259147960505,0.028273462449019387,1e-11,0.8296210338671853
0.49654454062016723,9.401337369031793,1e-11,0.05281637294027928
0.19186863002825671,0.5668068323921328,1e-11,0.3385079696701973
0.15946951257485323,0.3036795258273237,1e-11,0.5251243465966479
0.01291906742249256,0.015757707977236725,1e-11,0.8198570148117473
0.01459478048832925,0.05153350644396534,1e-11,0.2832095367738813
7.423391543206607e-05,7.423471201185295e-05,1e-11,0.9999892694432928
0.08793836978326317,0.18619865651964754,1e-11,0.4722825149599507
0.07338934445663312,0.12245449759746256,1e-11,0.5993193055095581
0.21635016663735457,0.2513103407120351,1e-11,0.8608884378747479
1.210861417311216,1.9271013541241797,1e-11,0.6283330218827659
0.3456525502596507,9.033110307406197,1e-11,0.038265064689429515
0.04961559977580953,0.05111560340873842,1e-11,0.9706546820755625
0.024867889600214597,0.027297017619689393,1e-11,0.9110112301161186
0.030643900459711697,0.03665093207117321,1e-11,0.8361015321575906
0.02505268881826174,0.07712127886252185,1e-11,0.3248479432365383
9.444501086971541e-05,9.444579893056056e-05,1e-11,0.9999916559460127
0.8717769388722256,1.05670951342895,1e-11,0.824992041609779
0.04536714369585294,0.06609079213125416,1e-11,0.6864366764700789
0.026443658562334244,0.03563585742336329,1e-11,0.7420519800653784
0.057036843763503514,0.06092747609714842,1e-11,0.936143221697854
1.3440587087595417,11.047345682098106,1e-11,0.12166349704595093
0.43576773784596307,0.4471974760946212,1e-11,0.9744414070748473
0.28562016587865147,0.29645599575059917,1e-11,0.9634487747683687
0.04331459783448474,0.04344547674645917,1e-11,0.9969875135048416
1.7763977511355518e-06,2.4199945933589775e-06,1e-11,0.7340502974719019
6.525991746379673e-05,6.526042104618852e-05,1e-11,0.999992283494594
0.02612093693816529,0.14235499933994672,1e-11,0.18349153215046524
0.13506944055418016,0.14834587457608617,1e-11,0.9105035171362547
0.06107734148513785,0.0611267493762538,1e-11,0.9991917140757505
0.097281278994989,0.24882368895397705,1e-11,0.39096470036252196
1.614128861711586,12.002658502583188,1e-11,0.13448094531425656
0.2384075422160233,1.385819285162591,1e-11,0.1720336444791589
0.03160668770616759,0.03326911826877396,1e-11,0.9500308198980221
0.022424956743462312,0.03859873544831827,1e-11,0.5809764616120178
0.0365912902092725,0.03688754246695439,1e-11,0.9919687721688891
0.0001516924147226514,0.00015169373445266272,1e-11,0.9999913000361149
0.06790792067953252,0.07084390901070046,1e-11,0.9585569405730494
0.05530149972264821,0.08832520534076232,1e-11,0.6261123255733482
0.19854815067169748,0.2360963830175886,1e-11,0.8409622719925622
1.2735116879255348,2.8343127616346706,1e-11,0.449319392398687
1.0758497139538374,9.632382294973464,1e-11,0.11169092764468619
0.007998317409907368,0.5171480571045055,1e-11,0.01546620411703696
0.2641884824623005,0.9467852578378597,1e-11,0.27903738495635055
0.31724566928094516,2.0386707115379843,1e-11,0.15561398291812084
0.7585379831371164,3.577997034307498,1e-11,0.2120007299793437
0.00016435722794650682,0.00016435872510952107,1e-11,0.9999908908820432
0.022045550345188795,0.05985060072289228,1e-11,0.3683430087403715
0.018449871560306058,0.03262390086565059,1e-11,0.5655323572826253
0.11804140012915755,0.12044554964349778,1e-11,0.9800395322080709
0.20153715765154476,0.7197964078609319,1e-11,0.2799918913883809
1.1974081822462603,8.808586411280658,1e-11,0.13593647451909055
0.21308041269755054,3.0772252782092626,1e-11,0.0692443332655674
0.03974022491928072,0.052536417794679484,1e-11,0.7564319492545479
0.258161903525968,1.965228927631204,1e-11,0.13136479923341268
0.021936793875288733,0.47027666684206604,1e-11,0.046646570884742215
6.565515805784438e-06,6.56551591220042e-06,1e-11,0.9999999837916801
0.02401010345140873,0.034395049779737334,1e-11,0.6980685768785676
0.007531468917284941,0.04652826512594503,1e-11,0.16186868126070003
0.6811682805200094,1.679026850964381,1e-11,0.4056923092854456
0.6288221405149071,2.2454205714538946,1e-11,0.28004648594973414
1.190784396631729,9.839156356629145,1e-11,0.12102505067209715
0.7339146204294119,1.47787345793154,1e-11,0.4966018007093874
1.1892866819005619,1.6757976010001328,1e-11,0.7096839625446317
0.024503512661234808,0.029129598448488902,1e-11,0.8411895105442461
0.13724280582399087,0.1399669968519396,1e-11,0.9805369044902031
0.00024592009330510995,0.00024592224297259287,1e-11,0.9999912587513153
0.35279830247578914,1.9061678742580677,1e-11,0.18508249312149794
0.2588237336225415,1.1312344644279217,1e-11,0.2287976027617154
0.8293168901302646,0.9609524180869752,1e-11,0.8630155609382145
0.1543801738381605,0.4005076145144077,1e-11,0.38546127025659055
1.2304194649098883,7.012929802163839,1e-11,0.17545013277193255
0.25682841424806574,1.0572181376750789,1e-11,0.2429284980040688
0.5532911340410916,2.545551601606267,1e-11,0.2173560864733442
0.033829451915118,0.04100443993479383,1e-11,0.8250192410605862
0.0483281635879248,0.06546472916936136,1e-11,0.7382320862108329
0.00016248422157991426,0.00016248590591621127,1e-11,0.9999896339544805
0.06921395254466824,0.7125963070354592,1e-11,0.09712926079088438
0.08777042686417827,0.10925027105023137,1e-11,0.8033886416979502
0.9475168894060114,1.2482731971185526,1e-11,0.7590621120386218
0.3524023243410795,1.7035327849622255,1e-11,0.20686559569142296
1.869040252241186,11.249780760090973,1e-11,0.1661401490482088
0.2640799415687325,0.28263522027022386,1e-11,0.9343490217399272
0.9367827543457874,1.1599596809185337,1e-11,0.8075994103553497
1.1289914456520762,2.6816171282959553,1e-11,0.4210114239423502
0.019707527151119956,0.1272264885405988,1e-11,0.15490113243855785
0.00012745576643299355,0.00012745630855616664,1e-11,0.9999957465959964
0.0026189720443699034,0.03383417519923927,1e-11,0.0774061146443667
0.168529475787674,0.2091722740246128,1e-11,0.8056970101488858
0.4560254217418236,0.6039929160634776,1e-11,0.7550178315235354
0.2828838791988845,0.29360824322490336,1e-11,0.9634739000914085
0.022001663403376406,0.6446190417505966,1e-11,0.03413126510136333
0.316037286756767,1.6810610892176667,1e-11,0.18799869248287976
0.004758637941004115,0.12840044821713864,1e-11,0.03706091378245627
0.006496450210526102,0.06898471509044975,1e-11,0.09417231341766419
0.36151968443482013,0.6547025500130288,1e-11,0.5521892108525097
9.485276184116102e-05,9.485349776775424e-05,1e-11,0.9999922414395827
0.00682940303958226,0.007319340033901851,1e-11,0.9330626816010335
0.4689699910765188,0.6151906903168016,1e-11,0.7623164629409716
0.17479138566226965,0.19223133370616907,1e-11,0.90927624696941
0.016701976934396068,0.077503396330936,1e-11,0.21549993581028862
1.1641877897053132,10.186711046012915,1e-11,0.11428495266497002
0.0062205028938495865,0.006297410424488089,1e-11,0.9877874355561391
0.24573723257482247,0.33097735840113085,1e-11,0.7424593445361877
0.679501786587183,0.8018417942125114,1e-11,0.8474262522752651
0.320218720877072,0.3289434513747628,1e-11,0.9734765034499782
8.711675349827255e-05,8.7117046614324e-05,1e-11,0.9999966353766244
0.4112522452693795,0.4847745505236276,1e-11,0.8483371184093034
0.3593394399377997,0.3990234384411521,1e-11,0.9005471992863773
0.011259774992619988,0.046762602058478514,1e-11,0.24078589507357154
0.033494060179982466,0.04751962253116181,1e-11,0.7048469326122732
1.2382939869256986,8.531438742945705,1e-11,0.1451448019772272
0.25961382024588187,0.5021448117341287,1e-11,0.5170098628507586
0.041030829083200576,0.07999954407044707,1e-11,0.5128882865515971
0.28524018999895334,0.5744801467754844,1e-11,0.4965187946006245
0.3782986943612724,1.727672743516301,1e-11,0.21896432399073906
0.00011854787048589196,0.0001185494915174324,1e-11,0.9999863261198366
0.06428965449373052,0.1243780389955646,1e-11,0.5168891149346962
0.4553897943195368,0.5467440284951361,1e-11,0.8329122415345922
0.027192352201394997,0.258307229008723,1e-11,0.10527135576401819
0.04724660900337294,0.04948036512062574,1e-11,0.9548557066665286
0.7333963273373038,7.866363895210798,1e-11,0.09323193499652493
0.016223060689540676,0.47149521964446056,1e-11,0.03440768859072201
0.6105057415891402,0.6919282175329265,1e-11,0.8823252558855041
0.17843751026846363,0.36037471158275197,1e-11,0.4951443720475638
0.2406942144139633,0.7022383370829569,1e-11,0.34275288275172816
1.9052490983911196e-06,1.9052527904016502e-06,1e-11,0.9999980621938731
0.3414465577080116,0.47061747470329784,1e-11,0.725528855304996
0.0785933409546606,0.10737865077800783,1e-11,0.731927067300768
0.20378921769884933,0.20695213289563974,1e-11,0.9847166822949084
0.11143940342659399,0.11179294363405415,1e-11,0.9968375445178593
1.6833039056276555,10.750391139689144,1e-11,0.1565807126229204
0.03253997218817335,0.040762882013874145,1e-11,0.7982745718788474
0.1474619145646236,0.17063680880012272,1e-11,0.86418584361452
0.2611708581641817,0.26651963832749287,1e-11,0.9799310092236477
0.09666718409353314,0.11787971722112006,1e-11,0.8200493381927935
8.788750593231702e-05,8.788915943530395e-05,1e-11,0.9999811864967472
0.18128196136195873,1.388162683703752,1e-11,0.1305912941545734
0.07126067693786962,0.08635384018410318,1e-11,0.8252172316360744
0.23366494461052614,0.2451125760796241,1e-11,0.9532964336135114
0.027861378077409824,0.08992382118668096,1e-11,0.3098331199646185
1.5770597634812678,9.959388931580644,1e-11,0.15834904875343334
0.0849073991138273,0.1359085888228189,1e-11,0.6247390238487375
0.020778855083356005,0.027144995686190405,1e-11,0.7654764555341935
0.24976662889858764,0.30941637918684783,1e-11,0.8072185110399751
0.06347107802511603,0.06379450190777305,1e-11,0.9949302232483203
0.0001798728331541662,0.00017987472617934193,1e-11,0.9999894758690344
0.20893116719893057,2.109063230169363,1e-11,0.09906349141659108
0.22212917868520082,1.7283736624936934,1e-11,0.12851918743352833
0.03043664553040428,0.053480528614335235,1e-11,0.5691163928070424
0.1587743658691362,0.15961502651754964,1e-11,0.9947331985793895
0.5550546066472442,10.095705380929406,1e-11,0.054979279377123234
1.041811597156907,1.56318449765963,1e-11,0.666467457115067
0.0698632784439601,0.07179971343171031,1e-11,0.9730300457314224
0.06700915789916227,0.07140248550576829,1e-11,0.9384709429162504
0.05876817410174505,0.06873612076472671,1e-11,0.8549824087818335
0.00014445924466225247,0.0001444603263155524,1e-11,0.9999925124542668
0.07412867954712747,0.11144045103637937,1e-11,0.6651864637817053
0.024565865723942096,0.06253623281675487,1e-11,0.3928261204336624
0.6135424759307044,0.8509738943342575,1e-11,0.7209885990811706
0.05654120046252244,0.2184610877945225,1e-11,0.2588158881443604
1.1045498917542018,7.711636171605493,1e-11,0.143231587587235
0.37088583060057007,0.4207047760732072,1e-11,0.8815821728062148
0.16148743318887476,0.20897258853977654,1e-11,0.7727684971377798
0.03094137034172971,0.10865040565695382,1e-11,0.2847791515792597
0.19231380745202106,0.19384705921315537,1e-11,0.992090404841023
0.0001507794866703208,0.00015078079209392242,1e-11,0.9999913422420489
0.05202950959161021,0.05210498278342308,1e-11,0.9985515168073928
0.3488849937521755,1.4191202127284803,1e-11,0.24584597599479582
0.5224503662024346,0.5870823506819521,1e-11,0.8899098492665614
1.3443952361542308,1.677083093485876,1e-11,0.801627087755001
1.3843912039676243,9.19914132948971,1e-11,0.15049135070136144
0.09950112176649438,0.10260388488909922,1e-11,0.9697597890571249
0.05019696915707997,0.05179020195502151,1e-11,0.9692367911728704
0.010545303516247077,0.03711749743134767,1e-11,0.2841059943696801
1.763115842503129,3.9991359745879445,1e-11,0.4408741922521886
9.773059930005206e-05,9.773141372032291e-05,1e-11,0.9999916667503329
0.8039677102106104,0.8768442985392509,1e-11,0.9168876521749109
0.06491963584377786,0.07961052568969168,1e-11,0.8154654837580596
0.005990777415080846,0.01464045885111306,1e-11,0.4091932825333127
0.014886159971798993,0.03768394913488232,1e-11,0.3950265381825269
0.14268753393605363,8.322097971476031,1e-11,0.01714562054245393
0.373354260870452,0.5408760027753279,1e-11,0.6902769931642502
0.04933147529533335,0.08825961784516424,1e-11,0.558935972075889
0.05459749476374282,0.17174141393435496,1e-11,0.31790523620943123
0.07116055329760763,0.09368829498643474,1e-11,0.7595458248857135
5.289489220154165e-05,5.28953864656534e-05,1e-11,0.99999065581812
0.022196011450831356,0.08538109353842822,1e-11,0.25996400995779473
0.7368440579805247,1.2612602918110052,1e-11,0.5842125235882221
0.5206505935859594,1.0424651130809452,1e-11,0.4994417434720734
0.8090354708272326,1.8987556104722192,1e-11,0.4260872048857441
0.5091141088659349,9.764457799702045,1e-11,0.05213951653121693
0.2906686151754561,0.34035724666570405,1e-11,0.85401036123949
0.12111753137286621,0.12455003063620713,1e-11,0.9724407995260413
0.5988101375649193,1.169927115316619,1e-11,0.5118354209636917
0.12905253915911258,0.13993780451654025,1e-11,0.9222135476897447
3.442061933901515e-05,3.4421011090443926e-05,1e-11,0.999988618828548
0.535783880730884,0.5861472301403988,1e-11,0.9140773054622277
0.06892664842742065,0.07421944049252738,1e-11,0.9286872545793494
0.03788294567589679,0.10628611568363387,1e-11,0.35642421808561847
1.2436790410584366,1.5917825365843539,1e-11,0.781312153183388
2.5146319530780874e-10,3.05803060397325e-10,1e-11,
0.14685870992667452,0.4855740371919176,1e-11,0.302443497135804
0.0002943197106309202,0.00278133139762518,1e-11,0.1058197203261082
0.09212497260552747,0.11575336185492767,1e-11,0.7958729762076943
0.023690500778706176,0.03544554975035421,1e-11,0.6683631921513485
2.5161457157934936e-05,2.5161467126968442e-05,1e-11,0.9999996037976062
0.18528244785014403,0.9945036416583349,1e-11,0.1863064548875714
0.621302168892629,0.6907038569308122,1e-11,0.8995203409655563
0.19468047687617981,0.19815099985075918,1e-11,0.9824854632215166
0.020652750568060426,0.09603155369554754,1e-11,0.21506213086520104
1.058848403613092,8.967761226734217,1e-11,0.11807276942839524
0.0878799654020389,1.2222109993016148,1e-11,0.0719024501107047
0.02747473427182049,0.027487634959719162,1e-11,0.999530673049261
0.4035575445234249,0.4207726762275238,1e-11,0.9590868593026459
0.20802860832910328,0.22431704488332965,1e-11,0.9273865409438761
0.00023015824420244096,0.00023015923118569392,1e-11,0.9999957117372704
0.6902829178534853,1.760533196573357,1e-11,0.3920874194232911
0.5517594895014465,0.6632313890240262,1e-11,0.8319260798458055
0.22000526617231014,0.22825909685230927,1e-11,0.9638400800063639
0.056250258659448715,0.0572859539838161,1e-11,0.9819206061461422
1.2965287041610987,8.322447985310728,1e-11,0.1557869399063227
0.05612015857202921,0.06722668498475563,1e-11,0.8347899139271118
0.030109296739233377,0.03606634183033738,1e-11,0.8348309035852035
0.08977246320201848,0.09687108763970681,1e-11,0.9267209173485252
0.37900058876798814,1.7160105222285718,1e-11,0.22086145968136753
6.315714893794935e-05,6.315771237808812e-05,1e-11,0.999991078838711
0.07641485201413559,0.07859948813885922,1e-11,0.9722054662637992
0.5014920341227865,1.0305110001006086,1e-11,0.4866440378354292
0.00832526621881342,0.0996833522082088,1e-11,0.08351711729581908
1.1562455100433842,1.7040077260702713,1e-11,0.6785447579571021
1.3746672543966572,10.18530231822426,1e-11,0.1349657782800424
0.05812526734039931,0.06058903471990249,1e-11,0.9593364147342345
0.08470172528693004,1.1511845887960592,1e-11,0.07357788326154839
0.5952437029504873,0.8178276646297804,1e-11,0.7278351279788832
0.49363335604437936,0.5649706493289224,1e-11,0.8737327445783633
6.153495647139635e-05,6.153574324561649e-05,1e-11,0.9999872143541518
0.038579734669112235,0.06700539361655618,1e-11,0.5757705848261695
0.8344029066391364,1.376856603179439,1e-11,0.6060201946319843
0.1081568563091947,0.10861285491663959,1e-11,0.9958016147555013
0.7114810675514059,0.8002894419004073,1e-11,0.8890296813886329
3.83354336191111e-11,7.016593438059851e-11,1e-11,
0.023998459516380705,0.027205264957042424,1e-11,0.8821255574711249
0.25595276466434796,0.47352958876711004,1e-11,0.5405211643284026
1.3963161960351294,2.4100529708365053,1e-11,0.5793715793518356
0.7497074226817244,1.2711970610530583,1e-11,0.5897649118702867
7.645927403003348e-06,7.645950606599053e-06,1e-11,0.9999969652438396
0.045184191586745207,0.047539438891619365,1e-11,0.9504569814077178
0.13079223180108165,0.1984796935749947,1e-11,0.6589703432389791
0.15760873085108965,0.47718512480495157,1e-11,0.33028844081322084
0.01476771476787796,0.027166078315927246,1e-11,0.5436086355983069
1.196442520240557,6.425609857288388,1e-11,0.18619906076050757
0.19726712922177367,0.3024460963559099,1e-11,0.6522389662111405
3.2477730732741434e-07,4.94257199983701e-07,1e-11,0.6571018233788489
0.5268115734490411,1.8204515874770943,1e-11,0.28938510481299445
0.1688472219167623,0.19467908956327346,1e-11,0.8673105175062192
8.63020029293787e-05,8.63029523224475e-05,1e-11,0.9999889992979005
0.020888273857358114,0.047670495334725345,1e-11,0.4381803400759327
0.1163349401413567,0.11931536349556288,1e-11,0.9750206237747664
0.29587771392941614,0.33229629232371516,1e-11,0.8904032959873627
0.1316928860673389,0.1390703818499728,1e-11,0.9469513516501835
0.3228530606924159,8.863847976059462,1e-11,0.03642357828839303
0.044169096823253505,0.0483214928175051,1e-11,0.9140673072760009
0.4403773778418425,2.651430425885214,1e-11,0.16609048970041024
0.04384048664038639,0.19033696925498284,1e-11,0.23033090634986397
0.5201430620752302,0.5695028381629323,1e-11,0.9133283053567847
0.00011223793725696125,0.00011223852211886268,1e-11,0.9999947891161575
0.3696457575234805,0.4155346028527453,1e-11,0.8895667291863859
1.2620532933233928,2.0089024076658446,1e-11,0.6282302656950767
0.021936982371225818,0.04356445240209916,1e-11,0.5035523497173301
0.03880787387435829,0.054974452670176865,1e-11,0.7059256070667749
0.1439921494470918,10.526613295600276,1e-11,0.013678867590516983
0.22138743619391377,0.2365342067127715,1e-11,0.935963720726234
0.02656712028364284,0.0960218607011239,1e-11,0.27667783241917415
0.1011412810745538,0.1727530191534816,1e-11,0.5854675164009452
0.021753394736808623,0.10909105739339489,1e-11,0.19940584734056965
9.740807579772222e-05,9.740816339687295e-05,1e-11,0.999999100700109
0.05392546329154581,0.06922590746803661,1e-11,0.7789780627497673
0.03364399660214953,0.043353218164355944,1e-11,0.776043810048936
0.48115995557918,0.5317989612344897,1e-11,0.9047779154405285
0.4168714594331136,1.0564752867412759,1e-11,0.39458704303340963
1.4872902455944843,9.723359274616309,1e-11,0.15296053592066555
0.048276808271633255,0.0600941063833183,1e-11,0.8033534597168842
1.3166094389799945,2.2092174823709816,1e-11,0.5959618957781285
0.07604983936830144,0.08362300144637534,1e-11,0.9094368541300168
0.14387125112547558,0.157309980570999,1e-11,0.9145716667388559
0.0001632329188901882,0.00016323410748232548,1e-11,0.9999927184817217
0.43982596974511984,0.45479008847900504,1e-11,0.9670966471940252
0.08351616107783008,0.09343620823495294,1e-11,0.893830803448508
0.17679131349274804,2.902144256159661,1e-11,0.06091747959031224
0.02803343481418995,0.05712362151167798,1e-11,0.49075030735680825
0.7741141648362966,5.725402257319151,1e-11,0.13520694792172838
0.35114770039814963,1.1994733549098284,1e-11,0.2927515638098918
0.10801537075851608,0.10934255201904886,1e-11,0.9878621704357005
0.12823896316040242,0.2331131210760468,1e-11,0.5501147364354835
0.03105916134340322,0.031209429640307543,1e-11,0.9951851636304738
4.258553387777581e-05,4.258588875658877e-05,1e-11,0.9999916667510454
0.011690950396936958,0.7607886072794701,1e-11,0.015366884158193464
0.2593172135858748,0.6591036339684418,1e-11,0.39343921080291144
0.06674122968750022,0.0822999861716335,1e-11,0.810950679242083
0.09857450537577134,0.09992118194831742,1e-11,0.9865226116596316
0.9083518242896481,8.455608164763651,1e-11,0.10742595997706549
0.017795195597936457,0.034063329402650985,1e-11,0.5224150401619738
0.17431813630871135,0.3129145266923604,1e-11,0.5570790789143865
0.418335567856794,0.8465137313558123,1e-11,0.4941863933934893
2.738595859854675e-06,3.5275898825552566e-06,1e-11,0.7763362383472244
0.0002186704895815571,0.00021867206004943856,1e-11,0.9999928181593885
0.0025542764471704984,0.05009211165469886,1e-11,0.0509915905477883
0.08096402744009441,0.08391730405637106,1e-11,0.9648072986914261
0.6472688393960494,0.7476046077712781,1e-11,0.8657903290960917
0.06566402265582269,0.07510385175455554,1e-11,0.8743096541894702
1.2428497880606195,6.067769746403399,1e-11,0.20482810653738212
0.3256084909028702,1.1112977398754376,1e-11,0.29299842807146065
1.196967066032185,2.9880593920224308,1e-11,0.4005834252250363
0.0595852769875965,0.08588686352226717,1e-11,0.693764733557284
0.1562347768881757,0.1844667233839281,1e-11,0.8469537162158313
0.0003154707887275875,0.00031547341764643326,1e-11,0.9999916667500376
0.5726451057153694,0.9191591051295979,1e-11,0.623009773302119
0.01178011985313902,0.0333262846405874,1e-11,0.3534783424010084
0.21530971014750586,1.6344637270387947,1e-11,0.13173110334946905
0.13091876518852508,0.16031858661933598,1e-11,0.8166162635863395
0.8464832348552301,7.484435076665343,1e-11,0.11309914859096848
0.19046751601342948,0.9064446267181536,1e-11,0.21012592540046324
0.06205173581368554,0.14611667455872687,1e-11,0.42467251599505745
0.06365354097315283,0.06485929082434949,1e-11,0.9814097589432168
0.011280230112392951,0.048469561449842526,1e-11,0.2327281241045683
4.646972502318295e-05,4.6470502048013e-05,1e-11,0.9999832791815064
0.1248780790229143,0.2333921219432768,1e-11,0.5350569590059447
0.8109444443442576,2.00192285712617,1e-11,0.40508276403237464
6.817794049401298e-11,1.5851057644180174e-10,1e-11,
0.5801382296649168,1.315743868275717,1e-11,0.4409203368929154
1.2521353450026464,7.759651730791613,1e-11,0.1613648896166256
0.6036650960291221,0.7615738935445426,1e-11,0.792654660494629
0.034162170476429464,0.037331625096392575,1e-11,0.9151000093947321
0.04587085026488796,0.11362113327738423,1e-11,0.4037175914528424
0.08121863801336705,1.1336542026403946,1e-11,0.07164322050251362
0.00025723955874641327,0.00025724108486806306,1e-11,0.9999940673487263
0.4179153491142063,0.4473669491714641,1e-11,0.9341667950397253
0.6943895503178311,0.9275927109862774,1e-11,0.7485931509525453
0.3927239968502768,0.4452567395144969,1e-11,0.8820169623451377
0.027441955886653484,0.14115233683763925,1e-11,0.1944137553898144
0.7864783661700327,11.79413625127433,1e-11,0.06668384605825252
0.019144181858026764,0.10728703982841084,1e-11,0.17843890453725766
0.14121448420247998,0.19624008616887947,1e-11,0.7196006022997473
0.21307223241321552,0.2848844588708171,1e-11,0.747925082532616
0.040541691789977755,0.07518343834933572,1e-11,0.5392370005958361
0.00033968355843283195,0.00033968638912443326,1e-11,0.9999916667500025
0.1435744622277454,0.18612740837169786,1e-11,0.7713773241876666
0.014519693763184889,0.05713854038271127,1e-11,0.2541138374542412
0.02604224769396161,0.03509908958382544,1e-11,0.741963623636624
0.08625996650454508,0.11369053069194808,1e-11,0.7587260432293353
0.5057600085962513,13.119799171606225,1e-11,0.03854937121985933
0.9623487933488701,1.154048840899349,1e-11,0.8338891381745271
0.011444377323432274,0.035135767556712695,1e-11,0.3257187225228505
0.02733688344758247,0.07916003133161331,1e-11,0.34533694577588203
0.08107740459678585,0.1039828804835745,1e-11,0.7797187788964273
0.00018642633247013704,0.00018642745912212093,1e-11,0.9999939566199679
0.496342850958888,2.242885554800186,1e-11,0.22129655697172038
0.5209759093010207,0.8425131792188231,1e-11,0.6183593588222189
0.231398103198777,0.26705801127026896,1e-11,0.8664713037370622
0.06728038617014,0.26847221865928883,1e-11,0.2506046491742365
0.44923386328337056,6.405421557102973,1e-11,0.07013337986868562
0.44350436795569403,1.4993600246472245,1e-11,0.29579577997622253
0.9364422967695449,2.4670820795364317,1e-11,0.37957484452463125
0.02708385936254056,0.04077657906456253,1e-11,0.6642013622490999
0.06508650931582854,0.07319059042134526,1e-11,0.8892742761212479
4.1237363346407485e-05,4.1237569139272106e-05,1e-11,0.9999950095781852
0.04300547227937705,0.043101914827012845,1e-11,0.9977624532918582
0.09289137697196606,0.1412911174446236,1e-11,0.6574466863309584
0.007959296093061393,0.07558001572877746,1e-11,0.10530953210731937
0.020906138381632404,0.05421006033668407,1e-11,0.38565052781328807
0.1441140268050275,8.274854966577479,1e-11,0.017415897606315844
0.059221591662490816,0.06375358993254245,1e-11,0.9289138341096254
0.0915035511847163,0.11833803652917024,1e-11,0.7732387140136531
1.1847778823625268,1.8588667865691857,1e-11,0.6373656740347758
0.04432953573187492,0.049107661453950624,1e-11,0.9027010128235028
3.791515451385791e-05,3.791552094462538e-05,1e-11,0.9999903355998193
0.09752600193020132,0.1174154731681579,1e-11,0.8306060461939999
0.07974300824203218,0.12990119328173996,1e-11,0.6138743319245671
0.2191129639570886,0.2909666874570388,1e-11,0.7530517182983039
0.06586857433488634,0.20156970044115963,1e-11,0.32677815262276527
0.8629161212088894,7.586297018729131,1e-11,0.11374668287815687
0.44619561876399183,0.6975319727184143,1e-11,0.6396776581080333
0.024483937253593296,0.279491397374416,1e-11,0.08760175620287089
0.04125902211434611,0.07272559168950105,1e-11,0.5673246673674355
1.579579605729394e-11,3.4828311866861584e-10,1e-11,
6.324834992037375e-05,6.324905986463703e-05,1e-11,0.9999887754179304
0.10683187972903249,0.12006558428042076,1e-11,0.889779368245274
0.07503987251099928,0.07893662929963413,1e-11,0.9506343655257533
0.10903325429195676,0.11128883586387045,1e-11,0.9797321846849694
0.060805031478556405,0.13778284238739938,1e-11,0.4413106191233372
0.4979459086009679,5.785425422872885,1e-11,0.08606902210377149
0.19709252654428602,0.3340806589634787,1e-11,0.5899549143484896
0.7473081159229981,0.8727662428248248,1e-11,0.8562523150577356
0.8824436224193389,2.042476573404844,1e-11,0.432045896589301
0.07796544690648481,0.09705175664086282,1e-11,0.8033388534634531
1.7832714884917114e-05,1.78329724078116e-05,1e-11,0.9999855591715954
1.1321321114701588e-10,1.410419119507246e-10,1e-11,
0.10731585441096224,0.10923718422694781,1e-11,0.9824113937979775
0.6406573924214866,0.815688378689721,1e-11,0.7854192963379042
0.9627761021964892,1.162011961807983,1e-11,0.8285423333323513
1.5466551433714277,11.272574081113437,1e-11,0.13720514340755244
0.38642559536960064,1.6017685422012793,1e-11,0.2412493348374438
0.4730225811828495,0.556907793973919,1e-11,0.8493732468843882
0.0012025771019360542,0.007253781926367745,1e-11,0.16578622215876734
0.017291670005438582,0.02594586380870189,1e-11,0.6664518912505504
0.00034806529476507075,0.0003480683253162257,1e-11,0.9999912932291319
0.3913915030240368,0.4266014478003393,1e-11,0.9174640757600483
0.04921686551638801,0.04957404366960494,1e-11,0.9927950571150216
0.4922186531908363,1.1553836424728379,1e-11,0.4260218295434349
0.20737173197234596,0.23981991002593292,1e-11,0.8646977306843365
1.3098146916605302,9.196340125303248,1e-11,0.14242782170013957
1.0063673447809816,1.598681981144358,1e-11,0.6294981470052038
0.002931092050321986,0.009960793957522378,1e-11,0.29426289338195066
0.3151158395565427,0.34143640631986316,1e-11,0.9229122428770442
1.5434961474974087,3.0668518064947525,1e-11,0.5032835770638497
0.0001031492394751793,0.0001031494840591165,1e-11,0.9999976288399361
0.9457827987940246,2.339610382831981,1e-11,0.40424799177425513
0.02535153216540169,0.04994610710607144,1e-11,0.5075777399740522
0.030282556893909223,0.03765286726192907,1e-11,0.8042563314833665
0.0034608653141157877,0.0804847248036894,1e-11,0.043000275177149425
1.937226483025904,12.122289442347324,1e-11,0.15980698136595436
0.40933958207233184,0.890266622497701,1e-11,0.4597943714029208
0.03681416670254098,0.06667449270961842,1e-11,0.5521476835658052
0.06520520313358917,0.06772875540465521,1e-11,0.9627403123534647
0.9291705276262706,1.8782352190135438,1e-11,0.4947040276000545
0.00011149010817089111,0.00011149130930465514,1e-11,0.9999892266601629
0.08017439627501056,0.12101520937933707,1e-11,0.6625150399376168
0.018800011454736396,0.26494161810768824,1e-11,0.07095907237606942
0.024919008286039872,0.05225447283523605,1e-11,0.4768779959681571
0.06510688384619771,0.15019192158713315,1e-11,0.43349125011644685
1.3337735242625295,8.913072177074998,1e-11,0.14964240138131965
0.08165569356902755,0.08745657436683477,1e-11,0.933671300987899
0.0477237434781235,0.04783717571683785,1e-11,0.9976287847889309
0.06678571786185913,0.07961506202582264,1e-11,0.8388578261761275
0.28646033949432714,0.6318172617811679,1e-11,0.4533911256029337
1.3739144027751605e-06,1.3739144027849213e-06,1e-11,0.9999999999928957
0.1307276073138551,0.26541661209218687,1e-11,0.4925373972765865
0.2934763027625857,0.9966145197148495,1e-11,0.2944732360978996
0.19066813476859987,0.19291589018327454,1e-11,0.9883485211480545
0.020920682581728203,0.024774498888734325,1e-11,0.8444442277394131
1.0669232002158675,7.870458357138545,1e-11,0.13556049111779658
0.0035809991075564642,0.031281925043917504,1e-11,0.11447502359682171
0.11327273060394898,0.4047573624365315,1e-11,0.279853416185137
0.26077396855883817,1.7630554350892602,1e-11,0.14791024908733835
0.09598013692429619,0.5841525400426767,1e-11,0.16430663284847502
0.0001045049313171006,0.00010450592969620228,1e-11,0.9999904466750874
0.02966313422093612,0.06818099429547538,1e-11,0.4350645590820406
0.8814972849170819,1.4744515545514947,1e-11,0.5978475740325152
0.7402551688856706,0.79723798697555,1e-11,0.9285247077775949
0.06523075283048393,0.09132967418471016,1e-11,0.7142339377950442
0.06344872803564305,8.164086786880057,1e-11,0.007771687108668069
0.03690546751097492,0.0369604859172891,1e-11,0.9985114263260148
0.13637324290500002,0.5040335937214466,1e-11,0.27056379694478555
0.07251864936542937,0.2788108012039246,1e-11,0.26009985643414374
0.43986384527512645,0.5729839499717357,1e-11,0.7676721927321423
0.00018770646899441985,0.00018770839198376207,1e-11,0.9999897554428873
0.7125499851412916,1.5989784044338022,1e-11,0.44562827313080905
0.12588936197271997,3.177772502413982,1e-11,0.03961559925296371
0.09396338293805699,0.11660093645913555,1e-11,0.8058544450111496
0.42247515692900944,0.440502383097622,1e-11,0.9590757579065867
1.1427981828159781,9.899122706640883,1e-11,0.11544439004168777
0.23019804137656347,0.30859526458428693,1e-11,0.745954548870562
0.14948204027117024,0.20757485836720385,1e-11,0.7201355763747346
0.08186098160958635,0.09140322818049962,1e-11,0.8956027400687687
0.33735384101244353,0.4141288843630936,1e-11,0.8146107498183188
0.00039956286894782803,0.0003995659215075992,1e-11,0.9999923603100094
0.2092448913539777,0.24864994717917385,1e-11,0.8415239726682854
0.9086497015491907,2.013246069325409,1e-11,0.4513356391917147
0.07455364969885878,0.878236327535416,1e-11,0.08489019112666152
0.055753488231550324,0.065099138830091,1e-11,0.8564397199948703
0.024726117185448294,10.230764279046921,1e-11,0.002416839691643422
0.006583032577582357,0.09285561741762527,1e-11,0.07089536164489287
0.36189294013237666,0.5499022774451513,1e-11,0.6581040940832852
1.1446704161254397,2.1746166261704776,1e-11,0.5263780302007606
0.9878639254068492,1.185834436701236,1e-11,0.8330538352005507
7.217197896507595e-05,7.217230668679997e-05,1e-11,0.9999954591762539
5.0857686602836566e-11,1.8061854992596805e-10,1e-11,
1.1264128484517937,3.0825418900026054,1e-11,0.3654168827697072
0.014863852550090179,0.04684570796858306,1e-11,0.31729379690576087
0.06328185531772246,0.08879968993791221,1e-11,0.712635994134309
1.6371024372835716,13.141035619459291,1e-11,0.12457940794706808
0.1170041989205205,0.19305844571040554,1e-11,0.6060558422604878
0.004956697251327948,0.1305287710611371,1e-11,0.037973982372103456
0.01930593427101119,0.03888704605039218,1e-11,0.4964618357998547
1.9263436678432093e-10,3.3290593395408955e-10,1e-11,
0.00017171622676780517,0.00017171716072233626,1e-11,0.9999945610879707
0.02675652837618423,0.03915561247623689,1e-11,0.6833382670855289
0.38500625674439637,1.0228331637164463,1e-11,0.37641158930111623
0.781254790062547,0.9726622312631177,1e-11,0.8032128368426465
1.1075388380629265,2.8452730623768496,1e-11,0.38925572828420346
0.5310233030841915,5.563718854105939,1e-11,0.09544394981286744
0.05279968522922916,0.27897077228599104,1e-11,0.18926601090346762
0.11941922428732053,0.12711847148279912,1e-11,0.9394325064983149
0.04256634946782919,0.04396568155514911,1e-11,0.9681721734356684
0.023746474952527876,0.05318182881167966,1e-11,0.44651482438890355
0.0002506927211262775,0.0002506948309141329,1e-11,0.9999915842387029
0.002774995135363893,0.09064160289609634,1e-11,0.03061502716964203
0.02080073292736441,0.06156457553686352,1e-11,0.33786853472106515
0.11471724820224818,0.1282250492229238,1e-11,0.8946555208788275
0.06838429324807144,1.3259789892881766,1e-11,0.05157268237318156
0.020825097181818,0.02809976782480243,1e-11,0.7411127846912885
0.009925168868954134,0.010617106255123673,1e-11,0.9348280624171375
0.0517904670850941,0.0660091197332314,1e-11,0.7845956330640308
0.8265059882484456,1.48539347187456,1e-11,0.5564222570639136
0.4550826387105043,0.48244322626898284,1e-11,0.9432874459237949
4.801248727352874e-05,4.8012897632814304e-05,1e-11,0.9999914531447632
0.6307460283227162,0.7422240650645574,1e-11,0.849805413231724
0.19419984966492723,0.38226961734741044,1e-11,0.5080180083693036
0.014530415108107469,0.031116240497654074,1e-11,0.4669720658960375
0.005676362766422057,0.14221974693754602,1e-11,0.03991262035443474
1.694948980146643,8.57379205075691,1e-11,0.19768953691814928
0.2229772636195734,0.30886151672802964,1e-11,0.7219328130668922
0.35573700965070926,0.6029100208711302,1e-11,0.5900333338907079
0.6296541682616023,0.8073054103065451,1e-11,0.7799454335658593
0.6243484375855736,0.8301131462187619,1e-11,0.7521245030626673
7.577695646382836e-05,7.577761560587016e-05,1e-11,0.9999913016259944
0.47856578770324293,0.5447903521236295,1e-11,0.878440276773921
0.36268187231155674,0.6974997909141026,1e-11,0.5199741663524329
0.11459474723074302,0.11761161942794686,1e-11,0.9743488593059286
0.046620041486659,0.06287893459386891,1e-11,0.7414254358438946
1.056064533139492,8.897060284504082,1e-11,0.1186981429111848
0.1292205610219401,0.17431471859298955,1e-11,0.7413060816950255
0.41776668299917125,0.5623448900766976,1e-11,0.7429011810566866
0.18263048176401245,0.35925067227547564,1e-11,0.5083650382815993
0.4256751338549024,1.6238585910076846,1e-11,0.2621380557470524
5.6563508791464825e-05,5.656438355369808e-05,1e-11,0.9999845351053384
0.035709045728736885,0.06634315304053419,1e-11,0.5382476426304227
0.0455591601597113,0.047359309758294055,1e-11,0.9619895305111053
0.003630100373666365,0.025338644837969986,1e-11,0.1432633985313475
0.012190103239209221,0.07482283169924317,1e-11,0.16291956562414522
0.5529041860215936,6.983758783041047,1e-11,0.07917000045365741
0.39668197892721013,1.2161568402554217,1e-11,0.32617666225015646
2.6585439568302247e-10,3.464135382812056e-10,1e-11,
0.035493359955500486,0.16823672041547041,1e-11,0.21097272859247113
0.006246741304302275,0.04034392346062846,1e-11,0.15483722871917638
0.00015802177554803787,0.00015802326082436292,1e-11,0.9999906009006693
0.03629872781097362,0.03849749316214538,1e-11,0.942885492779727
0.6501608087979823,1.186930056780533,1e-11,0.5477667408318054
0.3938739311217469,0.6021051254782901,1e-11,0.6541613988236157
0.1216642356930459,0.12208802933836932,1e-11,0.9965287862567683
1.8216276248059044e-10,2.53905977887157e-10,1e-11,
0.04232706240901651,0.04553495636667312,1e-11,0.9295509601057956
0.5620912358658384,0.74110660307938,1e-11,0.7584485599376487
1.0208517732759128,1.2623923939699424,1e-11,0.8086643884676473
0.07908754103089294,0.1287140125928269,1e-11,0.6144439089244927
7.786474042947848e-05,7.786542567483153e-05,1e-11,0.9999911996197658
0.3718496062840936,0.4737523607909597,1e-11,0.7849029093243293
0.1997194613167621,0.4032323785625515,1e-11,0.4952961913146084
0.6422831079298763,1.0089483561524901,1e-11,0.6365867033860384
0.3295011383647692,0.8311228293407465,1e-11,0.39645299916274973
1.3006583128469882,8.948104782836923,1e-11,0.1453557311199283
1.0435812485488531,1.5061225997208934,1e-11,0.6928926295523645
0.03919550819490871,0.17375900579817025,1e-11,0.22557396674124763
0.825926812335537,1.0887195838284254,1e-11,0.7586221692010064
0.5300438592473194,1.1488199407156159,1e-11,0.46138114465278846
0.00012717541629263216,0.00012717647608599162,1e-11,0.9999916667500777
0.24397987404603463,0.25819633832171685,1e-11,0.9449393265292234
0.0006986064826959527,0.03290845578339009,1e-11,0.02122878348635735
0.26637969048715787,0.4932561063964821,1e-11,0.5400433710455483
0.6195318403531409,0.9334323288766532,1e-11,0.6637137167712217
1.9594507942108448,11.753032444369804,1e-11,0.16671874288490576
0.25479307513273386,0.2897259334721661,1e-11,0.8794279203080445
1.2848097141756791,1.6063425951387493,1e-11,0.7998354261811146
0.7239073461261442,1.442437085907339,1e-11,0.5018640696351643
0.81443431956902,1.8857069271474864,1e-11,0.4318986730355903
0.00029748611661374965,0.0002974887495482369,1e-11,0.9999911494653454
0.2813631766630112,0.6390287775336255,1e-11,0.4402981314064623
0.037960915801851444,0.06576906838099413,1e-11,0.5771849402206425
0.04029405057605283,0.06556010718474521,1e-11,0.6146123352499431
0.1324976423775526,0.27249068177323776,1e-11,0.48624650764320426
1.14531443700358,8.194796138879834,1e-11,0.13976118717214797
0.07239525168276349,0.07265030880984624,1e-11,0.9964892492370496
0.05195803080220104,0.053578518642461846,1e-11,0.9697548965271962
0.01945844033317151,0.29400705078365547,1e-11,0.06618358396952177
0.03352983701566643,0.07783075863441313,1e-11,0.4308044480609894
1.0560342604572305e-05,1.0560498082501495e-05,1e-11,0.9999852774056701
0.014745067940724024,0.034759793871128444,1e-11,0.42419894650098333
0.017875417436564844,0.05073339286367457,1e-11,0.35234027191120026
0.2239832497058044,0.8631921674395782,1e-11,0.2594824862350049
0.10335791584640286,0.10360566613600254,1e-11,0.9976087187232168
1.3263319562584195,8.811026784027634,1e-11,0.15053091867371854
0.8906480042168786,1.0236375837615899,1e-11,0.8700813826549718
0.06338573690660382,0.2042350737237687,1e-11,0.310356765617712
0.266976033721542,0.903547512326013,1e-11,0.2954753680127594
0.045847604789157836,0.04635829203796288,1e-11,0.9889839071640767
8.335705274915671e-05,8.33580243404703e-05,1e-11,0.9999883443577116
0.791848879122616,1.620235061520905,1e-11,0.48872469058860646
0.050981803293745166,0.33168061750740074,1e-11,0.1537075144061067
0.07179144575895152,0.08931153399596066,1e-11,0.8038317398310332
0.050206510976767954,0.05023419045598909,1e-11,0.9994489912354537
0.2955015947387427,10.086551000859423,1e-11,0.02929659451615964
0.7464857870630003,2.201379973210505,1e-11,0.3390990179556877
0.09770274911714852,0.1154544467452491,1e-11,0.8462450071995078
0.11448543453072949,0.1222737298360311,1e-11,0.9363044268319474
0.03739021277499843,0.037730237166526924,1e-11,0.9909880134061243
0.00034755329549846235,0.00034755595767151234,1e-11,0.999992340303795
0.4585523106464048,2.266589563966212,1e-11,0.20230937172586416
0.06527813812008368,0.0893616330028141,1e-11,0.7304940154577075
0.15162221627547853,0.1600888288240824,1e-11,0.9471130333653224
0.3829672215629564,0.423764161632832,1e-11,0.9037272526476086
1.1683969143359065,9.2452362144311,1e-11,0.12637826522075543
0.05691808328396481,0.07829251605477253,1e-11,0.7269926444073606
0.03283521150136528,0.03808797315834079,1e-11,0.8620887061871597
0.7713124875838154,2.6199998097740753,1e-11,0.29439410060504023
1.4087070107474182,2.551993648983601,1e-11,0.5520025534971347
0.00014028011629598785,0.00014028067471416673,1e-11,0.9999960192793482
0.5271830818890254,1.5331214353014948,1e-11,0.34386257327708203
1.1308866945180185,1.8698531715447761,1e-11,0.6047997306567864
0.2824918050520488,0.30802741029333736,1e-11,0.9170995684540841
0.2267923367610059,0.48927123644571235,1e-11,0.4635309003826345
1.545888815332608,9.117045716383462,1e-11,0.1695602790007539
0.01410162161963126,0.15267397389563525,1e-11,0.09236427964644998
2.337078557795453e-07,1.6501079569576886e-06,1e-11,0.1416318579606352
0.18150654502166683,0.6683144751377502,1e-11,0.2715885287151014
0.18114960425582818,1.7249466713523822,1e-11,0.1050175099696296
8.174429711787544e-05,8.174472424521245e-05,1e-11,0.9999947748635651
0.20582935619455753,2.3496584108463616,1e-11,0.08759969331900312
0.4450966419711804,0.4703450014149318,1e-11,0.9463194902299437
0.6671966982558296,1.5739235589476108,1e-11,0.4239066722541115
0.20441833593349462,0.3124970117521414,1e-11,0.6541449301781807
1.589859109765651,10.974467860945767,1e-11,0.14486890206525593
0.8759556729083945,1.5904795974769812,1e-11,0.5507493930119856
0.7837619471854904,1.7400947143668037,1e-11,0.4504133830845469
0.47737704872826836,0.5248222183834502,1e-11,0.9095976351738274
0.06032498547705591,0.11588464910710845,1e-11,0.5205606259488215
6.701887005469755e-05,6.70196638379875e-05,1e-11,0.9999881559643171
0.5967394802419335,0.9519181896784527,1e-11,0.6268810562843697
1.420952497093149,2.88144302298206,1e-11,0.493139196492797
0.056328759808312596,0.05648961071821124,1e-11,0.9971525576499186
0.03973817689479752,0.04244325518020452,1e-11,0.9362660033043686
0.8026057308893327,8.916850186684549,1e-11,0.09001000511232728
0.039779523274507005,0.17890811927829273,1e-11,0.2223461038826846
0.0305303445334537,0.03544239861304645,1e-11,0.8614074026642032
0.13671892070031819,0.17404441269374754,1e-11,0.7855404180132566
0.024899878274488852,0.8139342040865922,1e-11,0.030592003812435705
0.00021845465076023284,0.00021845651661677948,1e-11,0.9999914589110203
0.5385507247198755,0.7095281759431785,1e-11,0.7590265516996249
0.028530420658153387,0.04114222661427693,1e-11,0.6934583518202908
0.009147190725472753,0.16587226449830766,1e-11,0.0551459929310007
0.04541819422773076,0.05201133632351781,1e-11,0.8732364410947494
0.02945832014170474,0.03417684379987069,1e-11,0.861937992700666
0.025979768370396433,0.0297079757142652,1e-11,0.8745048339972031
0.025152454996312364,0.07298905168352458,1e-11,0.3446058609635271
0.06562325203234866,0.1211878181223336,1e-11,0.5415004003628893
0.11095593580653557,0.11238063896762525,1e-11,0.9873225212618687
4.5458391199699856e-05,4.545840647084366e-05,1e-11,0.9999996640633715
0.0705741939688227,0.08608024594573829,1e-11,0.8198651524916644
0.394463991445028,0.47594544943281186,1e-11,0.8288008466413829
0.10153188197910434,0.2751948179228629,1e-11,0.36894547195857347
0.2009974179831476,0.36110395657507766,1e-11,0.5566192624681418
1.0476945522026841,9.480137844998053,1e-11,0.11051469602369472
0.1972712950982863,0.6240746437987017,1e-11,0.31610208339423757
2.128216829057181e-10,2.1726098345640144e-10,1e-11,
0.17332656955328296,0.1812556721721511,1e-11,0.9562545959315562
0.9807639007474231,1.6251855313160712,1e-11,0.603478114866801
4.2145991716004704e-05,4.214621909554712e-05,1e-11,0.9999946049836191
0.18426294379538113,0.558025983545363,1e-11,0.3302049532258063
0.24938044602323237,0.25425167007893623,1e-11,0.9808409358562266
0.008277853746729333,0.008791476698528214,1e-11,0.9415771696369432
0.0026768545520656608,0.10653000253766534,1e-11,0.025127705700741132
0.7222735435243243,7.631710418836595,1e-11,0.0946411097755502
1.0064852805426427,2.362759113990516,1e-11,0.4259787951226088
0.9821890326718936,1.4567897803280931,1e-11,0.6742146642809976
1.2301268489563792,2.266609668311718,1e-11,0.5427166689325199
0.6865785838612187,0.7423114214548816,1e-11,0.9249198705788062
8.421029745337127e-05,8.42109992046423e-05,1e-11,0.9999916667504524
1.412555966360722,3.0269836367842817,1e-11,0.4666546423294682
0.30325189792717383,0.9680748260418336,1e-11,0.31325253975158046
0.022304182848540827,0.028863366929682888,1e-11,0.7727505561938915
0.20043273734163314,0.2486996997552363,1e-11,0.8059227153828242
1.5512790358085948,8.74951170749334,1e-11,0.1772989268052563
0.6311113767774136,0.8208246330212278,1e-11,0.7688748014962316
0.960076542687322,2.4929839185397786,1e-11,0.3851114062740003
0.47538439351560297,0.9614565660190104,1e-11,0.49444188153394275
0.6473121058012512,0.933711172994477,1e-11,0.6932680303324164
0.00032227435848188144,0.0003222767549722078,1e-11,0.9999925638747151
0.7221272812198792,1.704459163063463,1e-11,0.4236694529671122
0.040544144439561204,0.044966609549769616,1e-11,0.9016500208824156
0.03699803596457534,0.059636399148343046,1e-11,0.6203935263184532
0.009933019088175399,0.07922602550782067,1e-11,0.12537570860720354
1.9533078708137626,11.74129760554812,1e-11,0.16636218043657844
0.47760360832713583,1.7019483227399668,1e-11,0.2806216863025792
0.49643028885519713,1.757555381827024,1e-11,0.2824549906012891
0.17897962960003697,0.183868486420612,1e-11,0.9734111216351049
2.538293617494638e-06,3.1702602025397906e-06,1e-11,0.8006578183901545
0.00013219188016817398,0.00013219256848776107,1e-11,0.9999947930538383
0.25082282284212787,2.6028220440388643,1e-11,0.09636572097450036
0.019822422105848905,0.05548694942363597,1e-11,0.357244763169573
0.025481976254264627,0.08360527753347678,1e-11,0.30478908755564227
0.03276624224953127,1.3067004253306436,1e-11,0.02507555795831336
0.01150971569868024,0.44643433857878007,1e-11,0.025781430109792457
0.029768433552163423,0.031032763347701137,1e-11,0.9592582271397571
0.19668119981739998,0.19798395860082518,1e-11,0.9934198770818002
0.11037213380645325,0.6713974760323338,1e-11,0.16439164242723164
0.18653217779538767,1.7765591656044926,1e-11,0.10499632177007635
0.00017976003249506973,0.00017976237559764896,1e-11,0.9999869655562159
0.07350997112752548,0.0851281542124456,1e-11,0.8635212616506895
0.04955152602718573,0.07106027848161985,1e-11,0.6973168004119562
0.4016896916685503,0.7313520889393196,1e-11,0.5492425573722243
0.16013643007943473,0.7440123759193229,1e-11,0.2152335569439495
1.3065322717571108,8.62607418721768,1e-11,0.15146313878138923
0.22398722168219687,0.6336457312859308,1e-11,0.35348967194592096
0.07216195237462962,0.08952583771110899,1e-11,0.8060461004284494
0.23496435924010986,0.273711278717819,1e-11,0.8584387181294966
0.9825345163909099,1.144636338166733,1e-11,0.8583813772368543
0.0002761274352413633,0.000276129823577045,1e-11,0.9999913506782759
0.06254234614536616,0.06273192435014766,1e-11,0.9969779628674654
0.019630174597315326,0.05730690849367247,1e-11,0.3425446444992367
0.13182762233519524,0.1574120070437491,1e-11,0.8374686582743128
0.10501580728265573,0.10617783391820779,1e-11,0.9890558453429442
1.6544319971301158,10.347744062058073,1e-11,0.1598833511157662
0.5591198918496857,1.9643440217136436,1e-11,0.28463440500708415
0.19121381245201244,0.22553276741912281,1e-11,0.8478316239372298
0.19852569077094998,1.197152958254685,1e-11,0.1658315166847002
0.4717087015002398,0.5923684795093221,1e-11,0.7963095907651455
6.502178850396745e-05,6.502195745561746e-05,1e-11,0.9999974016215964
0.05835744514908074,0.058559572647284064,1e-11,0.9965483440355555
0.30084048147801484,0.47259602710337834,1e-11,0.6365700603153976
0.02144672200184894,0.055403976443531386,1e-11,0.3870971612246601
0.04136834638884059,0.05274654752299698,1e-11,0.7842853860872012
1.4903093966692574e-06,1.513631420273249e-06,1e-11,0.9845920061570991
0.4461599403127569,1.4033000280933179,1e-11,0.31793624412518556
0.09002786691959079,0.3197842412338771,1e-11,0.28152690255223706
0.5729163521803222,0.841199912282845,1e-11,0.6810703898262949
0.40637127303419396,0.4738124694945865,1e-11,0.8576626813297427
0.00011228614955190562,0.00011228757379777373,1e-11,0.9999873160865451
0.0276759661186758,0.06915326872485361,1e-11,0.4002119730419784
0.351112622801892,0.39070143607090047,1e-11,0.8986724654325962
0.0900479450811459,0.19109605264745957,1e-11,0.471218237287556
1.437989345760808,2.966159345533153,1e-11,0.48479841378930916
0.8037277189440316,10.905354522911637,1e-11,0.073700283402565
0.00882477327242047,0.01873887296597653,1e-11,0.47093404648418713
0.16998914050339115,0.1720924401135742,1e-11,0.9877780824724494
0.07529546686652339,0.0853572045464629,1e-11,0.8821219868504181
0.675467031437012,0.7918028516958329,1e-11,0.8530747647477397
0.00030904047585182865,0.00030904305118483643,1e-11,0.9999916667499952
0.153443241967498,0.1610140871967508,1e-11,0.9529802307297397
0.02476234221050637,0.04610580217208234,1e-11,0.537076485907023
0.8188431685130265,1.14317233046692,1e-11,0.7162902273698107
0.6399260924636025,1.2999947967973708,1e-11,0.4922528105805544
1.0926913746461515,8.967828791663145,1e-11,0.12184569978208788
0.03018762394557594,0.04151681208571516,1e-11,0.727118062033542
0.13790815252372174,0.25671818969837407,1e-11,0.5371966539876047
0.19344539614347814,0.37105662015461294,1e-11,0.5213365983414412
0.7872863156101376,1.2673604246710966,1e-11,0.6212015937095818
0.00016599782426445953,0.00016599945321881492,1e-11,0.9999901869896328
0.006225030411065432,0.036260866618314895,1e-11,0.1716735144967895
0.18277747903474376,0.21977726984914833,1e-11,0.8316486921518288
0.06978599522031002,0.10240519240905892,1e-11,0.6814693042277479
0.9764601177199959,1.7237024069993683,1e-11,0.5664899658751557
0.7664903171942639,5.311902072330377,1e-11,0.14429677105436509
0.38397531299051196,0.5868817831424747,1e-11,0.6542634718264818
0.08085595411226808,0.7952543326722512,1e-11,0.10167307588324867
0.017424263677376567,0.034274817717756915,1e-11,0.5083692587619364
0.018959340749723164,0.19724550550177306,1e-11,0.09612052097964147
0.00019004772025057253,0.00019004836220535136,1e-11,0.9999966221504285
3.0325239266194653e-10,3.4449193249143097e-10,1e-11,
0.7543988538808137,1.3129528234391863,1e-11,0.5745818436223167
0.11152177726373916,0.128901159175248,1e-11,0.8651728035441432
0.14105507775417164,0.17173348010632541,1e-11,0.8213603874261453
1.3343448739612898,9.237537521093316,1e-11,0.14444811411205638
0.21466352573448724,0.3452771309535411,1e-11,0.6217137090477369
0.6090829832483579,2.009018696257229,1e-11,0.30317437283339876
0.051135105736654134,0.05237563325686795,1e-11,0.9763147967275193
0.196189721792785,0.24222443983550396,1e-11,0.8099501517106142
0.0001157832234336517,0.00011578380635457912,1e-11,0.9999949654364823
1.249318240263666,2.1850305154932403,1e-11,0.5717623765001056
0.04321194626919684,0.10999689982697296,1e-11,0.39284694693368616
0.33067657555948166,2.600752132408789,1e-11,0.12714651713203154
0.0466097632794251,0.05344618860298588,1e-11,0.8720876922703735
1.8871286588546432,11.591578877578264,1e-11,0.16280169239972475
0.03918070337457385,0.04539415579119637,1e-11,0.8631221947335445
0.008300060992589283,0.026760169101922183,1e-11,0.31016474376438413
0.028296360794853637,0.03533509267324892,1e-11,0.8008005258827555
1.246417933103717,2.3048692938925504,1e-11,0.5407759721588027
0.000132527267145138,0.0001325288837267124,1e-11,0.9999878020433816
0.38030814355851805,2.626533506837148,1e-11,0.14479470471956105
0.5964969794865883,1.0416175517086859,1e-11,0.5726641016254816
0.3041400233258649,1.433709072960858,1e-11,0.21213510401922966
0.020530262819589022,0.027641956525835294,1e-11,0.7427210443805092
0.6907100213029733,9.603811197401763,1e-11,0.07192040816981488
0.24598576121762664,2.23657514202353,1e-11,0.10998323132352811
0.2709299343969615,2.3796452453118846,1e-11,0.1138530774411513
0.058464538704198765,0.06483741515432377,1e-11,0.9017098933546857
0.43108166075980636,1.6093470601803326,1e-11,0.2678612161577517
0.00027028841350637084,0.0002702913519792672,1e-11,0.9999891284982858
0.031637732047481944,0.0704432511626509,1e-11,0.44912367792950914
0.028213033211860847,0.08224117184271473,1e-11,0.34305242228087335
1.1409056005502924,1.6276200991372318,1e-11,0.7009655392895819
0.08352032816615838,0.18794315433165826,1e-11,0.44439143560808975
1.5680085599494202,9.612369738116385,1e-11,0.16312403732575137
0.03351649957850825,0.0345171312753399,1e-11,0.9710105776505671
0.5355126885105259,0.6528943812277435,1e-11,0.820213351359395
0.1695092652797777,0.21343550948404938,1e-11,0.7941943010773733
0.5218845579303153,1.434372220662306,1e-11,0.3638417911421491
8.227478244317173e-05,8.227500602715994e-05,1e-11,0.9999972824798319
0.010616768186284348,0.050890550902756695,1e-11,0.2086196356288461
0.8922883387180144,1.8386831374741988,1e-11,0.4852866274412849
0.04223893701183818,0.04923339673139062,1e-11,0.8579326192398816
0.5443000415744673,1.9712994424224415,1e-11,0.27611230940419756
0.9647583475926091,10.043220511490873,1e-11,0.09606065569194547
0.19319534389392073,0.2720069546713861,1e-11,0.7102588392540244
0.019091297220280253,0.4569020197065688,1e-11,0.04178422593216167
0.050458952542312724,2.2929339007828036,1e-11,0.022006283096554214
0.09701290749597993,0.097457225490193,1e-11,0.9954408922275569
2.7829637946798063e-05,2.7829668307641263e-05,1e-11,0.9999989090476084
0.1620154217916327,0.25767020512445704,1e-11,0.6287704925502651
1.0191391283986833,1.365495763363357,1e-11,0.7463509999389807
0.04173278153614583,0.04726572494345229,1e-11,0.8829396266760754
0.040066375727888404,0.09919549415613436,1e-11,0.4039132630845476
0.07964787027718626,8.061770470757574,1e-11,0.009879699572952694
1.6621334015180789,2.9876843979861616,1e-11,0.5563283065100297
0.04441706260854446,0.05014672266231864,1e-11,0.8857420834386934
0.011296371654696461,0.011350724313178556,1e-11,0.9952115250989764
0.036951572589645786,0.10835652594043549,1e-11,0.34101843215200883
8.449916128665872e-05,8.449986035000132e-05,1e-11,0.999991727047362
0.3755583792339002,0.43971095630994955,1e-11,0.8541028460732085
0.0694036701191861,0.19083367714855573,1e-11,0.36368669909954293
0.3506471938319388,0.460371679792495,1e-11,0.7616610865159805
0.00986091969946274,0.08970699032553081,1e-11,0.1099236488001571
0.10369062826384841,4.507170161558423,1e-11,0.023005705253425754
0.8794216251069504,1.4153486179097048,1e-11,0.6213462986990071
0.07781537404299162,0.35929403101156654,1e-11,0.21657853269620989
0.9789615540298185,1.8150107411399146,1e-11,0.5393695650610769
0.003993680048667359,0.10461021644606684,1e-11,0.03817676881231149
1.9587045419098062e-05,1.958721920272464e-05,1e-11,0.9999911277029792
0.5446556135235422,0.763675367291392,1e-11,0.713203066186788
1.0953689366731574,2.0510237830933993,1e-11,0.53405959779808
0.04704838123748364,0.050226857406549794,1e-11,0.9367175982495041
0.1315986177616186,0.36560798777436887,1e-11,0.3599445913715466
0.5304348518251978,10.166630377119542,1e-11,0.052174106085234026
0.07270385475634233,0.1348092931484372,1e-11,0.5393089234307372
1.229892137544486,2.9108308689436724,1e-11,0.42252270671803355
1.300557881913221,2.9398975995569545,1e-11,0.44238203470393545
0.19120239862849306,1.2968091286287,1e-11,0.14744066370868197
0.00020629937023035455,0.00020630155287179727,1e-11,0.9999894201405063
0.10040107940871647,0.10446123009663773,1e-11,0.9611324633630565
0.6513676513494178,0.7438142731071382,1e-11,0.8757127617737922
0.39489372848288806,0.5163771481606294,1e-11,0.7647389701297326
0.04050029201164365,0.09730274778185649,1e-11,0.4162296845145777
0.20200700746559241,8.461646246895127,1e-11,0.02387325132384444
1.2044168230034626,2.5940267121780614,1e-11,0.464303940028505
0.34128358123739305,0.3775302555848292,1e-11,0.9039900145452271
0.017089962366745433,0.05028999934865388,1e-11,0.33982824792386646
0.10610071779079154,0.2747424989682643,1e-11,0.38618240057228026
7.162272342640514e-05,7.162343759974857e-05,1e-11,0.9999900287759516
1.1192302267225267,2.901620354224496,1e-11,0.38572593588717735
1.1018984433509877,1.9613044415472556,1e-11,0.5618191750392968
0.4104220968339601,0.9268537983883688,1e-11,0.4428121215531618
0.2664237613807824,0.27717646021975323,1e-11,0.961206305793624
1.2771465534793267,14.567842214000096,1e-11,0.08766888978602155
0.04657783551248374,0.07968204363046594,1e-11,0.5845461962357977
0.9712374506406727,1.9263543642388337,1e-11,0.5041842086123343
0.12145948036975494,0.12189203061725706,1e-11,0.9964513656445652
0.5333839148658179,0.7618331553918718,1e-11,0.7001321891687109
0.00023316401443606812,0.0002331659898186226,1e-11,0.9999915279987617
0.6652987688089247,0.7536377819981357,1e-11,0.8827831946601776
0.5229650087492775,0.6793447490252403,1e-11,0.7698079796740246
0.23026586255320633,0.24235073277496172,1e-11,0.9501347898420552
0.11200161535987214,0.3169867603209714,1e-11,0.3533321557230423
1.297280009661598,9.523399244847985,1e-11,0.13622026928708328
0.47520211112102345,0.8718884722322835,1e-11,0.5450262576638619
0.23729054627694235,0.5444437399305229,1e-11,0.4358403428556701
0.08075795282815301,0.47332694846432105,1e-11,0.17061769478827904
0.991671922313229,1.5323103264883031,1e-11,0.6471743387554589
0.00020441682676203157,0.00020441812739085583,1e-11,0.9999936374095544
0.01706979229342346,0.017885172492903577,1e-11,0.9544102691878626
0.062245046148046004,2.2533928556525544,1e-11,0.027622811527029813
0.04205922298164742,0.042738668784130435,1e-11,0.9841023171331134
0.10242776322358225,1.6187085668358476,1e-11,0.06327745792054575
0.6452776921221762,12.322435804989643,1e-11,0.05236608267505749
0.0707918090824564,2.4342879297245084,1e-11,0.029081115762040526
0.19730586392622282,0.5863883363222729,1e-11,0.3364764469288243
0.1977234995059042,0.21463972477743148,1e-11,0.9211878169846314
0.6966057192650654,0.9822969403039115,1e-11,0.7091600214590341
0.00023009730966905173,0.00023009887039227356,1e-11,0.9999932171626086
0.10642609192051855,0.13933792697061143,1e-11,0.7637984447907389
0.08039255379307488,0.08645819820692834,1e-11,0.9298430392993386
0.2416111710064503,0.432201187507481,1e-11,0.5590247736241313
0.9899472888339337,1.6357452044052565,1e-11,0.605196509925805
1.2410270657720956,10.02984832862478,1e-11,0.12373338310911988
0.06809107848016144,0.09290029322378923,1e-11,0.7329479393152784
0.8513017741124875,1.8307123177546847,1e-11,0.4650112231486946
0.025528441798833804,0.08274547252528684,1e-11,0.3085176870678014
0.32063266783798333,0.32888430229719684,1e-11,0.974910221006058
0.00027369774882115747,0.00027370004371430424,1e-11,0.9999916152985742
0.2527740888487278,0.32798653025844177,1e-11,0.7706843590483755
0.044451672601106496,0.09769578231083524,1e-11,0.45500093811292863
1.034525534452836e-10,3.4219185917417643e-10,1e-11,
0.4117880951335501,0.9492393732253557,1e-11,0.43380848577146924
0.6563670800438045,4.511726657326605,1e-11,0.14548024069187088
0.3132628980110784,1.1925808466061865,1e-11,0.2626764457122997
0.09475000742820988,0.0993415351746308,1e-11,0.9537803826128763
0.044659427937652166,0.05866402723715135,1e-11,0.7612744988869395
0.3712852005450789,0.5400755557656888,1e-11,0.6874689968493235
0.00019669187294416618,0.00019669351312746636,1e-11,0.9999916612232193
0.25981185686912334,1.5303494106329074,1e-11,0.16977289961622086
0.9556233950852219,1.5082105314325294,1e-11,0.6336140579641432
0.04196376031348025,0.05665958768950504,1e-11,0.740629468457165
0.04987340213175513,0.09515597696694499,1e-11,0.5241226428591029
1.397877876847121,10.196910843841042,1e-11,0.1370883690418302
0.3263490126806373,0.3367401272191337,1e-11,0.9691420365481588
0.11489731284784892,0.4073914932851526,1e-11,0.2820316936942688
0.14659871320670773,0.15215149255532204,1e-11,0.9635049301498286
3.2426375663281577e-06,3.358925181661288e-06,1e-11,0.9653795160523297
0.00012752743417205494,0.0001275279747556019,1e-11,0.9999957610591089
0.5682466627293093,0.8147181113478059,1e-11,0.6974764090971864
0.026838600392009932,0.10836702427853094,1e-11,0.24766390487043247
0.030618046905815217,0.03938331557501433,1e-11,0.7774370049544534
0.21072705383878604,0.22015538248752028,1e-11,0.9571742078608108
0.5567164118124197,8.126283710185014,1e-11,0.06850811904519942
0.4337302231289854,1.2533774574862766,1e-11,0.34604916542767356
0.02321047871885087,0.029738564619474793,1e-11,0.7804841631008345
0.055762409162129066,0.24287206364629566,1e-11,0.22959581404693008
0.08607332784544278,0.18033296423070425,1e-11,0.47730224040085717
0.00023468788782932224,0.00023468984355851606,1e-11,0.9999916667497657
0.01709437158533721,0.017118505924523977,1e-11,0.9985901608882705
0.02643716118791475,0.03981746245841408,1e-11,0.6639589656303712
0.02959060528159522,0.14483522944932523,1e-11,0.20430530192205995
0.013356707584316112,0.035670744201860415,1e-11,0.37444432077813194
0.26484466787042,7.5178991600229095,1e-11,0.035228547528111956
0.0017891854991473586,0.002245639225990733,1e-11,0.7967377299254311
0.12998196021383476,0.284631531091442,1e-11,0.45666746658533824
0.13634995600499863,0.15050207917465147,1e-11,0.905967258078675
0.4404266802167045,0.7461666028931121,1e-11,0.5902524697688666
0.00011089392345422713,0.00011089426263608005,1e-11,0.9999969413940374
0.3085003440892414,2.805395612528236,1e-11,0.10996678782541454
0.10810293016529358,0.11601332170746048,1e-11,0.9318148000096595
0.6755589968766441,1.455330905458012,1e-11,0.46419614559345646
0.6310544390366076,1.298627067120086,1e-11,0.4859396935534943
0.3478727265033123,2.7321702953789972,1e-11,0.12732468656572396
0.25827091109896794,0.5363417420867694,1e-11,0.4815416940961959
0.04843361996526195,0.08432694941457188,1e-11,0.5743551770994401
0.29390629683632075,0.8573555682488853,1e-11,0.3428056079890082
0.25562840546358145,1.6967774040789976,1e-11,0.15065523907205453
0.0001731897013407161,0.00017319160411517824,1e-11,0.9999890134716873
0.09224588291409593,0.0936739570754436,1e-11,0.9847548432250223
0.6093473667479505,0.8008847808918226,1e-11,0.7608427345434305
0.3960186756612359,0.4151618651950768,1e-11,0.9538898171082117
0.781768916752997,1.1767276157111417,1e-11,0.6643584346242644
2.418492537112888e-10,2.5041361430525394e-10,1e-11,
1.4801065628396333,2.885110830979523,1e-11,0.5130154956082303
0.005648150125128133,0.028630105390885324,1e-11,0.19728010246606628
0.4202655857096578,0.5776321890577902,1e-11,0.7275660769445305
1.7336978629347917e-10,2.580853339140953e-10,1e-11,
0.00019044977834768492,0.0001904512744181752,1e-11,0.999992144602367
0.17180835673850078,0.2016073190218643,1e-11,0.8521930531692066
0.09450106353240606,0.3396757967685107,1e-11,0.2782095881762474
0.34307599710390685,0.570166623837762,1e-11,0.6017118203003188
0.00958112299285548,0.09617410394730658,1e-11,0.09962269051245791
1.2133531711027348,9.632536414299409,1e-11,0.1259640367724459
0.26604354881142417,0.8075406073484704,1e-11,0.32944912787106556
0.21059750641958186,0.3357612359504159,1e-11,0.6272240028645898
0.04459255103808173,0.045705035794646895,1e-11,0.9756594708389779
0.005887704906390151,0.03996893533633712,1e-11,0.14730702373844412
8.890677392293953e-05,8.890753926904535e-05,1e-11,0.9999913916624832
0.062453137355414516,0.2177349392153298,1e-11,0.28683103217371675
0.23153023591651606,0.4194835865369428,1e-11,0.5519411088951529
0.15847281953562747,0.3161392235303225,1e-11,0.5012754120351268
0.9760602601404135,2.0401099424669296,1e-11,0.47843512735404237
1.2496734804258849,9.82193589010248,1e-11,0.12723290952094027
0.0485772732622121,0.056158554288596035,1e-11,0.8650022045185831
0.3333639789489881,0.503084185183217,1e-11,0.6626405455929432
0.33897858118674656,0.4476291098152612,1e-11,0.7572755519109218
3.1599228627767755e-10,3.180789213183102e-10,1e-11,
0.00011136997925274241,0.00011137143575525848,1e-11,0.9999869221178106
0.03432286978756136,0.04278678013819421,1e-11,0.8021839847893246
0.8023599134508869,0.8809268495839918,1e-11,0.9108133255670351
0.4799591289123611,0.7628375300240241,1e-11,0.6291760827462771
0.4006506076582731,0.5158888679833628,1e-11,0.7766219287197218
1.3745685319912224,8.886782786679301,1e-11,0.15467560814602216
0.011742687817677734,0.04888938729762617,1e-11,0.24018889306571248
0.020915328414848118,0.05688882093488031,1e-11,0.36765269645488957
0.04960638910109833,0.05540414220493276,1e-11,0.8953552410866811
0.9771943775189302,2.6090761428299416,1e-11,0.3745365501134872
0.00021336066620247367,0.00021336273492303934,1e-11,0.9999903042086219
0.018188747997905052,0.020397631406872622,1e-11,0.8917088281032803
0.3210151324445145,1.1963509712252625,1e-11,0.2683285592318629
0.020680047417850386,0.02720178419918738,1e-11,0.7602459921900335
0.6029135418173686,1.7795699063009622,1e-11,0.33879733506541065
0.3520170481732259,10.603882662651145,1e-11,0.033196995795992314
0.5753046947039798,1.38905758089073,1e-11,0.4141690759392905
0.0071026160557656655,0.03667798576779043,1e-11,0.19364793096143743
1.0304436422377148,1.338101024960101,1e-11,0.7700791068958639
0.23168962582092753,0.30573916742549323,1e-11,0.7578015854883522
8.362235651017816e-05,8.362355482177448e-05,1e-11,0.9999856701667504
0.02928263460935165,0.08842253437137984,1e-11,0.33116710369737723
0.24330310803702224,0.2997675608601691,1e-11,0.8116392158606998
1.2877274751932242,2.3446158271426185,1e-11,0.5492274940251413
0.7385113472280833,1.2779992553467803,1e-11,0.5778652406395112
1.4221938202177071,10.93598525678156,1e-11,0.1300471596133311
0.095221432279794,0.09888214780178994,1e-11,0.9629790047710748
0.028643831277966235,0.03075350207013272,1e-11,0.9314006324432441
0.8306498691222005,1.9540775105307335,1e-11,0.4250854250385357
0.1579113160653489,0.5078590080093013,1e-11,0.3109353453910909
9.305479232361102e-05,9.305556777894492e-05,1e-11,0.9999916667497453
0.09909989064411479,0.6532518853096837,1e-11,0.15170241812181684
0.236071579852805,0.25343880548174036,1e-11,0.9314736920578383
0.19293858210056836,1.9355029866069577,1e-11,0.09968394956537897
0.15289799403453863,0.24464280882005693,1e-11,0.62498462461245
0.0337671586937522,0.035336789747697404,1e-11,0.9555808248244315
1.1337339131410737,3.293998974575222,1e-11,0.34418162297311417
0.028555972455564904,0.07922085650919006,1e-11,0.3604602842466397
0.03656436112584462,1.0027235003937849,1e-11,0.03646504855175454
0.03288757199050149,0.033670356614769394,1e-11,0.9767515196460813
0.0003120642679066964,0.00031206686843787153,1e-11,0.9999916667501804
0.015869726584658274,0.05345389849028951,1e-11,0.2968862334248864
0.09635622711683242,0.10810380646207318,1e-11,0.8913305670752468
0.03974200977346519,0.05399967189926726,1e-11,0.7359676156477623
0.5650772411724022,0.7607568902030928,1e-11,0.7427829421584974
1.4744256830323836,9.698704924612052,1e-11,0.15202294476356187
0.018580748957922555,1.4447914587040847,1e-11,0.012860505816243322
0.1379319526243299,0.1403484976808119,1e-11,0.9827818245552022
0.06866326311632304,0.07012447467672572,1e-11,0.9791626023989644
0.03217195966185181,0.11591243140458186,1e-11,0.27755400583012957
0.00010083757587760554,0.00010083828011923209,1e-11,0.9999930161281438
0.01754070638359879,0.03257206788633413,1e-11,0.538519889029156
0.19608436708898438,0.24027895723646772,1e-11,0.8160696606320388
0.29826647431196396,0.6121118445080335,1e-11,0.48727446950758924
0.3551192655064515,1.0952612165995985,1e-11,0.32423248456562
0.8333140660345235,10.049873313443902,1e-11,0.08291786772274869
0.08059254049749238,1.0169570004928319,1e-11,0.07924871991484014
0.6627516856656845,1.7858095919381498,1e-11,0.37112113668646846
0.028957158856082476,0.029877548846600762,1e-11,0.9691945950705725
1.482134813373411e-06,1.6945104328858395e-06,1e-11,0.8746684497240057
1.4815142293237419e-05,1.4815145892664306e-05,1e-11,0.9999997570441147
0.2613218494361565,0.43401214509037245,1e-11,0.602107227625491
0.7037285959000261,0.8395666607675872,1e-11,0.8382045509723206
0.0967667196329786,0.09723976195161564,1e-11,0.9951352994994741
0.01746326486145706,0.03303223733634825,1e-11,0.5286733890786354
1.7926071380910351,10.748327159223784,1e-11,0.16678010554904737
1.4281818913862956,2.595895329690532,1e-11,0.5501692903606231
0.18317902883079284,0.1951972702514232,1e-11,0.9384302792495495
0.042249014661782464,0.08290975988337076,1e-11,0.5095783020143128
0.004487012867859378,0.008109707050771424,1e-11,0.553289143463272
0.00017972116038323649,0.00017972261578407068,1e-11,0.9999919019605416
0.9819464259515831,1.59342469907226,1e-11,0.6162490304833996
0.1648327252840928,0.21341735018642086,1e-11,0.7723492262466514
0.17297330068092173,1.1182334515295835,1e-11,0.15468442698107357
0.16110778572808823,0.29192819867976216,1e-11,0.551874695410358
1.3035337854371623,10.524473935239778,1e-11,0.12385738170460527
0.6411210453018067,1.4460434748182083,1e-11,0.44336222006216397
0.6302601806488839,0.8136704249124866,1e-11,0.7745890244402956
0.6512422065664413,0.7255557823845078,1e-11,0.8975770331898698
0.15262222054675695,0.20408347214094907,1e-11,0.747842140010972
0.00021490128326228815,0.00021490307410351655,1e-11,0.9999916667491339
1.573095671613775,2.7590761382300353,1e-11,0.570153048629867
0.0014555220271478188,0.020098644677980865,1e-11,0.0724189143331849
0.011686750574084477,0.03409069390866368,1e-11,0.3428135140163413
0.1714791919290474,0.4638167170322864,1e-11,0.36971326308859775
2.14819376310875,12.283243335017303,1e-11,0.17488815490487258
0.5573472571397158,0.7222463794801022,1e-11,0.7716857750687702
0.3522359309366106,0.482385085294718,1e-11,0.7301965621955507
0.0479600629531555,0.059418151063812694,1e-11,0.8071618199908026
0.08902709663919396,0.7296933719334244,1e-11,0.12200617418697972
5.4135423904071305e-05,5.41356435995413e-05,1e-11,0.9999959417593404
0.13773782715404914,2.730985644359383,1e-11,0.05043520731737819
0.893678376944778,1.0703298577365354,1e-11,0.8349560376038387
0.17103442872729643,1.9413440378581508,1e-11,0.08810103999700927
1.1438346603053609,1.7694627936808642,1e-11,0.6464304671396555
0.23496771928542287,7.726270348459394,1e-11,0.030411532173770628
1.1648528874209898,2.663937814509192,1e-11,0.437267296960385
0.01299629889303786,0.038533945040808135,1e-11,0.33726883866353546
0.3051690667791588,0.3269605568810004,1e-11,0.9333513182454825
0.13073571257945676,0.18065783774187275,1e-11,0.723664769896418
0.00020449879954972098,0.00020450058216676793,1e-11,0.9999912830710403
0.062366581617338254,0.07319059774665794,1e-11,0.8521119315518374
0.00608419168503188,0.12884481737422085,1e-11,0.0472210819885814
0.03137277776540499,0.03578152087299772,1e-11,0.8767871515791337
0.2168356171393838,0.49649738199788596,1e-11,0.43673063545037394
1.8542788384509838,10.655696251277801,1e-11,0.17401761412151964
0.052860856322329355,0.05377821282174589,1e-11,0.9829418559806511
0.025968591911075815,0.044010142020137206,1e-11,0.5900592617763804
0.006842025938585057,0.20609112850716743,1e-11,0.03319903184647322
0.6797584858731044,1.3966523648393536,1e-11,0.48670557039531587
2.6665106524797263e-05,2.6665155320294013e-05,1e-11,0.9999981700651595
0.15638015106119288,0.3199157132891934,1e-11,0.48881672442213026
0.004008413409367037,0.09230326955783266,1e-11,0.04342655930357444
0.30361734490781767,0.6642630734673941,1e-11,0.4570739471079766
1.1559655536496074,1.8829322349386746,1e-11,0.6139177672993931
3.084969006952609e-10,3.5278734223922074e-10,1e-11,
0.22316739846436207,0.28642195658761105,1e-11,0.7791560434931231
0.040766303503347714,0.3747954655272934,1e-11,0.1087694682911766
0.1284442145622421,0.26115077029246475,1e-11,0.4918393096003371
0.04133546066458602,0.05362594989119249,1e-11,0.7708107874724089
0.00024119175840175557,0.00024119325516969164,1e-11,0.9999937943209274
0.0906798361682509,0.22557448106499767,1e-11,0.4019951004214974
0.0020772991808805713,0.0027505763999875646,1e-11,0.7552232255355505
1.239513067509865,2.2727720375776546,1e-11,0.5453750077068669
0.3386279046321415,0.5476754241862507,1e-11,0.6183003466611323
1.5084600318336956,8.886131095666771,1e-11,0.16975442018509948
0.05148160312093859,0.052975936479895576,1e-11,0.9717922238236585
0.28383682815948896,0.3301559880497002,1e-11,0.8597052255092263
0.9407113019725641,1.1461742293007702,1e-11,0.8207402312181196
0.15878680248608945,0.6776643973295333,1e-11,0.23431480702220647
0.0001271909319136808,0.00012719162925269387,1e-11,0.9999945174142578
0.2623600713116021,1.4559685934476887,1e-11,0.18019624358128603
0.257018942447199,0.28857259883765907,1e-11,0.8906560896025645
0.7205377220281156,0.807461854831389,1e-11,0.89234892981858
0.15887330088895385,0.17139656015851737,1e-11,0.9269340104726648
9.01549128792904e-11,1.1436043530571888e-10,1e-11,
0.23911106871639737,0.9628958641349482,1e-11,0.24832495145382238
0.11851444410875145,0.21315186867632424,1e-11,0.5560094070238634
0.1036372351654667,0.10416573287691494,1e-11,0.9949263764881996
1.4930595169200642,2.725965534016808,1e-11,0.5477176795848873
0.00024687868808855864,0.0002468808305434871,1e-11,0.9999913219065095
0.08150733568063129,0.0945829694464859,1e-11,0.8617548820641259
0.07539677796690976,0.07792749152148133,1e-11,0.9675247655845054
0.5476415699058901,0.8882641147449892,1e-11,0.6165301072227959
0.35905319665424684,0.3663409052296498,1e-11,0.9801067571997332
1.172320585114866,10.083231702798361,1e-11,0.11626437035950649
0.6871817034859171,0.7289907862977956,1e-11,0.9426479955608118
0.18950025079792693,0.6177704302284917,1e-11,0.3067486586041961
0.3144360167449731,0.6359885261186807,1e-11,0.494405172156041
0.5644345073774453,1.8294332066887202,1e-11,0.30852971582333605
9.707582798779153e-05,9.707687358863991e-05,1e-11,0.9999892291458333
0.28530673825741915,0.3247856400718966,1e-11,0.8784462828906532
0.03644887902584279,0.06263002428951038,1e-11,0.5819713378579584
0.09681964044747536,0.0970325240298215,1e-11,0.9978060595199945
0.3060623065934795,0.33848736907651955,1e-11,0.9042059898084116
0.02628226479287554,0.02870699887099507,1e-11,0.9155350899264698
0.014009908449352694,0.031239884730684085,1e-11,0.4484622324995982
0.43395502159921523,0.5757089714871639,1e-11,0.7537749854379171
0.8668323479581179,1.2390413483070086,1e-11,0.6995992096168004
0.005311036408561001,0.022608620126726514,1e-11,0.23491201049827104
5.180839792962859e-05,5.180883864823271e-05,1e-11,0.9999914933703279
0.09751339188476402,0.09906008044460456,1e-11,0.9843863587340265
0.2562704547813586,0.9721115186227586,1e-11,0.26362248556053575
0.1415723315608002,0.19389967181291795,1e-11,0.7301318781879877
0.7307388714959763,0.9328354039003477,1e-11,0.7833524204169668
1.086999101376311,11.095783699906306,1e-11,0.09796505869031041
0.2548710632748188,0.2816882997848864,1e-11,0.9047981881727185
0.026201332360489195,0.026319067443820333,1e-11,0.9955266240499421
0.0264251221577319,0.1377724122692415,1e-11,0.19180271088010456
0.00042818935427610367,0.0035964979524974005,1e-11,0.11905730517065077
0.00012178435606546362,0.0001217855780149945,1e-11,0.9999899663855869
0.3876230285759983,1.8266107736822519,1e-11,0.2122088811480027
1.1242394722351692,1.3228269636970114,1e-11,0.8498764412037432
0.029427612610359012,0.10793544662896593,1e-11,0.27264085645115327
0.02555718466952497,0.027340587984496036,1e-11,0.9347708499911422
1.5914378136380563,13.052853266929658,1e-11,0.1219226004531958
0.04067638745712397,0.05860232514892273,1e-11,0.694108763666892
0.04960063690623021,0.050023062578949645,1e-11,0.9915553816391642
0.10972449546886137,0.36717858124985114,1e-11,0.2988314162971233
0.14605954786459216,0.36855735628440844,1e-11,0.3963007259903419
3.052661351701101e-05,3.052675603398943e-05,1e-11,0.9999953314076915
0.15703959353603217,0.6306371414677282,1e-11,0.24901735595614044
0.038777288100863866,0.039840947018295776,1e-11,0.9733023686173058
0.0756858700819946,0.601293457262936,1e-11,0.12587176721748092
0.1186197295106224,0.297852798723876,1e-11,0.3982495045164529
1.3262267466344972,9.592889410234335,1e-11,0.13825102009615475
0.7728921842623816,1.003731243344041,1e-11,0.7700190557856964
0.5012819475658727,0.5162207144567679,1e-11,0.9710612796570638
0.03856923557802939,0.04054052371453369,1e-11,0.9513748724514479
0.1576538258102948,0.5801105813444041,1e-11,0.27176512699515437
0.00027284550693679774,0.00027284707102822757,1e-11,0.999994267516144
0.4250092209001907,0.4493287005275136,1e-11,0.9458759709789921
0.9449603692293308,1.562698880384616,1e-11,0.6046976683036686
0.3054573116108876,0.39536217811732793,1e-11,0.7726012464455817
0.01634999780667239,0.03306095983657492,1e-11,0.4945409294676495
0.0727318442362662,4.924694608950405,1e-11,0.014768802943451445
0.24845760842452372,0.6620248828424715,1e-11,0.37529950136880896
0.261998436361519,0.4698687255179973,1e-11,0.5575992232142799
0.7483424148438695,2.1732187251416053,1e-11,0.3443474907456027
0.9725598425527545,3.1961672046604215,1e-11,0.3042894129989938
7.44281631409332e-05,7.442847976951387e-05,1e-11,0.9999957458679575
0.31586462459050485,0.33969994419852473,1e-11,0.9298341962809089
0.5203840678873728,1.4986045439944404,1e-11,0.3472457560420312
0.12165642724566592,0.20841993293826183,1e-11,0.5837082160548578
0.0693217994778673,0.20308117965881406,1e-11,0.34135019106315606
0.39246850211622863,8.751787600642272,1e-11,0.04484438151668881
0.1628691912875193,0.19091135659411343,1e-11,0.8531142106636794
0.011277457315389802,0.1364937213484303,1e-11,0.08262253533700357
0.07296839146628252,0.08476898212120167,1e-11,0.8607911719637402
0.05737364129829316,0.06618321128657738,1e-11,0.866891167457284
7.437810402137597e-05,7.43788094188248e-05,1e-11,0.9999905161503077
2.736351130377697e-07,1.6435493905675104e-06,1e-11,0.16649034985391262
0.5002508802221456,0.5822832774295827,1e-11,0.8591194348401022
0.13789119141201667,0.7330458724971946,1e-11,0.1881071793532872
1.2457251069774022,2.2388970429997026,1e-11,0.5564012471553242
0.5277266462908575,8.852985372586714,1e-11,0.059610021261863155
0.049773241639032864,0.07584797271868259,1e-11,0.6562237572735139
1.3239494277421022,2.4620970066371894,1e-11,0.5377324387191367
0.8382519345528227,2.29263428228711,1e-11,0.3656282822904447
0.11537468799181197,0.16125367519537798,1e-11,0.7154856337508081
8.677970217508678e-06,8.678023584890777e-06,1e-11,0.9999938502838144
1.1960945047045952,1.9596813079494577,1e-11,0.6103515402492392
0.023150283507948323,0.043715169487334095,1e-11,0.5295709425227282
0.2216363672760193,0.27697448746201203,1e-11,0.8002049911056066
0.16639117652257063,0.391762364824178,1e-11,0.42472476037162626
1.2713051445554577,8.22678346975128,1e-11,0.15453246693921954
0.18401708921833518,0.1952398384914345,1e-11,0.942518138921777
0.1513384157156421,0.37333412520347026,1e-11,0.4053698965589106
0.03860895993233929,0.0923018919692443,1e-11,0.41829001669005966
0.032099346011073636,0.1227134240967315,1e-11,0.26157974359651665
5.941973070061572e-05,5.9420242296599956e-05,1e-11,0.9999913902070328
0.8438489299804708,0.9684519900277363,1e-11,0.871337906958406
0.6164136593913261,0.6957405741987098,1e-11,0.8859820488423502
0.8421047416671015,1.210159654467629,1e-11,0.6958625157914048
0.03883678609062979,0.09155828315548199,1e-11,0.42417556066094125
1.7206689312291275,10.3205209833298,1e-11,0.1667230689234036
0.20842554206696481,0.49468925223562643,1e-11,0.42132619846709185
0.8047234801144029,1.1649179136702437,1e-11,0.6907984422516126
0.09896439054275771,0.1300764386082855,1e-11,0.7608171902736425
0.09636358599036741,0.3122177630383843,1e-11,0.3086422279520349
0.0001581149254799149,0.00015811666365539944,1e-11,0.9999890070063183
1.3265982659667264,2.509903988987373,1e-11,0.5285454231665434
0.006917888334621211,0.007129261539133467,1e-11,0.9703513185268908
5.362039901021356e-08,5.511010670168505e-08,1e-11,0.9729685210094877
0.09031331676098883,0.09066819972373445,1e-11,0.9960859158577434
1.4567447646775138,9.769760615810585,1e-11,0.14910751879836612
0.18440131556996286,0.1922684510015744,1e-11,0.9590825463531346
0.7035232208973463,1.3729708567998504,1e-11,0.5124094349221171
0.49495518894021995,1.8786960397217431,1e-11,0.26345676920335054
0.22983749304153717,1.048635455380937,1e-11,0.2191776864516223
0.00015920077657054227,0.00015920251504011578,1e-11,0.9999890801375024
0.021184772480134142,0.035549749009831724,1e-11,0.5959190450057813
0.01762052893988642,0.0213466464134431,1e-11,0.825447173228571
0.7832150554593782,1.510638253880781,1e-11,0.5184663194165274
0.952041876079728,1.6555960990911482,1e-11,0.5750447688312134
1.6074451020618907,10.526545010694942,1e-11,0.15270395941201323
0.029611788269625672,0.055715481294680305,1e-11,0.5314822304595795
0.03213286976200411,0.033090929174964236,1e-11,0.9710476726750552
0.040750970054136304,0.05672670726476867,1e-11,0.7183736200998496
0.06192694570166376,0.06876011316633113,1e-11,0.9006230916441644
0.00019942260877904366,0.00019942341689721483,1e-11,0.9999959477267828
0.028142676477660562,0.030235229903938957,1e-11,0.9307908875531393
0.09747447787255184,0.130039597988763,1e-11,0.7495753553542577
0.012266614033740759,0.052940020322178066,1e-11,0.23170776964363818
1.1545083150899842,2.320862618967061,1e-11,0.49744793408056937
1.4093912569870708,9.319128873070687,1e-11,0.15123637371941087
0.023873920877419418,0.04108842026854432,1e-11,0.5810376919186732
1.2773683656584453e-06,2.451494017913381e-06,1e-11,0.5210571008228252
0.04530758390521651,0.058772614141639215,1e-11,0.7708961829743931
0.18426886502379744,0.23737499554470398,1e-11,0.7762774870240903
9.985166988707816e-05,9.985304021163306e-05,1e-11,0.9999862765865516
0.33858508971682316,0.49508844566201765,1e-11,0.6838880864288343
0.06969313615949643,0.1166939763474922,1e-11,0.5972299371474298
0.09816455867856964,0.21137901824184543,1e-11,0.46440067465095547
0.08610851767460183,0.18007451843870512,1e-11,0.4781826902617095
2.9222740419548455e-06,3.5018494725613507e-06,1e-11,0.8344944763766252
0.6500529063102606,2.38907595801878,1e-11,0.2720938629550056
0.015220128277226927,0.201540445891276,1e-11,0.07551897689775705
0.09686362494169187,0.17396704267999094,1e-11,0.5567929617558118
0.08760934693923993,0.09417888706107083,1e-11,0.9302440246764558
0.00017995233758609164,0.0001799537764818895,1e-11,0.9999920040811258
0.04486578431596303,0.04690218647559419,1e-11,0.956581935456446
0.2385442699627404,0.25025767504779817,1e-11,0.9531946219718513
0.15640144769163092,0.1704130846465638,1e-11,0.9177783972164287
0.01708771914107423,0.11838526156346676,1e-11,0.1443399196437425
1.13108646997757,7.455260535371169,1e-11,0.15171655834308914
0.15654777039915335,0.4726141521076966,1e-11,0.33123800821664806
0.9481425782779327,1.9698307610301151,1e-11,0.4813319991927151
0.5018366099583401,2.11297105169833,1e-11,0.237502832589676
0.29147262304898996,0.3143737303254053,1e-11,0.9271532412943327
1.1801226692130541e-05,1.1801232723378504e-05,1e-11,0.9999994889306817
0.1432796753459511,0.14945712309105025,1e-11,0.958667425029078
0.02916880621554778,0.08187674504650369,1e-11,0.3562526355802336
0.024825136621759582,0.056452796159454005,1e-11,0.43975034560980164
0.058340119322778224,0.11198380235532183,1e-11,0.5209692660521248
1.1279757570811109,5.422919008485082,1e-11,0.20800158647329978
1.001969016827339,1.35201777287423,1e-11,0.7410916017008203
0.03365397587579173,0.034830232281562096,1e-11,0.9662288670296054
0.2248552972990769,0.3164468478087591,1e-11,0.7105626074523755
0.03567891126576688,0.03839201153298597,1e-11,0.9293316458584613
0.00027771867731336483,0.00027772000572121795,1e-11,0.9999952167369086
0.033874686298591784,0.13112215135928978,1e-11,0.25834449745849003
0.694288187825538,1.1628328172156706,1e-11,0.5970662141166321
0.5932596596224451,1.4378123369765654,1e-11,0.4126127202872335
0.19200604236531169,2.021174408103992,1e-11,0.09499726574582311
0.9437064775728577,7.721659044150811,1e-11,0.12221550733811788
0.12538091625498515,0.12668157914270717,1e-11,0.9897328175372931
0.0466903979150532,0.0672564840188645,1e-11,0.6942140761024201
0.016821649110309506,0.15012077028678095,1e-11,0.11205410868978705
0.5420342427554963,0.6817648859334515,1e-11,0.79504570261544
0.0005433661569824136,0.0005433706850261887,1e-11,0.999991666749974
0.7902615038541377,0.9986075325347491,1e-11,0.7913634517138379
0.18368240801138924,0.208268640803534,1e-11,0.881949425044082
0.033516969383013955,0.07680922720097987,1e-11,0.43636644455897317
0.6299565973375402,0.7291230861953093,1e-11,0.8639921150004493
1.748281952939654,9.522211412941747,1e-11,0.18360041350936024
0.08923611919013598,0.11424040445570174,1e-11,0.7811257288111098
0.20975838487179696,0.3517421811049736,1e-11,0.5963412867141938
0.5929954463934809,2.449070259428679,1e-11,0.24213084296398069
0.12578478982715258,0.23544333922228525,1e-11,0.5342465420455045
9.419762846709124e-05,9.419768553575732e-05,1e-11,0.9999993941606341
0.027493887039099777,0.028366455043588305,1e-11,0.9692394413349243
0.03802229639020707,0.04442103282476915,1e-11,0.8559525515806075
0.29656542954313214,0.6006334531425079,1e-11,0.493754432077509
0.4785901010159917,0.6911359239939313,1e-11,0.6924688536667558
1.5445703141870326,7.674798649591281,1e-11,0.20125222624169928
0.5452491950040155,1.030856891267247,1e-11,0.5289281175913108
1.1638997763914762e-06,1.8515633763261828e-06,1e-11,0.6286038011298601
0.16655853064525253,0.8711727689296354,1e-11,0.19118886239969865
0.027032243689784508,0.08327659693508925,1e-11,0.32460792929440974
0.0002370790084670233,0.00023708098910044093,1e-11,0.9999916457518372
2.3492712151137497e-06,2.601536022917153e-06,1e-11,0.903032360274399
0.647411692457872,2.1218917653347815,1e-11,0.3051106107458439
0.8585201380773083,2.7019099148420245,1e-11,0.3177456559011533
0.01535560075237958,0.17439105899548452,1e-11,0.08805268366870334
1.0177553751161976,7.305177194575434,1e-11,0.13931973831818162
0.39646174821836244,0.4088734059464681,1e-11,0.969644252847957
0.07588269606191984,0.07603691156187174,1e-11,0.9979718337214891
0.45607469753824614,0.594180685992925,1e-11,0.7675690379873383
0.060480585131289656,0.06117216565355656,1e-11,0.9886945228294907
0.00014386761457782109,0.00014386978283951728,1e-11,0.9999849289986167
0.890441505966513,1.4321360656334683,1e-11,0.6217576160074212
0.014734483814125917,0.05920315675125356,1e-11,0.24888003651619356
0.20547539927865147,0.3899956968420846,1e-11,0.5268658114498419
0.0009886292117959271,0.012929974969393887,1e-11,0.07646025720359695
0.3357026862468477,9.052786735968487,1e-11,0.03708280069307669
0.06743005238855249,0.15261761435667373,1e-11,0.4418235252384803
0.8204267679247591,1.220745733077021,1e-11,0.6720701499867504
0.0026246473768000212,0.0034514434877975023,1e-11,0.7604491819377605
0.010064008487406316,0.050472924172019006,1e-11,0.1993942029811216
0.0006252376273628617,0.0006252431191775658,1e-11,0.999991216513168
0.21063799236382116,0.30909035475446367,1e-11,0.6814770798368929
0.05221911417105872,0.27878976184702947,1e-11,0.18730642698317984
0.009282942539520752,0.23020813059735962,1e-11,0.040324129801292186
0.028698189343851706,0.2545957102883022,1e-11,0.11272063190441858
0.9492387763909351,9.357055218639582,1e-11,0.10144631555663135
0.03672242041325311,0.04812429392086147,1e-11,0.7630744769708561
0.36832367764224666,0.3899661185254985,1e-11,0.9445017403945652
0.007445290468293351,0.15018248786081,1e-11,0.049574957602205184
9.841124500886431e-11,2.997165531756564e-10,1e-11,
9.751300065473255e-05,9.751386984976181e-05,1e-11,0.9999910864471833
0.02453885745305473,0.02521491629794122,1e-11,0.9731881384455878
0.08644942423915884,0.08706237928134909,1e-11,0.9929595877432957
0.47829756074025864,0.5270548855884205,1e-11,0.9074909915810235
0.6551407056194419,1.9393747749367747,1e-11,0.3378102644656704
1.7029782098572361,11.251279074494498,1e-11,0.15135863207923747
0.15738749951238404,1.637895772057661,1e-11,0.09609127894301892
0.8577361450675685,1.4540775525679195,1e-11,0.5898833549509072
0.40704094524284146,2.5420498890441823,1e-11,0.16012311441924137
0.7988021398457215,2.7487320346914883,1e-11,0.29060749820794274
0.000276716152008866,0.0002767185809333769,1e-11,0.9999912224018254
0.4754279110302322,1.186142866345918,1e-11,0.4008184212200808
0.012877381067749855,0.044501244052202404,1e-11,0.28937126010778436
0.03608221189745388,0.16770163514930578,1e-11,0.21515718594711178
0.39889280539201105,0.41805440254741916,1e-11,0.9541648239113218
0.24871320343692996,9.956408374759647,1e-11,0.024980213152710706
1.3504151480876487,2.851889596657424,1e-11,0.4735159277099688
0.47751804437012646,0.5584293020082587,1e-11,0.8551092191130478
0.10923812159220163,0.27887632143923297,1e-11,0.3917081272029206
0.9018568211752617,1.2404406196736706,1e-11,0.7270455408115529
0.00026890617034394497,0.00026890841122494266,1e-11,0.9999916667500749
0.0820712623993285,0.088852430533981,1e-11,0.923680555569506
0.04329841943656501,0.05610997602453834,1e-11,0.7716706101893448
1.2682214459340302,2.9038716771656654,1e-11,0.436734672508629
0.023897821428887845,0.06341594711983964,1e-11,0.3768424586283822
1.2293165016096526,9.48086246643947,1e-11,0.1296629400501494
0.040897374665175665,0.04454122976592113,1e-11,0.918191412318539
0.25963000115158186,0.28197597067201796,1e-11,0.9207522205981589
0.08896592002321606,0.08917358171214167,1e-11,0.9976712644604099
0.25444155409043284,2.052285627447517,1e-11,0.12397960141975398
6.262606551195489e-05,6.26261318773472e-05,1e-11,0.9999989402923297
1.0095464652938395,1.294542887368233,1e-11,0.7798478328873424
0.5665855103281126,0.8949903393770319,1e-11,0.6330632694007522
0.14835206281419544,0.15197432469109304,1e-11,0.9761653036836301
0.018666614819853704,0.025372488828274146,1e-11,0.7357029476372192
9.247758217338841e-08,1.6500428545359913e-06,1e-11,0.05604556385863932
0.12422572826789821,1.288492742479848,1e-11,0.09641166315676093
0.982294447978451,2.0225981028681304,1e-11,0.4856597297236241
0.04885127096190254,0.3642007655705869,1e-11,0.13413280690217144
0.10637099607439972,0.15948697181545995,1e-11,0.6669572747138246
0.0003183872384724727,0.0003183898916949983,1e-11,0.9999916667501237
0.0812811807432159,0.08779847228872764,1e-11,0.9257698753108203
0.2642501512691021,0.4234332003975335,1e-11,0.6240657346212226
0.601049905751893,1.0053284793014907,1e-11,0.5978641987437844
1.041571613033893,2.127198348070195,1e-11,0.4896448015667237
0.23950998507709603,2.304120879482857,1e-11,0.10394853291327853
0.1331145876617999,0.14298513390125414,1e-11,0.9309680246460387
0.10648690393503216,0.10754275088227082,1e-11,0.9901820723519104
0.04939747734325446,2.430440965778095,1e-11,0.02032449174400748
0.46441603549421206,0.5006037040145931,1e-11,0.9277119441382996
8.353709932143038e-05,8.353714494263425e-05,1e-11,0.9999994538812177
0.03183466047673573,0.0343653600065173,1e-11,0.9263589984419884
0.04696867593020481,0.13089360037730144,1e-11,0.3588309573181376
1.3045478260030619,2.1376081575826236,1e-11,0.6102838920105674
0.059256803000074465,0.059295528380820334,1e-11,0.9993469089187104
1.3226066086979564,9.784637913530558,1e-11,0.13517174783432787
0.12211027495542527,0.12936077991835856,1e-11,0.9439512890420946
0.04129401007904706,0.050818104923767954,1e-11,0.8125846121375846
0.11390299634759815,0.14983731544592546,1e-11,0.7601777701943974
0.011170475252759998,0.1305078719160309,1e-11,0.08559234848260426
8.217780051243338e-05,8.217786747929908e-05,1e-11,0.9999991850985216
0.02444476651480423,0.03477592607529334,1e-11,0.7029220864421807
0.0046160309252229635,0.040632502758693886,1e-11,0.11360439578719526
0.5136303261284618,0.7508547660193957,1e-11,0.6840608189136725
0.23649024967852858,0.8109280687660985,1e-11,0.2916291330726413
0.022471091023319612,6.797468495947617,1e-11,0.0033058028936384177
0.1371810066115307,0.1631352947242266,1e-11,0.8409032934499518
0.775850086482316,0.9401530565747114,1e-11,0.8252380620970319
0.8328190129890589,1.0357715470639812,1e-11,0.8040566622531623
0.06161204711206807,0.09082776059617945,1e-11,0.6783393833301193
8.710471487798912e-05,8.710499562689165e-05,1e-11,0.9999967768909175
0.003519538028926761,0.06694088574960796,1e-11,0.05257680697700318
0.3256905808744246,0.3942387848976462,1e-11,0.8261251641159092
0.20719842370126623,0.8021443981885202,1e-11,0.2583056419382616
0.04988042052014927,1.0151641939625746,1e-11,0.04913532295248406
1.8202577403637978,10.515703776480306,1e-11,0.17309899356760441
0.16573093875903558,0.16679392503323204,1e-11,0.9936269484995651
0.0702360295513451,0.10300518063584081,1e-11,0.6818689032705445
0.14431921587479976,0.1447728315499406,1e-11,0.9968667071695398
0.1725072710934727,0.5098029921970199,1e-11,0.3383802640114852
0.0003351141251915333,0.00033511898216506903,1e-11,0.9999855067191231
0.08139710387223895,0.08505937077823413,1e-11,0.9569445803268002
0.49670231237986073,1.4209633028595587,1e-11,0.34955323010826017
0.19946062283983174,0.303288517117876,1e-11,0.6576596593082007
0.6184022227689303,0.9096592888414996,1e-11,0.679817411150167
0.22666490728482003,6.774856669163726,1e-11,0.03345678268242966
0.05738022599085599,0.05903984136576193,1e-11,0.97188990795852
0.0062722885581372265,0.007952833923878255,1e-11,0.788685972594597
0.3476136865653918,0.5897289116793772,1e-11,0.5894465739783533
0.04775825221401244,0.05594451250666442,1e-11,0.8536717914616418
0.00016789177812869194,0.00016789280430382894,1e-11,0.9999938879147248
1.4371091588085043,2.907378850209877,1e-11,0.49429717723397576
0.22112387986435666,0.2477672533574518,1e-11,0.8924661224110316
0.021524567051112033,0.026269098028423584,1e-11,0.81938736639614
0.13318653615938114,0.23313661822445653,1e-11,0.5712810676148411
3.2581716706769925e-10,3.3949657393370294e-10,1e-11,
0.4645518434636344,1.182243965339465,1e-11,0.39294076103001696
0.9131307374551244,2.480231435182928,1e-11,0.36816352075135156
0.18438501476552552,0.2682759198810193,1e-11,0.6872961794234105
0.043549004277393076,0.04443812295160815,1e-11,0.9799919840182426
7.622171690508125e-05,7.622254401376313e-05,1e-11,0.9999891487657283
0.07290839714905097,0.0771547829348388,1e-11,0.9449627667363911
1.592879136318904,2.721057906765433,1e-11,0.5853896502380525
0.3995381734576194,1.4231852726746417,1e-11,0.2807351798313324
0.4805220542831976,0.6838994382226833,1e-11,0.7026209226490631
0.5598899705859072,8.899555810417171,1e-11,0.06291212533669835
0.7857108119861494,0.9272124068466769,1e-11,0.8473903133568336
0.8638434625935207,1.123790126336143,1e-11,0.768687535465258
0.06800811334676071,0.07884179902410683,1e-11,0.8625895678251382
0.48599298950691966,0.5326763366559144,1e-11,0.912360764057837
0.00013671856388306597,0.0001367194150706767,1e-11,0.9999937742009041
0.9193954031646184,1.2268655418268468,1e-11,0.7493856268842678
0.28698163681279587,0.2915124872529879,1e-11,0.9844574396010008
0.11677086539562698,0.23616611698466722,1e-11,0.49444377070910717
0.06411385975270774,0.06903083849160185,1e-11,0.9287712731536312
0.5636272701395969,8.494162057545834,1e-11,0.06635466410002099
0.1545500239971817,0.15570764380114985,1e-11,0.9925654272602923
0.06554524841027758,0.10989552270793827,1e-11,0.5964323822770528
0.026724793185993575,0.08969191030582707,1e-11,0.2979621361042338
0.4810049416905033,0.9397613066819034,1e-11,0.5118373551565227
0.00012285332428254388,0.00012285436515010456,1e-11,0.9999915276306266
0.46120395201332176,0.6411140977380038,1e-11,0.7193788962690949
0.10507705723475344,0.15305381832501058,1e-11,0.6865366600108059
0.043272311722409335,0.24899565373343335,1e-11,0.1737874178668808
0.04453736780649895,0.0546240646621805,1e-11,0.8153433487957704
0.23203915072175527,9.270035961249587,1e-11,0.025031094991618215
0.4955578737455402,0.5429934585267542,1e-11,0.9126405962423271
0.008431136001872121,0.12792327225390748,1e-11,0.06590775746525346
0.06845348089120905,2.501489890991378,1e-11,0.027365083959655704
0.5047377388624256,0.5971841858965122,1e-11,0.8451960898875729
0.00032420366412471346,0.0003242063662819123,1e-11,0.9999916653172798
0.05599998150297121,0.056064200842192345,1e-11,0.9988545392914474
0.14873650122942578,0.21006906932523234,1e-11,0.708036179277538
0.09160502784230161,0.12133594120801193,1e-11,0.7549702662730311
0.51000232648421,0.7053074829968949,1e-11,0.7230921814655625
0.3729190722053016,9.204857043606914,1e-11,0.04051329319278311
0.34114685577687903,2.327359110309773,1e-11,0.14658109883672923
0.05656698680976102,0.1472046927314999,1e-11,0.38427434452065146
0.10398991324813775,2.208557132676829,1e-11,0.047085000297048804
1.011442981879603,2.4819480057117347,1e-11,0.4075198108711213
3.50897131897824e-05,3.509034241946854e-05,1e-11,0.9999820682945006
0.05146050705958518,0.05521653085512325,1e-11,0.9319764618064633
0.31279146611649866,0.3212089982901446,1e-11,0.9737942205278992
0.16881286860292835,0.2664332977715096,1e-11,0.6336027441573782
1.1058720638841075,1.728164814505467,1e-11,0.6399112252499856
0.5574047054680784,6.637354591992251,1e-11,0.08397994980418384
0.22530424972971771,0.8652980046765124,1e-11,0.2603776369667542
0.14676646110162775,0.4694716329036422,1e-11,0.3126205095585641
0.08101534310531552,0.16704721741687464,1e-11,0.48498469090411545
1.0276391378517113,2.403656759174063,1e-11,0.4275315657818072
0.0002066914085215739,0.00020669276119821516,1e-11,0.9999934556167647
0.11344610525846473,0.15115104967804674,1e-11,0.7505479154799525
0.07946089307076017,0.10443305729908892,1e-11,0.7608787401788858
1.4740393031712173,2.3722654670910663,1e-11,0.6213635546356971
0.0018795732238333536,0.07959776059104469,1e-11,0.023613393264795175
0.3491689731677703,9.949722047594681,1e-11,0.035093339441796864
0.8891103992622729,1.619708073273272,1e-11,0.5489324983516736
0.01787448998419112,0.1350315706245156,1e-11,0.1323726733053783
0.07589788975736901,0.07673507070156699,1e-11,0.9890899827608958
0.1648495413032673,0.20218132566592886,1e-11,0.8153549333020689
0.0004913549164362615,0.0004913590110537404,1e-11,0.9999916667499998
0.024486803345544414,0.03981482111961393,1e-11,0.615017288963318
1.022207920529862,2.055012036471627,1e-11,0.49742186536530064
0.003257699764547108,0.07025566695222943,1e-11,0.04636920985693854
0.06363841373969024,0.07331111287412904,1e-11,0.8680595784837386
0.31215080631411235,10.51352108602077,1e-11,0.02969041520534557
0.024956241290300975,0.03482577926569649,1e-11,0.7166025230879172
1.0824293423590914,2.027636376787685,1e-11,0.5338379971629564
0.25824322483679585,0.2950966884650695,1e-11,0.8751139369948031
0.03792054314612695,0.057625438699401656,1e-11,0.6580521381179645
4.4519370719849524e-05,4.4519850914935564e-05,1e-11,0.9999892139107348
0.2056245551383545,0.2117886078016514,1e-11,0.9708952585916718
0.06555644639923938,0.06566032783071715,1e-11,0.9984178965456038
0.41780739836127306,1.683177144556691,1e-11,0.24822544656837867
0.4564848421288038,0.48917156240898174,1e-11,0.9331794347995038
0.3995016223565985,6.785906779172877,1e-11,0.05887225323854111
0.18996888677056875,0.22990178914953305,1e-11,0.826304516695209
0.3536642523869567,0.7381795554907332,1e-11,0.479103288293923
0.3611743081949648,1.5700899925750418,1e-11,0.2300341444776788
0.04890675350411288,0.050319752186332216,1e-11,0.9719196017304089
7.888613694953571e-05,7.888654884164001e-05,1e-11,0.9999947786776029
0.040222729427100465,0.04071357381279445,1e-11,0.9879439621795192
0.3654879749519018,0.8478914420617246,1e-11,0.43105515260678273
2.443103882082274e-10,2.48115904850074e-10,1e-11,
0.021541835168084847,0.021628308647065695,1e-11,0.996001838128356
1.443305604566422,7.858629742759896,1e-11,0.1836586850139021
0.14060240696042184,0.14486623878477656,1e-11,0.970567111701648
0.2663719846797958,0.635922700364179,1e-11,0.41887478545309104
0.8301365750387952,1.057271670626885,1e-11,0.7851686544732489
0.5997101704029764,0.6571098761063282,1e-11,0.9126482376988899
0.0004967220851562455,0.0004967262245000425,1e-11,0.9999916667500266
8.289348250424605e-07,3.1225894408636494e-06,1e-11,0.26546391728436536
0.028808323784504864,0.054871964856732444,1e-11,0.5250098818170945
0.023744270803152768,0.05053497625449556,1e-11,0.4698581569243439
1.263783873341729,2.212209531153459,1e-11,0.5712767509336173
0.024167461121444602,0.025327384083510044,1e-11,0.954202812329891
0.051328498132594,0.051612271549802496,1e-11,0.9945018227509194
0.0020200297672407,0.017400790072514372,1e-11,0.1160883936202105
0.1928469272745332,0.25966120760077493,1e-11,0.7426867072536778
0.1079467903209491,1.6227670150212636,1e-11,0.06652020242076133
0.0001545266244676291,0.00015452810629966394,1e-11,0.9999904105986261
0.23472146078017703,0.997114301588795,1e-11,0.235400756368827
0.03434269141700736,0.0400615412236082,1e-11,0.8572483825652036
1.0557504813300362e-06,2.5350329786570005e-06,1e-11,0.41646419996056516
0.8585377419548066,1.7934056399028802,1e-11,0.4787192160281707
0.35554910297576886,7.303072824351575,1e-11,0.04868486341669986
0.051028126495101286,0.0635888746235998,1e-11,0.8024694067500161
0.5770796049196424,0.7686106681862612,1e-11,0.7508087368620752
0.03496291688294704,0.04225033636389097,1e-11,0.8275180718520364
0.024136377815570837,0.1229531353549468,1e-11,0.19630550897212035
0.00028349644716985274,0.00028349874429985734,1e-11,0.9999918972127715
8.857975456854471e-11,1.0182645417127835e-10,1e-11,
0.9804393008333282,1.4428275104201809,1e-11,0.6795263423746365
0.11170453015030338,0.3718744862184369,1e-11,0.3003823448234327
0.16975415022311555,0.2068252718479718,1e-11,0.8207611608889575
0.9241522808189517,9.722671594650581,1e-11,0.09505126978961428
0.08707263324582888,0.14112374114668544,1e-11,0.6169949332290214
0.22115155858053978,0.2732715637927171,1e-11,0.8092739526615672
0.047400481682036893,0.04819155762774637,1e-11,0.9835847608035393
0.05266747669293475,0.05271860097436744,1e-11,0.999030242068496
0.00012247900985355842,0.0001224797209081617,1e-11,0.9999941945115649
0.40303225745038307,4.2638433505020075,1e-11,0.09452323275500533
0.29534374895460935,0.3083020589076722,1e-11,0.95796878555085
0.7715478553483547,1.457162951899162,1e-11,0.5294863243282258
0.7869889412221638,2.371761203775148,1e-11,0.33181626378300993
1.6036316755282196,8.828851029123085,1e-11,0.18163537591000656
0.47257112915556265,0.5685976129848014,1e-11,0.8311169768632048
0.37926140774784384,0.3889155595066996,1e-11,0.9751767407529257
0.36488739730957176,1.0397388310883808,1e-11,0.3509413964347315
0.10465517262991159,0.11073878378701149,1e-11,0.9450634100443006
7.264542237248706e-05,7.264592883463176e-05,1e-11,0.9999930283478672
0.0010581851256054994,0.03435491453313007,1e-11,0.030801564782966976
0.5733181748012419,2.0179918438997553,1e-11,0.284103316142898
0.7314387013166068,2.3787574676308703,1e-11,0.30748771628453786
0.2187026017633651,0.6863867895010506,1e-11,0.31862880391731424
1.3139567423793812,13.259714270160378,1e-11,0.09909389566080662
0.6890951629072642,0.7705740151764134,1e-11,0.8942621335985543
0.06266121069259831,0.0762652601722003,1e-11,0.8216219357426273
0.05737780706969987,0.10555648573425538,1e-11,0.5435744347737367
0.20562856661948883,0.20653846893533248,1e-11,0.9955945140847899
0.00022524983175077149,0.00022525192726451562,1e-11,0.9999906970219097
0.004806276168092522,0.1664002211289083,1e-11,0.02888383281876264
1.5088470276097583,2.929774393998829,1e-11,0.5150045104839431
0.702502091482554,0.7444360080005296,1e-11,0.9436702200493965
0.7763674732746851,0.9485634483635471,1e-11,0.8184665713338071
0.19849766151391549,2.4357174385035325,1e-11,0.08149453560420761
0.06280659839700832,0.08003698609898247,1e-11,0.7847196834640279
0.04847309494753625,0.05621610589302469,1e-11,0.8622634772991419
0.1250903363609589,0.12800044258215268,1e-11,0.9772648737575573
0.20030450522730903,0.20561989940676653,1e-11,0.9741494174698415
0.0002092609185750787,0.00020926341890897641,1e-11,0.9999880517392349
0.013216411976330153,0.0215557198498446,1e-11,0.6131278411667349
0.016790421262455103,0.026369494345771675,1e-11,0.6367365654528537
0.5183732097675109,0.6374381701430506,1e-11,0.8132133186363475
0.017127058182644487,0.27434394696421793,1e-11,0.062429145502081486
0.058843933111842744,10.093372674737815,1e-11,0.005829957439213575
0.0646727110657984,0.12050934601247333,1e-11,0.5366613727959693
0.037843973666241114,0.042156704764343765,1e-11,0.8976976231370349
0.035124410693250445,0.04245485140100871,1e-11,0.8273356173475125
0.08845019596540515,0.09693555237731183,1e-11,0.9124639391450695
0.00011376833018802659,0.00011377006328437031,1e-11,0.9999847666750489
1.4314201122305654,2.7741358206216673,1e-11,0.5159877543089411
1.2604243965857702,2.913604970869832,1e-11,0.43259961772013356
0.11554402818422585,0.1269478406463604,1e-11,0.9101693072991904
0.07895110168086268,0.10228506646000014,1e-11,0.7718732011748509
0.20750183787752774,8.703856662299529,1e-11,0.023840217725128125
0.19317174105449644,0.2775905066304699,1e-11,0.6958874184831104
0.5473303647136414,1.0539414757947685,1e-11,0.5193176066070501
1.1048646243789237,3.168149895693923,1e-11,0.34874127195832194
0.03656489048161146,0.036612299221807046,1e-11,0.9987051143685796
0.00023159527993709547,0.00023159551139718558,1e-11,0.9999990005847319
0.2644150877131021,0.7437638738356618,1e-11,0.3555094526835353
0.47259291966469036,0.6272754355328748,1e-11,0.7534057495224875
0.08408386856004443,0.10559372535505641,1e-11,0.7962960704086763
0.06539049073347362,0.10086677346914255,1e-11,0.6482857385487607
1.5228387770396303,9.17571749119186,1e-11,0.1659639999271408
0.3340453980296095,0.37791746339335186,1e-11,0.8839109868863653
0.055280275523953905,0.07773191896722614,1e-11,0.7111657123409181
0.06363613805907824,0.09420072944792114,1e-11,0.6755376357702141
0.6811916301577817,2.8791532859664484,1e-11,0.23659442985479165
0.00016987168017569868,0.0001698734048256699,1e-11,0.9999898474397861
0.09680697001992802,0.09845697770641687,1e-11,0.9832413331698144
0.031098066889818254,0.033176415566526965,1e-11,0.9373546345734335
0.004582901222289648,0.14599777271169853,1e-11,0.03139021326948249
0.003373822319506498,0.08757283317986579,1e-11,0.03852590120702166
1.0835539080815269,11.211267400336448,1e-11,0.09664865437506286
0.1001085475702868,0.1736961883223004,1e-11,0.5763428002491988
0.029685042812765634,0.03047953104260253,1e-11,0.9739337121451638
0.024728849099076397,0.04105410539427328,1e-11,0.6023477764668542
0.4621594081258833,1.0916807609045318,1e-11,0.42334666385707187
0.00010698883804209224,0.00010698916208566233,1e-11,0.9999969712486407
0.3900315595789948,0.4908660778649777,1e-11,0.7945783527666799
0.03202843494958094,0.04132034893228991,1e-11,0.7751249874986469
0.41225009027894,0.7503016923870466,1e-11,0.5494457688978247
0.02854042725889291,0.04675835940197826,1e-11,0.6103812799232947
1.3648931090840983,9.338519909727314,1e-11,0.1461573271008803
1.107024233851143,2.749521983162955,1e-11,0.4026242527356193
0.3955381621446377,0.5099636414999149,1e-11,0.7756203186981591
0.07482563722831492,0.08744524573494115,1e-11,0.8556855961629058
0.475596504234783,1.5543713762550944,1e-11,0.30597353470354366
0.00013115645916410564,0.00013115817427816065,1e-11,0.9999869233155734
0.022368166988701872,0.07423902464425504,1e-11,0.3012993111896012
0.018367711144838816,0.08276013031258456,1e-11,0.22193912788034617
0.036374573508579505,0.05099784351328997,1e-11,0.713257090941509
0.5219733393565109,0.7228017658755588,1e-11,0.722152828063755
0.2151163743109241,9.595174775603974,1e-11,0.02241922417691276
0.2533939216172158,1.6901631745711914,1e-11,0.14992275623417484
0.010497962500318314,0.030603949324896764,1e-11,0.3430263979615881
0.24720791594447855,0.25838754443139483,1e-11,0.9567330982941996
0.055258361992377054,0.5562701878679244,1e-11,0.09933727026460222
4.465133622748647e-05,4.465182920153001e-05,1e-11,0.9999889596002594
0.056451488211546164,1.2197301023543052,1e-11,0.04628195049264122
0.3408754743021782,0.5542561373366339,1e-11,0.6150143432604761
0.1886039572451146,0.19749076225042117,1e-11,0.9550014142229196
0.050637001899000784,0.09334162579053189,1e-11,0.5424911069433842
1.3032502035873579,8.999232820691562,1e-11,0.1448179227667995
0.22883214331819476,0.24072266607355364,1e-11,0.950604889230806
0.040652030021658306,0.057899548733828445,1e-11,0.7021130718745466
0.006709079264333511,0.05318948053607205,1e-11,0.12613545379115984
0.04549818812590038,0.049997820325126466,1e-11,0.9100034327503516
0.00018630838469008374,0.00018631000071529978,1e-11,0.9999913261488388
0.0026071337357253042,0.03831416561115271,1e-11,0.06804620938858198
0.03512765368499597,0.06852091359952937,1e-11,0.5126559445821114
0.05515246956379062,0.06421057856463436,1e-11,0.8589312041204262
0.10248355844962462,0.10972843038945355,1e-11,0.9339745231558031
1.0501784214353451,9.174516978053203,1e-11,0.1144668895318987
0.21573570479855952,0.2787501007946224,1e-11,0.7739394683035804
0.6133954645081447,0.6797625309820495,1e-11,0.9023672776167515
0.11629533508574641,0.14874518495277297,1e-11,0.7818426870266121
0.5147667674755813,0.578283177040027,1e-11,0.8901638296144844
0.00013157979153304364,0.000131580326730143,1e-11,0.9999959325446846
0.04752423775839279,0.3417263818176132,1e-11,0.13907102374014982
0.3004445683562951,0.33561343503730745,1e-11,0.8952101942012456
0.02520435947500945,0.4832792228931053,1e-11,0.05215278928013073
0.1734606646206582,0.19475888277151918,1e-11,0.8906431488629615
5.113984290689892e-11,3.322778893250271e-10,1e-11,
0.35192579052713513,1.26403108214421,1e-11,0.2784154563115283
0.018540661924815544,0.17564398241143284,1e-11,0.1055581960182697
0.0008816566459263069,0.02069158302887434,1e-11,0.04260943421757473
5.511606910110202e-11,1.9113929749698803e-10,1e-11,
0.00024919247730287417,0.0002491944378394526,1e-11,0.9999921325026537
0.01623408018785042,0.04390451141428381,1e-11,0.3697588166889122
0.04609591872247465,0.04665884565182307,1e-11,0.9879352581169906
0.021062994359432995,0.023239022157681727,1e-11,0.9063631944802187
1.3637970054389725,2.1003413147585444,1e-11,0.6493216106620057
1.134544321416885,8.378111355495,1e-11,0.13541767031692234
0.46857785839463156,3.7696781839851656,1e-11,0.12430181981722063
0.5314005802916307,0.6099987674829636,1e-11,0.8711502524576363
1.103340225555741,2.44164647881829,1e-11,0.45188369206083284
0.16466840221471662,0.2989334481292259,1e-11,0.5508530518924472
0.00014154920224656716,0.0001415499795319477,1e-11,0.9999945087566731
1.4229265734356156,2.7611027512303052,1e-11,0.5153472006072868
0.1385810502742652,0.2763947662567755,1e-11,0.5013881129193345
0.02380231515305669,0.6112059718111663,1e-11,0.03894319795751354
0.011829219269475257,0.06323764715070099,1e-11,0.1870597626961858
1.5244450548993171,8.594131122064288,1e-11,0.1773821033502162
0.09813223916472343,0.10649509956768596,1e-11,0.9214718758242272
0.10556104609371499,0.10898724168514047,1e-11,0.9685633332998406
0.8942434115869388,2.823849031276888,1e-11,0.3166753610700569
0.15942759683890734,1.0414244691835164,1e-11,0.15308608694771655
0.0003415258129196457,0.0003415288856182506,1e-11,0.9999910031076892
0.08042014862105928,0.15669291259986132,1e-11,0.513234116889665
0.20644863628733337,0.7731631917876006,1e-11,0.26701819031246365
0.049562190516583386,0.06727592548469163,1e-11,0.7367002409778972
0.14565163938015865,0.16597204927920242,1e-11,0.8775672772175015
1.366725643697464,10.086029512720946,1e-11,0.13550680592136768
0.2830425003920695,0.31534122106505935,1e-11,0.8975753294672308
0.3783089003850114,2.753037239375554,1e-11,0.137415104661214
0.08402382481064638,0.2575495037816571,1e-11,0.3262433962283201
0.07480759180250499,0.07492581580173055,1e-11,0.9984221192927895
0.00012073626245921954,0.00012073738032936776,1e-11,0.9999907413085726
0.20315489126276554,0.22502934480867257,1e-11,0.9027928843480151
1.2205776876816852,2.4248287391748202,1e-11,0.5033665544961551
0.05305617901974376,0.05993644915832498,1e-11,0.8852072447534111
0.6485230771142237,0.8847696744652405,1e-11,0.7329852003643712
1.1934228547031294,9.688132986292032,1e-11,0.12318398770864639
0.4775066333833281,1.2526888958340328,1e-11,0.38118533258443793
0.09207231053846751,0.7581379495257938,1e-11,0.12144532613894032
0.009498238919703028,0.04160280643059815,1e-11,0.22830764880124138
0.036672314496956564,0.13519235066775542,1e-11,0.2712602770483762
0.00032173708755534026,0.00032173941684904837,1e-11,0.9999927603097845
0.013688892748277155,0.034942357796443654,1e-11,0.39175641289067153
0.5859242131503076,1.5592625669150704,1e-11,0.3757700759209091
0.1043682968792487,0.10518797379748625,1e-11,0.9922075034944999
0.6604466342750416,0.9063447071798605,1e-11,0.728692548257998
0.6438331104988835,6.978455237843806,1e-11,0.0922601189740975
0.09730239632689432,0.17568928885219817,1e-11,0.5538322624138557
0.3977559063706955,0.4310695142673972,1e-11,0.922718710569644
0.9763261732695137,1.3402596273604437,1e-11,0.7284604813414592
0.01692322270218686,0.06889429616374813,1e-11,0.24564040340819654
9.578405243675629e-05,9.578445321493261e-05,1e-11,0.9999958158327069
0.008806485048447964,0.06600404067598896,1e-11,0.13342342314584385
1.3860338317337486,2.8655535956754843,1e-11,0.4836879805094083
0.03257162822451526,0.06086156586948774,1e-11,0.5351756524694459
0.037417090972254825,0.05057611485692683,1e-11,0.7398174232659596
0.9393919762600061,9.863597802840674,1e-11,0.09523826853417171
0.7265755585241466,0.7802975649261233,1e-11,0.9311518979210668
0.4999338675138266,0.7314594264773419,1e-11,0.683474502367785
0.04249286142640505,0.050227288673474466,1e-11,0.8460114521141961
0.015545385906946015,0.024483229345262914,1e-11,0.6349401742607039
3.069687420870698e-05,3.0696878360000936e-05,1e-11,0.9999998647649476
0.15350000036217126,0.7652881841427115,1e-11,0.2005780352327333
0.4941812005465516,0.532003927681278,1e-11,0.9289051731261166
2.0232378374326326e-06,2.743524336322338e-06,1e-11,0.7374594096528989
0.048198802985984196,0.07827126772416308,1e-11,0.6157917763111018
0.6318713101378163,9.869238918083836,1e-11,0.06402431994832053
0.01867070491747298,0.03566240752576762,1e-11,0.523540226609283
0.6258724783431152,0.6923031091521162,1e-11,0.9040440091474375
0.013507842121698579,0.050164472600065124,1e-11,0.2692710881142812
0.06693904892996307,0.06827741700349799,1e-11,0.9803980857467652
0.00013391243721422162,0.00013391299835674488,1e-11,0.9999958096485767
0.044057994610809816,0.0497778348697265,1e-11,0.885092626590006
1.2645882307989347,1.731175799141963,1e-11,0.7304793836799897
0.13642382305388612,0.13873143430719628,1e-11,0.9833663418472243
0.058810030047722575,0.05947886161081017,1e-11,0.9887551384647545
0.2108372006047664,7.2143487200508645,1e-11,0.0292247032665313
0.2671510275218988,0.49595492903261096,1e-11,0.5386598900085386
0.2889407678113276,0.7333770061960805,1e-11,0.3939866744800484
0.3557256328075531,0.37446289787605064,1e-11,0.9499622921929647
0.5429981181379785,0.9166428397218773,1e-11,0.5923769810962926
0.0002340833926578901,0.00023408583070477995,1e-11,0.9999895848164645
0.03103452607299966,0.05382057199825601,1e-11,0.5766294359340012
0.10233445684719951,0.4092711445329872,1e-11,0.2500407326882811
0.013845836302828762,0.1327560546626962,1e-11,0.10429532828470968
0.14828311452746779,0.18365814475434297,1e-11,0.8073865426758392
1.4109571103959713,9.843855671025429,1e-11,0.14333378683608763
0.1467623801933009,0.23866766319087504,1e-11,0.6149236064540814
0.35680679532246995,2.7266404671667406,1e-11,0.13085949527230073
0.03496558610396939,0.03556524598742992,1e-11,0.9831391610879769
0.0419229004336386,0.04290619087508071,1e-11,0.9770827840601158
1.3607705001181891e-05,1.360779662462284e-05,1e-11,0.9999932668422761
0.40697017564434584,0.6726923976013279,1e-11,0.6049870298750385
0.4955393020270114,1.8765338259539874,1e-11,0.2640716064764196
0.03757948724447456,0.03770458621217892,1e-11,0.9966821286142652
0.006733767459303129,0.01042331630969978,1e-11,0.646029273143787
1.666426879876263,10.631058352715382,1e-11,0.156750797953303
0.22203862707135963,0.3834696111591242,1e-11,0.5790253532742721
0.21483169940377483,0.2407954277973112,1e-11,0.8921751603382135
0.13418981044590853,0.13669214412781308,1e-11,0.9816936540291242
0.09445963949486622,0.7317433797037276,1e-11,0.12908847844050406
6.945828600384062e-05,6.945872835246196e-05,1e-11,0.9999936314897806
0.032377889008464826,0.03859417689969289,1e-11,0.8389319739248661
0.12575778881395894,0.13996913120299886,1e-11,0.8984680245787262
0.6091091952929885,2.083390168810399,1e-11,0.2923644377379324
0.267488508204948,0.3906993604451729,1e-11,0.6846402510108149
0.9114313052642135,7.804857213527879,1e-11,0.11677744772632896
0.055901335817393524,0.1002024259061752,1e-11,0.5578840563175275
0.43623542642422536,0.5543775859076693,1e-11,0.7868922509014996
0.8542176615927666,2.0072644985476584,1e-11,0.4255630796095031
0.1975085509827408,0.6417120302571458,1e-11,0.3077837747620151
0.00017682779291052804,0.00017682852633897714,1e-11,0.9999958523182639
0.10210356711660865,0.4940317283633539,1e-11,0.20667410867488414
0.41503235045579007,0.46189419195271725,1e-11,0.8985442070643653
0.02818141880003685,0.3152163976732793,1e-11,0.08940340352866664
0.025721982653482148,0.10729275530486306,1e-11,0.23973643495681854
0.7285673424175786,5.574034593677103,1e-11,0.13070735930559665
0.43049745121995237,1.2920574617476992,1e-11,0.33318754309707
0.74248708626049,0.9857047511931566,1e-11,0.7532550546821842
0.3118033320845578,0.368548636008311,1e-11,0.8460303515477573
0.015150903755580666,0.026504705629600528,1e-11,0.5716307121955014
0.00019193632340119469,0.00019193745893092082,1e-11,0.9999940838555826
0.1476955674565602,1.2444700733615097,1e-11,0.1186814939290675
0.20515778517078298,0.7625010821166281,1e-11,0.2690590085476143
0.029308448827469618,0.04474908494018539,1e-11,0.6549507965726058
0.03144700910405694,0.14274991871149476,1e-11,0.22029440988763738
0.6180908259263017,7.875505808680283,1e-11,0.07848268301002963
0.059103250586244056,0.1732616507459233,1e-11,0.3411213637397178
0.0798391707841569,0.09437557038140539,1e-11,0.8459728557029991
0.05696017157744165,0.38897288841208605,1e-11,0.1464373823326649
0.41991448092094286,0.43886900176246296,1e-11,0.956810527138166
0.0001277849622500917,0.0001277855339371651,1e-11,0.9999955261988132
0.1136120087271825,0.16673250980094184,1e-11,0.6814028581637815
0.154908537857927,0.3256981795357827,1e-11,0.47561990699093865
0.232955762770387,0.2398137440070775,1e-11,0.9714028849135181
0.12159465088233004,0.14952576835210651,1e-11,0.8132019799824491
0.021660748698876877,0.03290314949817302,1e-11,0.6583183989751379
0.005112733286196659,0.22056707549683383,1e-11,0.023179947753671198
0.029656710127274732,0.06406634741124492,1e-11,0.4629062109145524
0.21858846368386586,0.24219090577109104,1e-11,0.9025461257016263
0.36763356249362544,1.62082546754572,1e-11,0.22681872283898777
0.000152126510804404,0.00015212801067241265,1e-11,0.9999901407505296
0.08661296537980147,0.34284534652209936,1e-11,0.252629841000973
0.21203779235469633,1.6359117798109788,1e-11,0.12961444191030655
0.09932310389126803,0.211191212527022,1e-11,0.4702994158838858
0.041939438505900796,0.1023930526250938,1e-11,0.4095926181579878
1.6480573901150746,11.746244575136373,1e-11,0.14030504639785613
0.5325689448488802,0.5581850240153315,1e-11,0.9541082650656214
0.18377877946785373,0.2656856780713622,1e-11,0.6917150401253147
0.10031577028508755,0.10066638457492662,1e-11,0.9965170668310025
0.03897041915420493,0.04199156790125279,1e-11,0.9280534426780067
7.740791260052216e-05,7.740831358588137e-05,1e-11,0.999994819867006
0.4631526794909245,0.7180183442507608,1e-11,0.645042961923509
0.18145881605986372,0.18529863865224827,1e-11,0.979277653520214
0.2210984681695728,0.9350572829757438,1e-11,0.23645446348050989
0.4289982452277879,0.615591758382931,1e-11,0.696887571001118
0.2750224701059075,11.116290407175178,1e-11,0.02474048986057346
0.06042400872844303,0.06056616869459921,1e-11,0.9976528156028325
0.02879414753861903,2.748115200111325,1e-11,0.01047778038469879
0.020584172392312867,0.6781084687214308,1e-11,0.0303552799320206
5.358270341508382e-07,9.376014997954975e-07,1e-11,0.5714869635636342
0.00021926913723842615,0.00021927043962227365,1e-11,0.9999940603765389
0.973265311787299,2.315150236223978,1e-11,0.42038969936339843
0.3013409129042108,0.31328332487704963,1e-11,0.9618798352018074
0.005052983633318905,0.03525621647075469,1e-11,0.14332177809012472
0.4185122775896628,0.815733158270597,1e-11,0.5130504667444606
0.8103405991125058,7.884113491357165,1e-11,0.10278144778113975
0.2613123585560851,0.518043580309779,1e-11,0.5044215747250953
0.010825402001836062,0.1817727355355301,1e-11,0.059554596952853145
0.08560409282752274,0.09459641931215572,1e-11,0.9049400965700457
0.031232426546324642,0.034560877458805525,1e-11,0.9036931016451132
0.00020407309826871148,0.00020407502238541832,1e-11,0.9999905715227452
0.0014402815959750426,0.028562319185697366,1e-11,0.05042593308376255
0.2208894626475855,0.5768450417379013,1e-11,0.3829268636549192
0.025515329117395385,0.12477062814637317,1e-11,0.20449788140412647
0.020588169826486577,0.05607380523688882,1e-11,0.3671619883742508
1.2642446553730677,11.14208670489489,1e-11,0.11346569891774991
0.01419089123739523,0.05793569496179013,1e-11,0.2449421077412541
0.03759176821922488,0.12952875759895408,1e-11,0.2902194764780823
0.867707441951242,1.4493516319811344,1e-11,0.598686628423748
0.058751656695608764,0.05906055387357731,1e-11,0.9947698225345167
0.0001257055091047068,0.00012570568296302027,1e-11,0.9999986169414987
0.08239948456168565,0.1769231394021505,1e-11,0.4657360526165527
0.04677177653285784,0.046988663338947426,1e-11,0.9953842737656721
1.2755752168887717,3.982036442808668,1e-11,0.3203323814859576
0.023391132281410223,0.31777034514515445,1e-11,0.0736101799264037
1.476212780145324,9.309581358107472,1e-11,0.1585691905318308
0.08646514494458053,0.11123647515034668,1e-11,0.7773092848161061
0.020039319782186427,0.030160136757984873,1e-11,0.664430666975707
0.03943924829990599,0.0460012937283023,1e-11,0.8573508504531687
0.26095802998651124,0.31226736106015035,1e-11,0.835687819247444
0.0006284030476611023,0.0006284082843444566,1e-11,0.9999916667499701
0.34750328649091966,3.062594736162511,1e-11,0.11346695087915805
0.18071123921768614,0.22484930710704196,1e-11,0.8036993377598295
0.12926247034251437,1.383953711691976,1e-11,0.0934008625075201
0.3297500882381261,0.3557587882026158,1e-11,0.9268923191022427
0.44222496925276666,8.538911792864692,1e-11,0.05178938253259623
0.8354802135931875,1.5258372270626013,1e-11,0.5475552691826608
0.8353815581158789,0.9400450603077958,1e-11,0.8886611859248031
0.22167253407650855,0.2898779495798164,1e-11,0.7647098870328948
0.02853493236547666,0.03066036533064604,1e-11,0.9306781591723259
0.00028381610957784424,0.0002838186994943423,1e-11,0.9999908747503153
0.02504553524627039,0.16969389023661213,1e-11,0.14759243960609442
0.07807607561458706,0.1467295644793333,1e-11,0.5321086850604262
0.22222559666592023,0.2889202117590247,1e-11,0.7691590536811199
0.955851558878985,1.1929140398959865,1e-11,0.8012744648074795
1.2768158062604016,8.011248863986202,1e-11,0.15937787328018282
0.37671878133099634,2.2233962917352916,1e-11,0.16943393435138773
0.014965110449888271,0.01658078756602703,1e-11,0.902557275418619
0.04896169116935719,0.04981933315989363,1e-11,0.9827849564388212
0.4414431787843843,1.8056529421789282,1e-11,0.24447842022824354
0.00019973941346432386,0.00019974084672451609,1e-11,0.9999928244011391
0.9368114790640589,1.4687044787357664,1e-11,0.637848861106796
0.17260566082661927,0.19628551002759811,1e-11,0.8793601769297723
0.15227037474929087,0.1788599874254532,1e-11,0.8513383956976707
0.061304984137262555,0.06466314119315437,1e-11,0.9480669049797517
1.451880329760974,9.150541982628452,1e-11,0.15866604759775418
0.8235668372522847,2.3034757057464,1e-11,0.35753224364284
0.050631996250895164,0.05206224642607571,1e-11,0.9725280741158301
0.2755305241529763,1.4133139958647887,1e-11,0.1949535099483556
0.026694509631794917,0.02769785371896161,1e-11,0.9637753850046578
0.00015231096766100426,0.0001523128730334518,1e-11,0.9999874904043919
0.15158518161238482,0.552472820712611,1e-11,0.27437581710691505
0.21468476272760434,0.2924510169741075,1e-11,0.7340879335926935
0.26767716954274845,0.39105775902484874,1e-11,0.6844952270228184
0.01744498010742741,0.017519008259305684,1e-11,0.995774409670767
1.3116813243178702,8.40773873311774,1e-11,0.1560088111624129
1.0460329946303175,1.573748079248893,1e-11,0.6646762645324787
0.4317163868542963,0.4568571461075712,1e-11,0.9449701958971759
0.21446801487082925,0.45220661764601966,1e-11,0.47426996090249945
0.9433909870806777,1.5077312101258378,1e-11,0.6257023670697516
9.433091843688294e-05,9.433133563810268e-05,1e-11,0.999995577278569
0.17385396612441026,0.20433970075323754,1e-11,0.8508085579236404
0.03600395670694048,0.03696670064264147,1e-11,0.9739564548914474
1.0636787312420994,2.193996815567868,1e-11,0.4848132520952586
0.001937138556889139,0.036931345671435106,1e-11,0.05245242277720297
0.15815849566741125,5.934761480232891,1e-11,0.02664951172750498
0.01967547421670766,0.0828087166663257,1e-11,0.23760148700274117
0.9882130571893415,1.3880488174263443,1e-11,0.7119440215522392
0.5382226494495933,0.5965263249475545,1e-11,0.9022613536743962
0.08912923189665743,0.0919071068245393,1e-11,0.9697751890592625
7.435747250595996e-05,7.435862624720475e-05,1e-11,0.9999844840968288
0.1667771201773534,0.2126306422412273,1e-11,0.7843512977219269
1.0814339650374984,1.3434020293501234,1e-11,0.8049965248010283
0.03193210286511168,0.11425758191310963,1e-11,0.27947469507446204
0.43688223388882347,0.45489488921679466,1e-11,0.9604025990290107
1.7677251875112872,10.680471771414442,1e-11,0.16551002852163174
0.048739574082530844,2.5200750147365447,1e-11,0.01934052510243478
0.9364546739228746,2.1842582827726074,1e-11,0.42872891054540385
0.0014904022666977863,0.019428053917543542,1e-11,0.07671392477205101
0.06342531432357933,0.09153378394133692,1e-11,0.6929169929676235
3.4043069515311643e-06,3.4043081174198457e-06,1e-11,0.9999996575255115
0.1770440237695512,0.25358319924770834,1e-11,0.6981693751588363
1.0120793135864627,2.658096876850722,1e-11,0.3807533586908093
0.050642941704125595,0.06090295656133198,1e-11,0.8315350282399822
0.22314923698296174,0.25656442054454276,1e-11,0.8697590901705728
1.487291666695105,9.237041976132225,1e-11,0.16101384734833374
0.046304103113262496,0.08740807862851463,1e-11,0.5297462641874956
0.2804864094599814,0.41391169397227506,1e-11,0.6776479465177158
0.6953779367912176,1.3244738601959654,1e-11,0.5250220164317411
0.08302527810524829,0.1590483534610002,1e-11,0.5220128111895649
1.898156872360868e-05,1.89816904787657e-05,1e-11,0.9999935856525974
0.4947025916889927,0.5595153812578634,1e-11,0.8841626311985149
0.13099826613390625,0.1689319998223994,1e-11,0.7754496855043839
0.46966191758969145,0.7223594050045785,1e-11,0.6501776184207286
0.26057139023188086,0.26727058340568194,1e-11,0.9749347904717498
0.3606546929203783,6.6825092585331936,1e-11,0.053969950353580466
0.08910854429450246,0.36000992353072325,1e-11,0.24751691125785852
0.042624042325952766,0.06698173899078898,1e-11,0.6363531757784645
0.04058637456570194,0.04215054314556692,1e-11,0.96289090333989
0.18672762498170506,0.1882240757133914,1e-11,0.9920496316636721
0.00027539272685765003,0.0002753946310539054,1e-11,0.9999930855723363
1.0598918140701303,3.9065530914681683,1e-11,0.2713112529776985
0.05163086650108739,0.07737503840707984,1e-11,0.6672806574835012
0.08070322843621569,0.29477955044683096,1e-11,0.27377485417114117
0.5656499246188136,0.8795855302008372,1e-11,0.6430868917200785
1.8599294454433139e-10,1.8688270593342272e-10,1e-11,
0.008928857040734735,0.1435738210666065,1e-11,0.062190007721480624
0.2140318928880253,0.44784638197639715,1e-11,0.4779136362416911
1.4774036846915115,3.060987848013852,1e-11,0.4826558477356052
0.18709695369861312,0.18877572752371433,1e-11,0.991107046191146
0.00021517891655411738,0.00021518122740828198,1e-11,0.9999892608932832
0.07964631900695976,0.39258638997184553,1e-11,0.20287590461980004
0.17156546665318398,0.9317194661921685,1e-11,0.18413854478575245
0.10805098852235047,0.15468544569706077,1e-11,0.6985207175467548
0.8400947815765669,1.1570715191757321,1e-11,0.7260525971419889
0.6822753071802793,10.686663229600455,1e-11,0.06384362382548736
0.22939339808779585,0.33844840628102246,1e-11,0.6777795192137043
0.11143330379447586,0.11215825740394726,1e-11,0.9935363331577057
0.6323888164800652,0.804843242225101,1e-11,0.785729174704553
0.3449932622716073,0.3876238250343526,1e-11,0.8900207881727414
3.544057306639616e-05,3.544094612009084e-05,1e-11,0.9999894739352213
0.7180585091405165,1.2688471604619629,1e-11,0.5659141081098256
1.2743260984364637,2.584416125581647,1e-11,0.4930808494122303
0.5211983539080011,0.7568728210353044,1e-11,0.6886207820160182
0.028612413702185497,0.04054782920539656,1e-11,0.7056460052953324
0.8962428506480219,6.298846531801527,1e-11,0.14228682126530368
0.7084429641379772,2.932455006897198,1e-11,0.24158698512737756
0.0024821636736989134,0.04341978468517495,1e-11,0.05716665091032595
0.16536973258235896,0.18935859460229615,1e-11,0.8733151665477861
0.5171107785771736,0.6275751756283252,1e-11,0.8239822074852543
0.00014655814635661783,0.00014655936357899177,1e-11,0.99999169468027
0.7290448623091353,1.0777138308258107,1e-11,0.6764735140779405
0.02279239378390228,0.09711400325840483,1e-11,0.23469729409934184
0.35290319203312265,0.3613590656727,1e-11,0.9765998021280136
0.020778979677293183,0.059144907087679645,1e-11,0.3513232279913685
0.5270743122792118,7.36600755967262,1e-11,0.07155495130969393
0.15589096205534814,0.16634440035910986,1e-11,0.9371578587485092
0.7854883519173351,2.786645064958916,1e-11,0.2818759955455309
0.016359438544017803,0.051878717711059785,1e-11,0.31534007133970104
0.8179384962905,1.7338077594874606,1e-11,0.47175847023103346
0.00029922731486805226,0.00029923015848954364,1e-11,0.9999904968753627
1.1814015390274955,1.5689447509800825,1e-11,0.7529911670181515
0.6894478226647587,0.8754161821283356,1e-11,0.787565773559902
0.4182557812318314,1.1013305175053851,1e-11,0.3797731694380168
0.022075262782831173,0.03334382367847095,1e-11,0.6620495296430107
1.8640214514024942,13.202277840436993,1e-11,0.14118938216049506
0.06315281562347538,0.07927620786870276,1e-11,0.7966175138960867
0.03327987843045184,0.03547404313702777,1e-11,0.9381473180798593
0.1347939220179781,0.22150321935256537,1e-11,0.608541593264283
0.8556086122645492,2.350426408706424,1e-11,0.36402271906715017
5.2908687319752696e-05,5.290899282348403e-05,1e-11,0.9999942258637893
0.0725914225394351,0.12031152215101322,1e-11,0.6033621821218372
0.33034072893547056,0.4400443624135132,1e-11,0.7506986957488772
0.7933952766815465,0.9407940226166356,1e-11,0.8433251674738237
0.029444555459166275,0.09280015573848471,1e-11,0.317289935828798
1.2154376264664886,11.131116880015611,1e-11,0.10919278268011358
0.555154525773929,0.8109161983611792,1e-11,0.6846015986557776
0.07578998870210614,0.07595456704564164,1e-11,0.9978332001624522
0.054047422478825526,0.08028798433445293,1e-11,0.6731695025955816
0.0023780081897122624,0.09255172477367239,1e-11,0.025693828997001247
0.00020944257933227102,0.00020944414780526391,1e-11,0.9999925112589235
0.05415760282679207,0.1449927769687856,1e-11,0.37351931564460794
1.106398078029543,1.5601140807105935,1e-11,0.7091776759848267
0.20155250512461279,0.20715850078341347,1e-11,0.9729386163850364
0.03937269071632823,0.1288970032322885,1e-11,0.3054585423167187
1.2314937817426297,8.982819649708219,1e-11,0.13709434562483186
0.6036378684034074,1.6672294100432297,1e-11,0.3620604727622671
0.1876468286074741,0.1917361813540682,1e-11,0.9786719818986979
0.7941758065119282,1.664626899930958,1e-11,0.4770893745288313
0.36619965611980504,0.7715982472680818,1e-11,0.4745988698346197
0.000339720505793299,0.0003397227627545164,1e-11,0.9999933564616069
0.03942290810401388,0.0628945013692488,1e-11,0.6268100906399592
0.036865088668375484,0.11286510090211582,1e-11,0.3266296523346695
0.0337612501832971,0.07883238824004458,1e-11,0.4282662359599472
0.13849178496128223,0.2698883863337303,1e-11,0.5131446626607723
0.6881034064314653,8.979169254565669,1e-11,0.07663330391968978
0.7079197637162586,1.7024514925723706,1e-11,0.41582374993052273
0.2290284189052716,0.8762124156226313,1e-11,0.26138458531488096
0.029934006074552724,0.062493592644577975,1e-11,0.4789932024679307
0.023199969724186295,0.05280067640795654,1e-11,0.43938773709895673
5.870397930684843e-05,5.8704158784153366e-05,1e-11,0.9999969426815978
4.1321995193803655e-11,6.012360139665492e-11,1e-11,
0.20897312647848593,0.28830740585292175,1e-11,0.7248274662257281
0.07983663997462047,0.49213428913748575,1e-11,0.16222531479068877
0.281782820099777,0.3064192078740311,1e-11,0.9195990749235861
7.554826645428078e-11,3.1301633139168977e-10,1e-11,
0.32128431786910583,1.733790294955302,1e-11,0.18530748430414343
0.002189632123644929,0.0063650108021137426,1e-11,0.3440107474629546
0.5789120882565146,2.1517818413658603,1e-11,0.2690384671566174
5.208292265213156e-07,5.312427804503992e-07,1e-11,0.980397749743997
3.683479281808246e-05,3.683500171359944e-05,1e-11,0.9999943288853737
0.6301873264848157,1.0430719889663629,1e-11,0.6041647490786353
0.07788499020892944,0.07967111332350393,1e-11,0.9775812959043017
0.22147084245040732,2.605942723620211,1e-11,0.08498684197584244
0.04305835024175428,0.07103312158931548,1e-11,0.606172856807562
1.1481576605965844,8.796875554449885,1e-11,0.13051880221447384
0.004154450479854128,0.030795126087867778,1e-11,0.13490610390748942
0.033129522287900795,0.055590991245296414,1e-11,0.595951278179518
0.05751743670396839,0.060244816085573936,1e-11,0.9547283972494583
0.01923239675987558,0.20346806965872336,1e-11,0.09452292338613154
6.466915374267628e-05,6.46696768183641e-05,1e-11,0.9999919115772096
0.28244491167363595,1.1911009301796067,1e-11,0.23712928477945688
1.1395073697656029,1.7026365495536442,1e-11,0.6692604890129553
0.18949640298360282,0.19064491301182543,1e-11,0.9939756586730883
0.4422683507512315,0.6275871358299456,1e-11,0.7047122630491122
0.4129060580798121,10.579274554325641,1e-11,0.03902971380121557
1.1177286474252,2.9108505134135507,1e-11,0.3839869626676366
0.5095860152384256,1.3560441031478114,1e-11,0.37578867387536563
0.04563513932055152,0.04747570199294041,1e-11,0.9612314806284996
0.008858023086976518,0.07597351226741639,1e-11,0.11659357087240466
0.00032097748050454627,0.00032097997626281006,1e-11,0.9999922245671121
0.024137633550853497,0.05648402030457309,1e-11,0.4273356149349598
0.1757374506038229,0.3327972503302276,1e-11,0.5280616063667665
0.07420263944177441,0.10304829294229446,1e-11,0.720076357629008
0.07464365020191371,0.13275810627226695,1e-11,0.5622530502870445
0.5006088952173107,9.618927380632858,1e-11,0.05204414956133852
0.10936526993243549,0.11086468023723509,1e-11,0.9864753111487711
0.2183758607511627,0.35937745864439163,1e-11,0.6076504118396815
0.6508274784707754,0.8390947210607234,1e-11,0.7756305243441955
0.20147390253231406,0.22738636848262883,1e-11,0.8860421311830118
2.7722088942695948e-05,2.772224242498616e-05,1e-11,0.9999944635687165
0.3436169268538874,1.98345095950251,1e-11,0.17324195751231153
1.199286830301858,2.152750779787529,1e-11,0.5570950625414357
0.2653513651548155,2.135490337847471,1e-11,0.12425781585239296
0.00549046989867923,0.05564802481789477,1e-11,0.09866423681067754
1.1960026276172997,8.322939565984973,1e-11,0.14369954487056996
1.4507305634437897,2.799068659104647,1e-11,0.5182904530494234
0.8506815576600113,2.1263980036381533,1e-11,0.40005754153481177
0.40817691152100766,0.4249027664681704,1e-11,0.9606360413084868
0.8947001002912189,1.0422986455360579,1e-11,0.8583913105164513
0.0002782574518443194,0.0002782597755981199,1e-11,0.9999916489769479
0.04894422080727198,0.05223053778553035,1e-11,0.9370805448767792
0.44130178760891053,0.8030956271652449,1e-11,0.5495009220341681
0.4792468984294903,2.995820786108677,1e-11,0.15997181829157156
0.037127047776006186,0.28854849952197464,1e-11,0.12866830996353437
0.8270862988210178,6.563438916244075,1e-11,0.1260141686965402
0.025085038852833384,0.05790853279920205,1e-11,0.43318380971273795
0.07037740654790768,0.16618358542346945,1e-11,0.4234919253220575
0.9238066194243124,1.5998676079335237,1e-11,0.5774269163543798
0.44734541579119075,0.6077656523021753,1e-11,0.736049189513551
4.336906279475834e-05,4.3369424203062614e-05,1e-11,0.9999916667488462
0.07349430925926188,0.08479866825134201,1e-11,0.8666917862604379
0.0321348395836489,0.053490552961839875,1e-11,0.6007572889847272
0.759259398989508,2.0182685918665944,1e-11,0.3761934373101984
0.18734636539123575,0.20369149944884216,1e-11,0.9197554433943792
1.379282974425635e-10,1.5905813500358e-10,1e-11,
0.12355906330429713,0.12391027377568153,1e-11,0.9971656065257332
0.01746043274345853,0.04287243814402992,1e-11,0.40726474862008594
0.4613215667998612,1.001254685629707,1e-11,0.4607434785783077
0.06219557590004379,0.7446853986422883,1e-11,0.08351926332037511
0.0002557924782795154,0.0002557946103641353,1e-11,0.9999916648571412
0.5562493363619806,1.185802046210099,1e-11,0.4690912266004177
0.08487916926978208,1.3079935495511588,1e-11,0.06489265126644438
0.0042566684247120025,0.0046902727566198775,1e-11,0.9075524272451142
0.5223444655716343,0.6257679739920474,1e-11,0.8347254689935163
0.7265099199828488,7.2947577679195135,1e-11,0.09959342627905403
0.42806209161602055,0.4858569466052203,1e-11,0.8810455312144367
0.31995357546479936,0.34624844424502643,1e-11,0.9240577994868354
0.6529564567684852,0.9090238561252625,1e-11,0.7183050833800214
0.12483887617353893,0.23856060832482506,1e-11,0.5233004604161549
0.00014009993039279457,0.00014010093173824848,1e-11,0.9999928526852643
0.47713916822729185,0.4977105302975224,1e-11,0.9586680192240792
0.18065823654589663,0.4200057444744666,1e-11,0.43013277537893146
0.4476827593406879,0.8426560467746977,1e-11,0.5312757928388611
0.018192617005919596,0.04937379388917731,1e-11,0.368467066694411
1.3891217400576266,11.058758371823075,1e-11,0.1256128123385903
0.13754699584628122,0.2583553427365977,1e-11,0.5323946251288295
0.36037492446328995,0.4395979510435318,1e-11,0.8197829940012694
0.26800656994256034,0.7122600634612739,1e-11,0.3762762840305338
1.0218912928312334,1.2317853166671042,1e-11,0.8296017812553649
5.678322694517164e-05,5.6783487945836055e-05,1e-11,0.9999954035816775
0.13212952227007949,0.23549635495303423,1e-11,0.5610682267096256
0.001035337181998656,0.017679938686962788,1e-11,0.05855999844400565
0.017034177786915117,0.038532316090582754,1e-11,0.44207510773218867
0.7734908578728918,1.5067966976797367,1e-11,0.5133345852588894
0.8953197018333159,6.442491762152304,1e-11,0.13897102780837828
0.6557210073128388,0.7761389160952513,1e-11,0.8448500567550019
0.654155116234012,2.973974527441814,1e-11,0.21995989212345754
0.5932226651993329,0.6645060813636555,1e-11,0.8927272177584297
0.11548426969261137,0.12053579544641915,1e-11,0.9580910738167129
2.6940998936629083e-05,2.694102062586231e-05,1e-11,0.9999991949364677
0.022398965372703566,0.3161673930057723,1e-11,0.07084527332106832
0.1089120401311929,0.3781543449199175,1e-11,0.28800949028962614
1.199345408937858,1.9404025157097533,1e-11,0.6180910399918574
0.1029749233450694,0.1806833101471593,1e-11,0.5699193979853505
1.6034335035233192e-06,3.350300148702822e-06,1e-11,0.4785939863161636
0.02917749891744735,0.13163539219084222,1e-11,0.22165390653561032
0.01025942308257084,0.048183424851657684,1e-11,0.2129243222987267
0.021278454396322866,0.09060188859139784,1e-11,0.2348566318775737
2.583577287059332e-10,3.244178588165946e-10,1e-11,
2.092548046113155e-05,2.0925523350223767e-05,1e-11,0.9999979503933307
0.019999655877390027,0.020101819368369793,1e-11,0.9949176992834529
0.2727190769888208,0.2845530045870301,1e-11,0.9584122205443454
0.02305994030321325,0.20853418409666147,1e-11,0.11058110401949409
0.5090370308052714,0.8885809143292378,1e-11,0.5728651410316726
1.3111675859229504,9.251801635559943,1e-11,0.1417202440747742
0.19878704643183212,0.21787688256894006,1e-11,0.9123824615442275
0.03336423475634885,0.04664961399711245,1e-11,0.7152092353521736
0.8098478732989519,1.342093916799057,1e-11,0.6034211638709075
0.11299950054138051,0.2768382592944158,1e-11,0.4081787713496863
0.00024859241868307357,0.00024859461313851705,1e-11,0.9999911725543214
0.10261866036390647,0.15811752008652755,1e-11,0.6490024654304588
0.7085812194419653,0.806595747588549,1e-11,0.8784837033425799
0.08286221531327616,0.09579280347314009,1e-11,0.8650150356702984
0.01704198657087388,0.042589858626831636,1e-11,0.40014189105895315
1.347028365869651,8.448494449280517,1e-11,0.15944004863308697
0.32863028244048803,0.42194742506587213,1e-11,0.7788417772408116
0.1526373094953075,0.15332217370256657,1e-11,0.9955331692036427
0.10985186202799765,0.14252096503972472,1e-11,0.7707768607753867
0.4814790855162698,3.0460091492890937,1e-11,0.15806882445794423
0.00022994416797030834,0.00022994532202526318,1e-11,0.999994981176635
0.6860012846631373,0.867173100949811,1e-11,0.7910776797755407
0.1686118963343479,0.31055653237508846,1e-11,0.5429346310793405
0.006826541114370839,0.02812093097665954,1e-11,0.2427565829892648
0.019555831504942188,0.1355280391743184,1e-11,0.14429362089264167
0.1534784793085109,8.767362486587617,1e-11,0.017505661428200734
0.03517729658081102,0.1633528935843829,1e-11,0.2153454145129027
0.04605520804613104,0.046119425776332754,1e-11,0.9986075774118881
0.061610093679216396,0.061709156166133816,1e-11,0.9983946873839804
0.06534753193107752,0.06595067598159429,1e-11,0.990854619129528
7.034537762662935e-05,7.034586435035952e-05,1e-11,0.9999930809901241
0.06978993924495605,0.4016432741028753,1e-11,0.17376100571045622
0.3794856708435517,0.4638681274422635,1e-11,0.8180895569092217
0.09865929493669807,0.10150815460015772,1e-11,0.9719346719021605
0.49291888919077537,0.7841145668771848,1e-11,0.628631210301161
1.0606890158129278,8.049943423039187,1e-11,0.13176353671967472
0.41435218834719645,0.4915006831773565,1e-11,0.8430348166935889
0.05243214789535434,0.05312322767986457,1e-11,0.9869910053531598
0.24862204509259628,0.7310160650708942,1e-11,0.34010476236043435
0.2432395629926562,0.7108986239083047,1e-11,0.34215787569738
0.0002812835230356837,0.0002812858800133592,1e-11,0.9999916207039066
0.4767760095756438,0.6073194707557021,1e-11,0.7850497679291922
0.108022938581676,0.19171584144677617,1e-11,0.5634533785340068
0.03222372833844042,0.03226176323576188,1e-11,0.9988210533614201
0.30799392259119646,0.32652030391627956,1e-11,0.9432611659891346
1.435625864693201,6.903711118758301,1e-11,0.2079498750740619
0.14598541004666238,1.818291641307496,1e-11,0.08028712596494547
0.07450694233520186,0.07735876163291182,1e-11,0.96313514801022
0.09329654690260204,3.332036736056733,1e-11,0.027999855431669985
0.4687048446072913,0.5087231877411046,1e-11,0.9213357202931761
9.743462279788388e-06,9.743566119100501e-06,1e-11,0.9999893427816013
0.5651370371534604,0.6682924773790424,1e-11,0.8456432718947482
0.03154938517014896,0.09920222991083545,1e-11,0.318031007957241
0.5330224541227926,0.5947769791155215,1e-11,0.8961719650202962
1.1992572724268016,2.176870272173745,1e-11,0.5509089300159655
2.4344778955638077e-06,2.463631338797137e-06,1e-11,0.9881664749208932
0.38540641283034804,2.707724530881655,1e-11,0.14233590176355823
0.02274886323299943,0.023418084055189484,1e-11,0.9714229045974513
0.36304203389411394,0.5030164985961568,1e-11,0.7217298734878667
0.5098146482864969,1.2268675117867123,1e-11,0.4155417299656451
0.00015815487954322436,0.00015815623731940784,1e-11,0.9999914149691059
0.11569299142919942,0.1645195863426635,1e-11,0.7032171305623913
0.006362549017981594,0.10938205266084099,1e-11,0.058168125969530284
2.4495433513290992e-06,2.6007032896894746e-06,1e-11,0.9418772841332377
0.12011137763312493,0.25307513534797343,1e-11,0.4746075803455527
1.3490595656075717,8.452927847452882,1e-11,0.15959672079941903
0.8236467878436613,0.8969654856408887,1e-11,0.9182591761099473
1.4867179148572607,2.9417237399834106,1e-11,0.5053900523186602
0.08659452549931114,0.08945958058629358,1e-11,0.9679737478288446
0.49368231281708874,2.58905683743896,1e-11,0.19068036888113618
0.0001695839351846313,0.00016958443064052085,1e-11,0.9999970784116933
0.12174927870492636,0.496588231384623,1e-11,0.24517149422864143
0.3165045498287342,0.5594842731318087,1e-11,0.5657076794259934
0.10567805924674872,0.12770909455703983,1e-11,0.8274904744512835
0.13906691617630887,0.1856873796210726,1e-11,0.7489303605883131
1.360383635669932,11.172347961448702,1e-11,0.12176345029389266
0.18948369586269082,0.19592335245439083,1e-11,0.9671317558063983
0.9704227750101903,1.3031876257494979,1e-11,0.7446531534183916
1.0037950905284276,1.762284014277642,1e-11,0.5695989309304845
0.23591875398735104,0.32725249806191653,1e-11,0.7209074197585345
2.4887096849955194e-05,2.4887377462017277e-05,1e-11,0.9999887247235064
0.06428837829088897,0.08460753341083882,1e-11,0.7598422468920856
0.13254016857267423,0.5352376352010657,1e-11,0.24762864166471515
0.48406756744856383,0.5067246942152587,1e-11,0.9552871075253537
0.17140965204741745,0.1738733975016181,1e-11,0.9858302334364997
1.428763762706575,9.980211316109614,1e-11,0.14315967041703095
0.8582307811883146,1.1278819351208944,1e-11,0.7609225349427405
0.18470180264615044,0.20814484240629877,1e-11,0.8873715077965395
9.296954419588785e-05,0.00019236331607351228,1e-11,0.48330183786371844
0.11283552006367736,1.1922254698296586,1e-11,0.0946427692740023
7.913816628263111e-05,7.913925215675377e-05,1e-11,0.9999862789438481
0.015830242338573223,0.27175932581054585,1e-11,0.05825096265365741
0.06089304339977326,0.09553555621133275,1e-11,0.6373861818009693
0.8968252764371495,1.5335680806279495,1e-11,0.584796519806233
0.0645130255340834,0.4443582383784485,1e-11,0.145182467572795
1.169252495818781,10.224442223573623,1e-11,0.11435856061888007
0.24762078166998755,0.7661521990842473,1e-11,0.3232005102458223
0.9642866075264268,1.3196354933260412,1e-11,0.7307219398108302
0.02642106462184329,0.051029710672810195,1e-11,0.5177584641082639
0.03186775602276871,0.06425123012154403,1e-11,0.49598670659665944
0.00010932801393953752,0.0001093289250047966,1e-11,0.9999916667500477
0.17004359621468249,0.18596396712956456,1e-11,0.9143900231823402
0.13606049199468653,0.2769727307940805,1e-11,0.4912414720561163
0.6479703685562996,0.7007929445934158,1e-11,0.9246245607284722
1.5602994261308616,3.558964435587157,1e-11,0.43841388537883597
1.4686855352650456,9.982342772080775,1e-11,0.1471283413922386
0.4734457876503728,0.9944623559452466,1e-11,0.4760821611999157
0.05008311849338294,0.05885525121980899,1e-11,0.8509541197324191
0.21958324025286066,0.2518193310132658,1e-11,0.8719872273876108
0.03151901283366046,0.03241115819972372,1e-11,0.9724741287995421
6.524350616318557e-05,6.52441604874041e-05,1e-11,0.999989971145101
0.9594439853004462,1.3917896732018593,1e-11,0.6893598966668669
0.009505640637434185,0.04706304841817371,1e-11,0.20197673029959357
0.9046362156897843,1.1683734285004632,1e-11,0.7742697613817101
0.6102024636356113,0.7796455341364843,1e-11,0.782666528464703
1.3583362126509284,8.833530708305883,1e-11,0.1537704749669041
0.06816484189790831,0.35744188416601547,1e-11,0.19070188726469683
0.17211991538918175,0.24382171717035825,1e-11,0.7059252858469599
0.6090312528987026,0.6859386949590772,1e-11,0.8878800064414462
0.015727454710000647,0.06701462720262981,1e-11,0.23468689398877182
0.0001446383828198652,0.0001446390933543834,1e-11,0.9999950875347619
0.7343587255991988,1.1995322345226946,1e-11,0.6122042446749313
0.22722239432825259,0.5190875265084476,1e-11,0.437734260070984
0.0670806572482116,0.5778898662419822,1e-11,0.11607861837833758
0.6311731822071553,0.8198336813748714,1e-11,0.7698795457496573
0.34659113845737366,10.226136132591636,1e-11,0.033892677934606784
0.377000633420473,1.121866744896631,1e-11,0.33604760559616187
0.05943713813597606,0.08406054224965302,1e-11,0.7070753595599295
0.06308129086357703,0.06541307371779294,1e-11,0.964352953902216
0.0755557831040412,0.10995327318100759,1e-11,0.6871626548093711
0.0001305340894742781,0.00013053509833639676,1e-11,0.9999922713344418
0.03311414890839992,0.03362846160780248,1e-11,0.9847060295115246
0.022744784281196966,0.04746264834155061,1e-11,0.4792143943911641
0.6176511538803566,0.9375186332248276,1e-11,0.6588148032384087
0.12972497543582517,0.3781263966917111,1e-11,0.343073047982923
1.600955308003313,8.470480713419567,1e-11,0.18900406743940285
0.07651021991872968,0.1773204734241384,1e-11,0.43147989874650566
0.04854121098973394,0.106606404706679,1e-11,0.45533109500589686
0.2606573372851529,0.33703566008470454,1e-11,0.7733820724478945
0.013403045766489818,0.911573092612475,1e-11,0.014703204685515742
0.00015543411846957248,0.00015543468052077466,1e-11,0.9999963840038767
0.03840331267197512,0.08309367732758227,1e-11,0.46216889066753886
0.0222231725450531,0.06954802817848833,1e-11,0.31953706132429033
3.3127374064235574e-10,3.534383854337165e-10,1e-11,
0.22554314897964983,0.2653289323265765,1e-11,0.8500510931919144
0.3851750502500529,9.582136163117392,1e-11,0.040197200675631234
0.029825921675010306,0.02992802699557925,1e-11,0.9965883043147473
0.047531274863985014,0.05087887800611887,1e-11,0.934204462179153
0.10661753153400015,0.37566145442928134,1e-11,0.2838128061234747
0.3291883386853152,0.5772386890896325,1e-11,0.5702811417656024
3.8588950887036303e-05,3.858941469562643e-05,1e-11,0.9999879809374207
0.25045596351748384,0.2710817568030833,1e-11,0.9239130160257069
0.002488945928022798,0.01889808177628126,1e-11,0.13170362778018255
0.21926677417210497,0.23731013129451178,1e-11,0.9239671857919363
0.03476419187504281,0.05901430427650461,1e-11,0.5890807712001358
0.006956538642736241,0.02477563591406236,1e-11,0.28078143652360465
0.0028587686185547073,0.049583994873010274,1e-11,0.0576550684525583
0.2722362717279771,0.30809983627626025,1e-11,0.8835975864780213
0.5822222326239759,0.8344026109167049,1e-11,0.6977713456389182
0.6392748148026173,0.9276327788524099,1e-11,0.6891464266640889
0.00030639879606674306,0.00030640203947932064,1e-11,0.9999894145202718
0.4589820948434654,0.5287776112437075,1e-11,0.8680059160672857
0.7904108105903727,0.9665926966861863,1e-11,0.817728928948226
0.2501932288094304,0.6498496599042612,1e-11,0.38500170769696174
0.030274019683886856,0.2765904679819658,1e-11,0.10945431310330181
1.0926279735430093,11.151450267043984,1e-11,0.09798079598418387
0.005186163400179216,0.06862518717111919,1e-11,0.07557230244410619
0.28689925773043445,0.33296949154861494,1e-11,0.8616382732126254
0.8738944830323837,1.7619651340287947,1e-11,0.49597717125888496
0.06375676540507344,0.06476490679217403,1e-11,0.9844338325022894
0.00020200634507463842,0.00020200831794006807,1e-11,0.9999902337416114
0.449613318457761,2.298393696861542,1e-11,0.1956206715462665
0.6812212889589152,1.5083109330441489,1e-11,0.4516451310102488
0.5289911046142236,1.0416959489868352,1e-11,0.5078171851668677
0.07512102207655813,0.18596462428780894,1e-11,0.4039532914620189
3.3896662212619044e-06,3.452713895564767e-06,1e-11,0.9817396760317003
0.8970206341352864,1.8491872579805693,1e-11,0.48508912781223157
0.014895538999166227,0.04899289896528657,1e-11,0.304034652240528
0.7421209391351367,0.8336218783306327,1e-11,0.8902368788847876
0.25585796913612113,0.3682445248351625,1e-11,0.6948045439389791
0.0002247125420717635,0.00022471380169315007,1e-11,0.9999943945526395
0.11993029750026249,0.12396750008182307,1e-11,0.967433379080034
0.03591436745476631,0.050266299184422,1e-11,0.7144820294607348
3.19666656297928e-11,2.9093364073608014e-10,1e-11,
0.22575226107118873,0.2290718896106133,1e-11,0.9855083548441171
1.5142883392269584,9.781163834553018,1e-11,0.1548167850821158
0.04658561139503787,0.048487840958055285,1e-11,0.9607689365945794
0.0801691784691097,0.11510692365453866,1e-11,0.6964757281648422
0.21899025521435164,0.2551965423565377,1e-11,0.8581239118373246
0.3394440289974058,0.3592206864087202,1e-11,0.9449456610947717
0.000142821130735862,0.00014282269662608605,1e-11,0.9999890361247824
1.804445263265561,3.601264907767963,1e-11,0.5010587417141559
0.06904282394681448,0.0691318538300307,1e-11,0.9987121727787726
0.00742703146995141,0.04431050600321896,1e-11,0.16761333010757923
0.3796871813231909,2.547858639753819,1e-11,0.14902207500800646
0.9859329920172796,13.4693577538404,1e-11,0.07319821850720158
0.00916883460884909,0.046568786015187096,1e-11,0.19688798857369683
0.09595018736833151,0.13688393895119644,1e-11,0.7009601572215194
0.041232256038115374,0.060822507693981474,1e-11,0.6779111483789643
0.1640830559550461,0.17438101274799062,1e-11,0.9409456532528185
0.00017661030112268154,0.00017661114763646346,1e-11,0.999995206906284
0.9535130774392325,1.2938660186894666,1e-11,0.736948852250582
0.8422016310947468,2.827414344094561,1e-11,0.29786990111788864
0.2682015250127359,2.549178291581317,1e-11,0.10521097166819353
0.4884039852061915,1.2801295565882613,1e-11,0.38152699677356244
1.4178811533433369,9.06084698885957,1e-11,0.1564843943492965
0.03352470576146878,0.03353982112566673,1e-11,0.9995493308046779
0.906415172275052,1.6172778454326677,1e-11,0.5604572985618066
0.11532615087378667,0.13032812627600524,1e-11,0.8848907305668785
0.019621874443790627,0.09955936780914121,1e-11,0.19708717397047404
9.851208594755017e-07,9.851271509325823e-07,1e-11,0.9999936135583364
1.9388636074114368e-10,2.8710297052245603e-10,1e-11,
0.021236289306362264,0.1315569667846887,1e-11,0.16142276479449705
0.21923666115055895,0.23903105037257377,1e-11,0.9171890463972708
0.049460374247905906,0.0695148067842085,1e-11,0.7115084761933294
1.117438026520286,7.766695330598561,1e-11,0.14387560976132271
0.6836264764669554,1.926787711594999,1e-11,0.3548011399247756
1.189382604337543,2.037424264074162,1e-11,0.583767762713878
0.9374511403955604,1.7293245792196035,1e-11,0.5420909132157286
0.001807673963063386,0.039846236933089814,1e-11,0.045366240382971414
6.448370155971017e-05,6.448434141803757e-05,1e-11,0.9999900773069348
0.030630084106488577,0.06557309175726377,1e-11,0.4671136175776792
0.021313388961214718,0.026983788001897588,1e-11,0.7898590427598932
0.07774721945057228,0.10007893833997715,1e-11,0.7768589549427272
0.12595997084731891,0.13094217632270533,1e-11,0.9619511022704569
0.5544779661927927,5.706380139340448,1e-11,0.09716807374436152
0.024742999383449173,0.052721173278286966,1e-11,0.4693180717516295
0.1179401083611585,0.1689211765982802,1e-11,0.6981961097846109
0.10090202844083584,0.2712619457352297,1e-11,0.3719726634244641
0.16423732334068616,0.16747905229730342,1e-11,0.9806439736065461
0.0001115373507191139,0.00011153822989230267,1e-11,0.999992117741248
2.6307516899922254e-10,3.031653072267141e-10,1e-11,
0.4220027286525477,0.948914944729987,1e-11,0.44472134304158123
0.034459589288280496,0.034506895006143935,1e-11,0.9986290937548853
0.2209048176980763,0.35399735623679357,1e-11,0.6240295691652288
1.4047691831240696,8.038113569181858,1e-11,0.17476354010597178
0.002676445033963994,0.03232033376667597,1e-11,0.08280994414493191
0.012665575060137239,0.040412136803639795,1e-11,0.3134101797605637
0.020505112880081878,0.2000271736012722,1e-11,0.10251163634874988
0.9658559949419686,2.1040593411669373,1e-11,0.4590440849478575
0.0001895349361079431,0.00018953658730773266,1e-11,0.9999912882266532
0.2719469144999773,0.27564135414069296,1e-11,0.9865969326256105
0.288650376349654,0.35318351473559745,1e-11,0.8172815669659592
0.4582137126303625,1.1969637668027122,1e-11,0.38281335270016315
0.2349240422491422,0.25485194296462715,1e-11,0.9218059690514077
0.11240249167740526,9.041877069521425,1e-11,0.01243132270137738
0.6497568376628032,1.0375326535824025,1e-11,0.6262519405238155
1.384225498678252,1.8877333411112,1e-11,0.7332738520491661
0.4010197402043643,0.7237809825931306,1e-11,0.5540622782980681
0.4821127812314835,0.604220293647092,1e-11,0.7979089519179109
4.762254427070441e-05,4.7622868883684686e-05,1e-11,0.9999931836744009
1.6427634614123995e-06,1.7140221022510878e-06,1e-11,0.9584260665337385
0.002992000156286148,0.019304156769851505,1e-11,0.15499253305686678
0.05831044019264817,0.06001028046329721,1e-11,0.9716741821980206
0.033355904412983695,0.034001545755420075,1e-11,0.9810114120375406
2.6813787637560307e-06,3.018478971627673e-06,1e-11,0.8883211673693172
0.01951745544099693,0.30838118836813416,1e-11,0.06329003252201527
0.12820351286753562,0.1699250977005989,1e-11,0.7544707321188361
0.48399630542591926,2.2445424729813688,1e-11,0.21563250027656605
0.04355828497405301,0.20364228716276697,1e-11,0.21389607031489385
7.797981154886967e-05,7.798058271469339e-05,1e-11,0.9999901107968565
0.18865946312173396,0.21199982716834911,1e-11,0.8899038534211607
0.036238967102123494,0.038585586451937694,1e-11,0.9391840434319392
6.848631505309893e-07,3.034442618532938e-06,1e-11,0.22569652375305096
0.758950595545792,1.4018786565614192,1e-11,0.5413810902916338
0.3675176805367938,10.390421803072867,1e-11,0.03537081434250378
0.07309215231721862,0.08874577264064284,1e-11,0.8236127777397326
0.7900345068422409,2.9871252187269866,1e-11,0.26447987579808496
0.1545907907882271,0.16034390639623386,1e-11,0.964120148140897
0.3554028688646122,0.4524680275627082,1e-11,0.7854762043166826
0.00016857389132171849,0.0001685756613688651,1e-11,0.9999894999839701
0.4001060559200516,3.5437468974615265,1e-11,0.11290480598562427
1.4021738255960423,2.3792185895760336,1e-11,0.5893421612202112
0.05073305483875344,0.07622644786262882,1e-11,0.6655571164772338
0.8046518316889831,1.0208357066912883,1e-11,0.7882285331662272
1.0956869071638702,10.696649779050393,1e-11,0.10243271770099413
0.20848219012769595,0.9663409640036423,1e-11,0.21574392258394434
0.0017525718112785245,0.11358306506136286,1e-11,0.015429868971502957
0.08307323466697293,0.14544665151833105,1e-11,0.5711594856242048
0.005865515612107488,0.034378602672723496,1e-11,0.17061530010238832
3.531064911180913e-05,3.531096747137351e-05,1e-11,0.9999909841166307
0.01775743818625521,0.02116195340964046,1e-11,0.8391209375863051
0.1815620424315022,0.1965876286119961,1e-11,0.9235679972001197
0.05821088124636441,0.08179382307690501,1e-11,0.7116782057201653
0.16297995742657034,0.16960276728442575,1e-11,0.9609510507175341
0.37431894628765133,7.743502279670789,1e-11,0.04833974767081302
0.14876245682011727,0.20223756143192317,1e-11,0.7355827264075937
0.09025875598881138,0.09304139077987554,1e-11,0.9700925064883484
1.6543554549822352,3.071284544457313,1e-11,0.5386526162051049
0.009282855459584509,0.06414068551971033,1e-11,0.1447264771863391
0.0002842762043504723,0.0002842792888243163,1e-11,0.9999891498467693
0.13800201993394218,0.17239054672688803,1e-11,0.8005196488678331
0.6485231629279528,1.5823898365614408,1e-11,0.40983779593605346
0.1479546267502577,0.8470091346443834,1e-11,0.17467890333009975
0.023386903439070534,0.052725393572137,1e-11,0.44356052851598743
2.8021234042073e-10,3.2168987828835185e-10,1e-11,
0.16101001630261336,0.1695932635963418,1e-11,0.9493892203515942
0.036527221167791744,0.1351116355515246,1e-11,0.27034844940399044
0.16133394089606806,0.16456342359882692,1e-11,0.9803754526240794
0.6529183282585835,1.0379109006107565,1e-11,0.6290697283113368
0.0002397836573446901,0.00023978623627000974,1e-11,0.9999892448984573
0.018557821420449337,0.08415645539493476,1e-11,0.22051572078885706
0.4410527688729184,0.6451994290531472,1e-11,0.6835913812263889
0.08763798729019137,0.09828431854896928,1e-11,0.8916782309125594
0.31751944728708237,1.0884550350784103,1e-11,0.2917157227943815
0.8289112573419946,10.076071173347886,1e-11,0.08226532376374428
0.12209643718120718,0.18636689559173714,1e-11,0.6551401566975531
1.5228484400751372,2.7354699249668326,1e-11,0.5567045084926685
0.044508465993739726,0.0630714924969272,1e-11,0.7056827773008248
0.030232250412062178,0.06379972225441928,1e-11,0.47386178722695066
2.5639835168129972e-05,2.5639965725386354e-05,1e-11,0.9999949080565169
2.2195656294739717e-10,2.2294814100226825e-10,1e-11,
0.04405404626453347,0.07315239717923476,1e-11,0.6022228657332199
0.023253794474820528,0.02414594524733642,1e-11,0.9630517354621142
0.3181899727677284,1.1796963127287712,1e-11,0.2697219354968729
0.9466014659667218,6.704969936794249,1e-11,0.14117907684748052
0.022551267552804618,0.0395761088661354,1e-11,0.5698202324307167
0.37400732630858374,0.6022463585724503,1e-11,0.6210204860268833
0.03345391253152511,0.03479762939511668,1e-11,0.9613848159501308
0.019008244903214948,0.13532549474481703,1e-11,0.14046314731055481
0.00018004807732287194,0.0001800488607788637,1e-11,0.9999956486478816
0.040072106452647,0.04680146603432208,1e-11,0.8562147694958941
0.399863720145475,0.4276992479900343,1e-11,0.9349179874050003
0.06434569226402051,0.29687802315673584,1e-11,0.21674117733547896
0.07688408637037769,0.12656426465610454,1e-11,0.607470731009927
1.4225670678086753,10.37043858844857,1e-11,0.13717520774803538
0.26504129680890065,0.3051272847975549,1e-11,0.8686253573971583
0.023478233631798844,0.07001746916734813,1e-11,0.3353196553803412
1.49387603312959,3.350729421249888,1e-11,0.4458360689035717
0.0021905597837731565,0.042713424708760876,1e-11,0.051285042084762984
0.0004168429256855673,0.00041684639937084733,1e-11,0.9999916667499461
0.15145356926600295,0.15489372430339018,1e-11,0.977790223245914
0.031144743109259004,0.13472483234043237,1e-11,0.23117299586285797
0.008593510108515449,0.008614005488314007,1e-11,0.9976206911144458
0.12319934990425051,0.12404383889757878,1e-11,0.9931920117852403
1.310898008953868,7.921595920600887,1e-11,0.165484079482614
0.03522054691726381,0.06477770163419903,1e-11,0.5437140563608591
0.9060151070876428,2.6889751459508355,1e-11,0.33693695847354926
0.36367312825679027,0.9667817509044353,1e-11,0.37616879705949136
0.0041922309787937,0.025050607398346077,1e-11,0.16735047227120267
0.000161650043507989,0.00016165078728145184,1e-11,0.9999953988874701
0.28709499224871354,0.9322204036009551,1e-11,0.30796900726451704
0.9311919756986717,2.5828525641867377,1e-11,0.36052850581189716
0.08478979897274572,0.5840970868704513,1e-11,0.1451638792226189
0.6810486225170143,1.1437742827999209,1e-11,0.5954397058568498
1.282455522733043,11.396640258222453,1e-11,0.11252926245590462
0.42831562673088136,0.7944226294207121,1e-11,0.5391533559954182
0.437387601541095,0.4907152571261665,1e-11,0.8913266811849697
0.6550989065628251,1.0782301977827864,1e-11,0.6075686879387487
0.01748269798306187,0.1407213077472857,1e-11,0.12423632400047167
0.00017380262604586811,0.00017380426073866336,1e-11,0.9999905946333635
0.07273876885052069,0.5842922817759679,1e-11,0.12449038113156273
0.14004337554787394,1.4023200559941706,1e-11,0.09986548716126761
0.016853360644478597,0.024560918275963475,1e-11,0.6861860967540504
0.09136359867137991,0.5261803799843767,1e-11,0.1736355100775378
0.16637962282577176,8.650139747773057,1e-11,0.019234327730786722
0.022001517036539815,0.04038540180708601,1e-11,0.5447888606293236
0.035765914291562374,0.03673391236345449,1e-11,0.9736483807574183
0.17568255413929829,0.3367704049669799,1e-11,0.5216686251172333
0.03585499221174662,0.10559405900582383,1e-11,0.3395550142623944
0.00021254861379545656,0.00021255090097827817,1e-11,0.9999892393642601
0.46553933481080323,0.7199982107935348,1e-11,0.6465840162265353
0.31828633675813073,0.501071782524511,1e-11,0.6352110572950914
0.5498040429854247,1.0872428572410813,1e-11,0.5056865072267044
0.03457908311956172,0.06026028604727406,1e-11,0.5738287251480104
0.6373733929282169,9.24603903516214,1e-11,0.068934750383848
0.02157185163306957,0.029258193668331843,1e-11,0.7372926667177772
0.906756899700156,2.493197630698044,1e-11,0.3636923477447244
0.9987519838852459,2.341950029279197,1e-11,0.42646169704681564
0.18147302004716642,2.9672647066394626,1e-11,0.06115835221613624
0.00023062337226078576,0.00023062509658878686,1e-11,0.9999925232421509
0.17284623461749304,0.19701484200492056,1e-11,0.8773259560473932
0.29859108529104855,1.042724927399235,1e-11,0.2863565236095339
0.15872166299063,0.2055308790399098,1e-11,0.7722521488355508
0.1509181990731153,0.2765829460494493,1e-11,0.5456525835332348
0.4708062537209236,10.580765242241899,1e-11,0.04449642752126377
0.11909523738843662,0.33977734348494315,1e-11,0.3505096489569623
0.053034403692255136,2.120420858924457,1e-11,0.025011262961804583
0.13548137996333123,0.13801163493769666,1e-11,0.9816663647560753
0.16248120625852935,2.449081511960554,1e-11,0.0663437315030233
0.00019576060694919566,0.00019576352370598155,1e-11,0.9999851006115406
0.8184538817479949,1.6427950572883085,1e-11,0.4982081472164773
0.1093460248714177,0.12528782042854392,1e-11,0.8727586168982931
0.04695599640160578,0.052822752771507456,1e-11,0.8889350504832797
0.02100390563934944,0.03131057771085278,1e-11,0.670824595870332
0.37399205813255915,9.999152953794411,1e-11,0.03740237396715081
0.008127832420173077,0.011970206313216564,1e-11,0.6790052073871911
0.005028134588423417,0.010199015066774406,1e-11,0.4930019767108395
0.09492669943725686,0.14729017556163873,1e-11,0.644487652182419
0.2417550869875206,0.2970064009946546,1e-11,0.813972648999816
6.442163500470694e-05,6.442231423286232e-05,1e-11,0.9999894566321705
0.1520503943442657,0.1641636289480817,1e-11,0.9262124340121226
0.09625859422143512,0.3360173832407781,1e-11,0.2864690906555261
0.0096921296406344,0.038144110690525077,1e-11,0.25409242646314745
0.03302456215353188,0.0709392749306556,1e-11,0.4655328403879794
0.8699173428057027,11.124829741302507,1e-11,0.0781960140545802
0.04550661286597617,0.07506534176315253,1e-11,0.6062266792784268
0.10423279483550493,0.5486066939114641,1e-11,0.18999548491168494
0.0913742183924104,0.11691767303176469,1e-11,0.7815261459025572
0.02734720759180617,0.028199085429957672,1e-11,0.969790586284529
8.936483297321983e-05,8.936551801653274e-05,1e-11,0.9999923343664523
1.1760305899253125,1.7007418654795674,1e-11,0.6914809435785252
0.23000937673331806,0.23938452531766982,1e-11,0.9608364468341858
0.020610794714774387,0.05430990564911989,1e-11,0.37950341596861886
0.7900752253978853,0.8958915727699817,1e-11,0.8818871048815363
0.8399418047323934,7.9850218886023585,1e-11,0.10518966841297049
0.004745510609744193,0.007248996068889479,1e-11,0.6546438382151294
2.306251516082398e-06,3.216060071740728e-06,1e-11,0.7171046139178967
0.629057339081448,1.0022783309827779,1e-11,0.627627396139184
0.10272030865239014,0.12245345589852553,1e-11,0.8388518551694628
0.000489170512999111,0.0004891745894132714,1e-11,0.999991666749973
0.7154531839684508,1.014848520213034,1e-11,0.7049851970206007
0.01932500615531964,0.022614212742084337,1e-11,0.8545513556329296
0.09168616391890914,0.14798950218788987,1e-11,0.6195450526112515
0.009684086378822078,0.03895965523470276,1e-11,0.2485670450747756
1.367262662737581,12.460000075173783,1e-11,0.10973215525590689
0.6175200381611258,1.5483242039340268,1e-11,0.39883122448910446
0.08430113411517401,0.08767524973801774,1e-11,0.9615157569219829
1.0395621831142086,2.083508449868784,1e-11,0.49894790836086045
0.16334736224591243,0.18774084373743755,1e-11,0.8700683292675498
0.00014028505676602453,0.00014028616756897323,1e-11,0.9999920818782925
0.12786261467694993,0.130244115855791,1e-11,0.9817150958168589
0.1121451369187213,0.12106844216459944,1e-11,0.9262953657754479
0.994790005644417,1.3684840625957093,1e-11,0.7269284552408466
1.1417291162861911,2.626361394708674,1e-11,0.4347189684505837
0.28984730185367263,1.1920741619517432,1e-11,0.24314536050266816
0.11349809182818792,0.5564965255604405,1e-11,0.20395112388866302
0.07227517191629232,0.07302485932884224,1e-11,0.9897338054541952
0.3895181234044336,0.4099767821821568,1e-11,0.95009800635824
0.031426541092947104,0.03242867687715877,1e-11,0.9690972348946643
0.00011572673169784716,0.00011572742900006549,1e-11,0.9999939746158335
0.2787293909588004,0.34813883331035445,1e-11,0.8006271185217715
0.5262139257235043,0.5812797730242104,1e-11,0.9052679108130388
0.11312076925373382,0.11729287725479097,1e-11,0.9644299969554483
0.01688619156270614,0.056574491204756765,1e-11,0.2984771264065094
0.7757507320646069,10.454449912706302,1e-11,0.07420292206113706
1.1651941053533361,2.251017337681627,1e-11,0.5176300003772496
0.8925019646903246,1.62825532717554,1e-11,0.5481339135174254
0.09972245980905776,0.11000006239336586,1e-11,0.906567302229749
1.1041717986932438,1.6861872443364234,1e-11,0.6548334429654495
6.904220477633392e-05,6.904279067476503e-05,1e-11,0.9999915139810343
0.08635750891070836,0.10910667736770711,1e-11,0.7914960934945311
0.01741267903071588,0.03639825269322822,1e-11,0.4783932673217431
0.13179060522422065,0.18517125645109178,1e-11,0.7117228005580323
0.031630149488341266,0.031668434267254,1e-11,0.9987910744626766
0.7331398759543493,9.14252215902251,1e-11,0.08019011200654659
0.9089608034460469,1.363856761232957,1e-11,0.6664635387548513
0.6640754480953761,1.2080852193586127,1e-11,0.5496925526892399
0.010669843925884145,0.014998545681485297,1e-11,0.7113919010864737
0.014424491590134746,0.07879039464628045,1e-11,0.18307423963151453
0.00011061541772628082,0.00011061616982269184,1e-11,0.999993200845661
0.5926807128288607,0.7985562899210434,1e-11,0.7421902755126524
0.08616587634281586,0.20437425090062356,1e-11,0.4216082797275367
0.1897296858624023,0.7783376648220576,1e-11,0.24376269379919835
0.06446293205178005,0.956628899246351,1e-11,0.0673855160580713
1.421412731402702,9.567412616019356,1e-11,0.14856814359848305
0.5319371988630195,2.7296491364788973,1e-11,0.19487383625764823
0.10521189231506049,0.1819205800898126,1e-11,0.5783396923158353
0.007920624628752645,0.010541282472740734,1e-11,0.7513909857965585
0.029670082782999325,0.029706240153242996,1e-11,0.9987828358601711
0.0002600050166990044,0.00026000718014755945,1e-11,0.9999916792738037
0.03266443202057604,0.14778939397176286,1e-11,0.22102013644373572
0.0706247919066475,0.07675995881973585,1e-11,0.9200733428284366
0.0821660206934884,0.15080398356385438,1e-11,0.5448531182778547
0.10323733023655021,0.10570665016411629,1e-11,0.9766398809939365
1.2208184882365531,10.292585392712567,1e-11,0.11861145102579632
0.01700170199257173,0.13938344850485207,1e-11,0.12197791183204859
1.3331226196484396,2.1647014409993157,1e-11,0.6158459519632485
0.9408671720690727,1.4871999300120224,1e-11,0.6326433676348188
0.326770625416982,1.0642791492529133,1e-11,0.30703469634481095
0.0002810657240117283,0.00028106806622219736,1e-11,0.9999916667499777
0.003784492791786333,0.07296706492191626,1e-11,0.05186576705306985
0.23806640006256508,1.4546988349485082,1e-11,0.1636533929519452
0.05583612709982104,0.05631271804303952,1e-11,0.9915367085841208
0.13967266931036662,0.1447188206123825,1e-11,0.9651313403421689
1.649613029079515,10.376055369424947,1e-11,0.15898267408445205
0.06156565236037728,0.07272176927650435,1e-11,0.8465917836279666
0.08801310168519605,0.08819142023855817,1e-11,0.9979780510067786
0.35099242121372576,0.4184973166485176,1e-11,0.8386969455971757
0.2159764490267307,0.5510905794651818,1e-11,0.39190735075952465
5.189696240406445e-05,5.189701229128597e-05,1e-11,0.9999990387265216
0.05184677293657255,0.06387166938152794,1e-11,0.8117334874539374
0.106754906166868,0.1507382608838349,1e-11,0.7082137311451252
0.007224662348198892,0.007555211309301027,1e-11,0.9562488794065622
0.15560385727402853,0.4600216173285059,1e-11,0.3382533590001061
0.5237635337860794,10.151408158397569,1e-11,0.05159516055443062
1.1748478866744496,1.6166449268961067,1e-11,0.726719805399761
0.9676393595079233,2.113869357040858,1e-11,0.45775740884124105
0.029348072402169686,0.03487724826387625,1e-11,0.8414675429703166
0.041662619249844005,0.08955501421279535,1e-11,0.4652181635619837
3.504300133482292e-05,3.504332799567793e-05,1e-11,0.9999906783723552
0.08272514242178436,0.10607992947100651,1e-11,0.7798378339268652
0.2926451998033725,0.5470724482568294,1e-11,0.5349295157082867
0.01205442730633007,0.04144911544538935,1e-11,0.29082471789324904
0.34759798076741616,1.1599261504892828,1e-11,0.2996725098583143
1.0997568797122657,8.551234031048363,1e-11,0.1286079735064201
0.02820163256373505,0.050711042677046445,1e-11,0.5561240920116216
0.013252152665116656,0.04903406813120451,1e-11,0.2702641891685751
1.259674091239268,2.3948423528118568,1e-11,0.5259945773717617
0.08301039859536026,0.6858714678316162,1e-11,0.12102908852266121
5.272088481270219e-05,5.272165297363935e-05,1e-11,0.9999854298775961
0.03303431094245899,0.17957214075766792,1e-11,0.18396122473718624
0.1389576943116286,0.15238220115381515,1e-11,0.9119023958143524
0.013557189430193683,0.03147753605799256,1e-11,0.43069411167432636
0.03168865948045706,0.06399083872029862,1e-11,0.4952061906699944
0.8246137759769651,9.981755422032634,1e-11,0.08261209988744092
0.3647825275040108,0.7205457027452974,1e-11,0.5062586954778582
0.04110858295349362,0.04527111069278245,1e-11,0.9080533330066395
0.14897893324144065,1.1959090613582413,1e-11,0.12457379750282967
0.24327175344276522,0.28109086330484234,1e-11,0.8654559261819108
0.0002724625617877979,0.0002724651453150801,1e-11,0.9999905179531156
0.14003461001186224,1.1112264474597189,1e-11,0.12601806799323717
0.041869768055552495,0.053750567341569085,1e-11,0.7789642068237607
0.1892464925967279,0.2023129802752423,1e-11,0.9354144866990851
0.3638296458213299,0.3853502523879266,1e-11,0.9441531271012839
1.0190716913962339,8.165468344131659,1e-11,0.12480260144889523
0.08056542469014508,0.11270103385627792,1e-11,0.7148596772669025
0.20714894018196167,0.30191874965933885,1e-11,0.6861082341381318
0.034408816660404094,0.03625191651110239,1e-11,0.9491585541378527
0.007659487608215472,0.04793048596856016,1e-11,0.15980408822142317
0.00044220467646979063,0.0004422083615026118,1e-11,0.9999916667500166
1.0721067929622845,1.3267701059470833,1e-11,0.8080576945144438
0.4701554929265412,0.5419189735630692,1e-11,0.8675752573033392
0.026918685850665182,0.03687937107524732,1e-11,0.7299117383466567
0.08128631558851718,0.09207896154604173,1e-11,0.8827892302833155
1.1043372815532597,10.147083111405102,1e-11,0.1088329788401958
1.4266108735384526,2.6910706938809175,1e-11,0.5301276093498202
0.3015793715688762,0.453839633337856,1e-11,0.6645064675177206
0.48356014056023344,0.7635239874193305,1e-11,0.6333267173368585
0.09799250628842252,0.10295898586368377,1e-11,0.9517625437585719
9.156611564519542e-05,9.15663431345101e-05,1e-11,0.9999975155793396
0.2935652884517395,0.32951426937372075,1e-11,0.8909031132694
0.8701357626680275,2.68835566123675,1e-11,0.32366839522555235
1.314997567008756,2.324920152968049,1e-11,0.5656097760303718
0.5523818864900755,1.9196924315315598,1e-11,0.28774499363389
1.674186146997053,11.388785919121775,1e-11,0.14700303955894842
0.0315824029922343,0.08212066729632007,1e-11,0.38458531855658146
0.6769266303558237,1.84803631597268,1e-11,0.3662950909054705
0.08642125405378796,0.3053938963485451,1e-11,0.2829829118626381
0.19273086495014732,0.2788908316052313,1e-11,0.6910620325552937
3.717825534837362e-06,3.7178782484610806e-06,1e-11,0.9999858215841951
1.119236684112303,2.9075694612313616,1e-11,0.38493893234052057
0.012556785002687523,0.03447592641971637,1e-11,0.3642189291686865
0.44965583511586166,0.47180776530599156,1e-11,0.953048822382643
0.27015931726493103,0.4301566259862749,1e-11,0.6280487174770407
0.06449290345746214,7.152042839783288,1e-11,0.009017410116550186
0.1862682332549522,0.87707250401716,1e-11,0.2123749546380807
0.01856846624197117,0.039178642839043744,1e-11,0.4739435798798686
0.07832452070424428,0.13514351141300265,1e-11,0.5795655291572392
0.1086080442541243,0.3787660646251297,1e-11,0.2867417501132665
7.148278279143805e-05,7.148337236444788e-05,1e-11,0.9999917523056017
0.08581956605051698,0.08858299005748461,1e-11,0.968804123622669
0.03012498991265954,0.2233197241126528,1e-11,0.1348962346803863
0.07683594852164329,0.10963020986761644,1e-11,0.7008647398780523
0.07450113421455501,0.09862460381824134,1e-11,0.755401100032358
0.6725711842616977,6.979362039576,1e-11,0.09636571085550918
0.061807147214973726,0.233500125091132,1e-11,0.264698561471225
0.03964919155584513,0.04753227229304845,1e-11,0.8341530846957591
0.015925425046424847,0.022027050980262423,1e-11,0.7229939704908749
0.3615861856140852,1.5005375711826923,1e-11,0.2409710976640795
0.00012799766713356717,0.00012799904729209296,1e-11,0.9999892174312622
0.44385677142616414,3.3856197896334104,1e-11,0.1311005957565673
0.04590846049632604,0.055296916268386495,1e-11,0.8302173718604291
0.3620487555586489,0.8733879801492777,1e-11,0.414533705280405
0.4052062260899157,1.0048545904271304,1e-11,0.4032486192033774
1.4028606509585226,10.353773818598125,1e-11,0.13549268851504295
0.017851599622330083,0.08882197791965654,1e-11,0.20098178446867795
0.21433312241181687,0.23157026896660984,1e-11,0.925564077669753
0.12209880356861981,0.15078297271429905,1e-11,0.8097651967637652
0.06404851463671153,0.15808948563647887,1e-11,0.4051408882687417
8.905529458804139e-05,8.905587512210254e-05,1e-11,0.9999934812379266
0.4793341530428018,1.1631890444916702,1e-11,0.41208619984232875
0.5939254717179528,1.362921365372032,1e-11,0.4357738361199078
0.022628261548817485,0.058661320700363444,1e-11,0.38574415438753135
0.11399406159233613,0.2585655736061155,1e-11,0.44087099455083834
0.940549471902024,9.029570896525318,1e-11,0.10416325234945087
0.12431269066727471,0.16535781845059802,1e-11,0.7517799389958336
0.08826188320888786,0.09218889068194218,1e-11,0.9574025954319946
0.011912813721788701,0.8221377185438166,1e-11,0.014490046440015995
0.11407922079812936,0.19201583571586073,1e-11,0.5941136072075867
2.9693382201386874e-05,2.969349689158624e-05,1e-11,0.9999961375314002
0.7954035653757325,2.77506650083155,1e-11,0.28662504669253497
0.025523162413361677,0.0636981293871784,1e-11,0.400689355541721
1.1837637061165323,2.6082791636732563,1e-11,0.4538485460465168
0.07758551155575019,1.4286191612453691,1e-11,0.05430804350133218
1.2356725613982165,10.546561750933273,1e-11,0.11716354491442396
0.03361479296936529,0.034827039103804205,1e-11,0.9651923859841848
0.3719645424665692,0.38756146475808295,1e-11,0.9597562613681176
0.036893436276900754,0.05176663682797045,1e-11,0.7126875249691045
0.06797524212862742,0.2902004487841928,1e-11,0.2342354824515696
0.00015491607799624662,0.00015491737120827275,1e-11,0.9999916522465102
0.31671725464346856,1.0901537649707636,1e-11,0.2905253046133015
0.17707176277019981,0.9447881266198893,1e-11,0.18741954707210243
0.4173715193122741,0.5549595415412124,1e-11,0.7520755804164857
0.560437374893561,0.6613115306292384,1e-11,0.8474634857195132
0.2949775490254211,9.548889706048557,1e-11,0.030891292925770558
0.1312338937687854,0.20470660952903466,1e-11,0.6410828359216793
0.0526390170956239,0.052957255772140034,1e-11,0.993990650159717
0.12855288527794217,0.18723656435178612,1e-11,0.6865800263051871
1.0088056755276864,2.6354433420202796,1e-11,0.3827840498192443
0.00014600029920325332,0.0001460008168363631,1e-11,0.999996454587577
0.023938803988544574,0.09781118330316457,1e-11,0.24474506063735618
0.45591885503316426,0.5680170767687596,1e-11,0.8026499090955489
0.030672074293868413,0.03330405979414531,1e-11,0.920971031263294
0.010322364265159695,0.06067359890360659,1e-11,0.1701294212258457
1.1386074139407534,6.623675196779084,1e-11,0.17189964485191359
0.024973710550079384,0.11651003150030419,1e-11,0.21434815722296138
6.536004785212222e-11,3.534510752523382e-10,1e-11,
0.03509222323299938,0.03667480454259802,1e-11,0.9568482687409974
0.17075972805588724,0.2150759694973516,1e-11,0.7939507535638003
9.148190101632554e-05,9.148230822290869e-05,1e-11,0.9999955487941761
0.13314396905810008,0.16336790613713112,1e-11,0.814994647396282
1.2799208601683056,2.140935213659212,1e-11,0.5978325976434894
0.5439850473424941,0.8725485798173024,1e-11,0.6234438516379177
0.052306200761523536,0.05267124606193405,1e-11,0.993069362741461
1.2983144076980178,11.502497457531724,1e-11,0.11287239249489196
0.42296024109803776,1.6799286583224793,1e-11,0.25177273987360377
0.030475298344272584,0.03548943969265579,1e-11,0.8587145530668708
0.2948690904437818,0.3709219577617573,1e-11,0.7949626175357778
8.160165895568696e-07,1.0105766216004578e-06,1e-11,0.8074762191357029
9.35913082839487e-05,9.35921650167589e-05,1e-11,0.99999084610544
0.01803344389951334,0.1430645835509373,1e-11,0.12605107044604535
0.07414092627900652,0.1085486981782683,1e-11,0.6830199488642942
0.0553911140738763,2.6528738270821455,1e-11,0.02087966397361616
0.24146683815241196,0.25602216262468286,1e-11,0.9431481855982587
0.03678712607010635,9.059756718403174,1e-11,0.004060498224569352
0.9223466712497922,1.759357899279297,1e-11,0.5242518714512959
0.018926850686072128,0.6074380959814117,1e-11,0.03115848480904515
0.6518968851421417,0.7259994951484171,1e-11,0.897930218269468
0.022681755164685156,0.03747427053074573,1e-11,0.6052620863180227
0.00028978731667325414,0.00028979123910949286,1e-11,0.9999864646141451
0.07534853430837767,0.07983985365388925,1e-11,0.9437458970681267
0.3850667509672231,0.5002637530294236,1e-11,0.7697274660324529
0.037281125137740914,0.04197823011516883,1e-11,0.8881061692086294
0.5593588108820763,0.6405228432431141,1e-11,0.8732847185432361
0.9440584984898881,10.11547507331247,1e-11,0.0933281424399518
0.1497424383117539,0.29328848265254437,1e-11,0.5105636503604273
0.17032877752145348,0.22649464306870848,1e-11,0.7520212187525479
0.05180892924776311,0.17239320904864497,1e-11,0.30052766888946275
0.08420782110310654,0.1767669835650986,1e-11,0.4763775418054528
0.0003455118751344294,0.0003455164267014405,1e-11,0.9999868267710031
0.1305049230353412,0.17304487377568079,1e-11,0.7541680963315653
0.40562882859511745,1.0864521220473193,1e-11,0.3733517753462961
0.05015220738461,0.05524646677572781,1e-11,0.9077903133281288
0.6103718074857741,0.8414058522776781,1e-11,0.7254190184600013
0.188351611095571,10.571217322746138,1e-11,0.01781740033764077
0.01942243714625706,0.02896174685684632,1e-11,0.6706238143113165
0.1486612897369734,0.4707120965282342,1e-11,0.3158221146926833
0.2958283913865082,0.33202864853081676,1e-11,0.8909724889569319
0.09100074858643373,0.09191908325164626,1e-11,0.9900093143586037
0.0005980129242369309,0.00059801790766968,1e-11,0.9999916667499664
0.10333633367523982,0.10366964635304246,1e-11,0.9967848575785861
0.09266662644303561,0.10773720742708141,1e-11,0.860117211649041
0.08965224014813566,0.7815745399535708,1e-11,0.11470721673387854
0.09862126306856536,0.10840525165080135,1e-11,0.9097461752706179
0.012215848705175574,0.03501045706564024,1e-11,0.3489200007378476
0.48422620934561217,0.8025028207962264,1e-11,0.603395024661936
1.3882585628684725,2.8726774780492086,1e-11,0.4832629397057193
0.2961700179339743,2.1681304059812856,1e-11,0.1366015702362373
0.7151574603559656,1.070578423137983,1e-11,0.6680103436605425
0.00032779643563770857,0.0003277991672701162,1e-11,0.9999916667500093
0.02280048741039996,0.34639428970485636,1e-11,0.06582235356658739
0.45738399953438585,0.47452310031378625,1e-11,0.9638814195387603
0.03338271885942373,0.0433029889642056,1e-11,0.7709102687349828
0.07453065995503384,0.07748433376414098,1e-11,0.9618803741915367
1.818594602428743,9.161098191435666,1e-11,0.19851272897924752
0.052995924194439124,0.0638138371759943,1e-11,0.8304770021630247
0.034366147836339546,0.0345439644946278,1e-11,0.9948524536517542
0.0875460474823522,2.058479971085508,1e-11,0.04252946286195154
0.08250629540570824,0.5365300259475021,1e-11,0.15377759196235782
7.88195876533468e-05,7.881967936727834e-05,1e-11,0.9999988364082134
0.1255914909720074,0.15029485874225945,1e-11,0.8356339799179967
0.01856577807278773,0.1342511979585594,1e-11,0.13829134007816157
0.03695244517554447,0.03821344867307525,1e-11,0.9670010548297026
0.0008341050269810547,0.0008593915056449235,1e-11,0.9705762990467391
1.7006321680186514,10.769887305888325,1e-11,0.1579062175598484
0.09821210788378949,0.14382998942443515,1e-11,0.6828347014193991
0.008322162006650102,0.049261561643153935,1e-11,0.16893824980488947
0.09728297243540489,0.15538418588421332,1e-11,0.6260802660310403
0.010337144154774335,0.01639029887076729,1e-11,0.6306867395329208
7.127727045931508e-05,7.127738230514169e-05,1e-11,0.9999984308370622
0.017509944439404127,0.2178807731418577,1e-11,0.08036479854054751
0.1774022187508799,0.3082891666328152,1e-11,0.5754409753949384
0.36467330963215455,1.6727911702301008,1e-11,0.21800289009296475
0.29518293388337175,0.5466561926690535,1e-11,0.5399791273599931
0.843749163826552,9.116411951467937,1e-11,0.09255276838281648
0.055712474068834755,0.1950225968045761,1e-11,0.28567189126633297
1.2329225675456922e-06,3.5320462498087735e-06,1e-11,0.34906750374869616
0.2405536175709737,2.2997765355715534,1e-11,0.10459869202517538
0.5385368961169275,0.942989931788516,1e-11,0.5710950647113642
9.297755725716995e-05,9.29787799742887e-05,1e-11,0.9999868495035201
0.10638353546727392,0.5784798133557812,1e-11,0.18390189771729348
0.1310156548233747,0.16665097630385584,1e-11,0.7861679405015486
0.6067256078674661,1.1805471223166162,1e-11,0.5139359508808711
0.18679493213595016,0.23193600143919196,1e-11,0.8053727363447856
0.14370379271687628,6.159789988302971,1e-11,0.02332933314118828
0.2843954314860079,0.3093064172090392,1e-11,0.9194617882557682
0.13105358381369295,0.14931691291605734,1e-11,0.8776874719300444
0.04364673908498887,0.05589454108898678,1e-11,0.7808765978684962
0.031612004290222005,0.03182479315872748,1e-11,0.9933137391516048
1.6347945623140472e-05,1.6348006021435846e-05,1e-11,0.9999963054640857
0.926032672022429,2.803731577275622,1e-11,0.33028578039637174
0.018901428759452082,0.024501152557044593,1e-11,0.7714505966788704
6.276322614236925e-11,2.2254805178349456e-10,1e-11,
0.271212047948816,0.4026104028460229,1e-11,0.6736339797273947
0.6320167005536675,8.526288099868772,1e-11,0.07412565622353236
0.0954279628934211,0.2772487870966052,1e-11,0.3441961420021288
0.01048898425814487,0.056097683482462836,1e-11,0.18697713714727487
0.6611574627982508,3.010247138631545,1e-11,0.219635608755636
0.03629890945493541,0.03853379884416637,1e-11,0.942001841078036
9.210158652666394e-05,9.210275856440002e-05,1e-11,0.999987274672829
0.204555959962418,0.35167259653074956,1e-11,0.5816659073819305
0.042276391149607025,0.04652226057687927,1e-11,0.9087346707872066
0.10293432032465809,0.9847672427063644,1e-11,0.10452654785893482
0.8027065896001768,1.7925455644744892,1e-11,0.44780261406381705
0.6516307479661768,10.494141246895422,1e-11,0.0620947186277824
0.03355207295746076,0.04646645109578512,1e-11,0.7220709171074224
0.45830876427316986,0.5099779006273478,1e-11,0.8986835776793125
0.026119455655541867,0.0897145012477001,1e-11,0.29113972983505226
0.022893699260662783,0.06526343696310924,1e-11,0.3507890531968713
0.0001439140854491238,0.00014391463894219538,1e-11,0.9999961540182732
0.01455070972802302,0.08146464770011332,1e-11,0.17861379308466316
0.029300097639299274,0.06307350966560214,1e-11,0.46453888161036355
0.6145508264601895,3.407860637523336,1e-11,0.1803333210558794
0.042036148184296615,0.05337091543759487,1e-11,0.7876227686865952
0.41057470474645297,9.911214562945085,1e-11,0.0414252665139006
0.20379136007782778,0.24765573419886658,1e-11,0.8228816535868462
0.061020313142045486,0.07653859121400068,1e-11,0.7972489717172042
0.5193011770371898,1.123558292981185,1e-11,0.4621933550588692
0.19653798905936734,0.5866115728629286,1e-11,0.33503939941070965
0.00027037255429136395,0.000270376038029164,1e-11,0.9999871152124817
0.26791787953180723,0.2738705004039805,1e-11,0.9782648336955143
0.3855120782814629,0.850778578615963,1e-11,0.4531285671397717
0.13659516614614253,0.25483149189891746,1e-11,0.5360215298677643
0.10264575175989893,0.10905413914220873,1e-11,0.9412366423437342
0.32129299258593624,9.937243937576724,1e-11,0.03233220343630672
0.16391563899518238,0.20624562147392822,1e-11,0.7947593642171122
0.25829704030939765,1.279472761562247,1e-11,0.20187771718876985
0.13037067840624159,0.17780155747932516,1e-11,0.7332369876535032
0.03243950745971103,0.03253866114020204,1e-11,0.9969527424603066
0.00010868914385917779,0.00010868967076831244,1e-11,0.9999951521691902
0.31095279974422607,1.0022279025047824,1e-11,0.31026156722147563
0.8862965650639831,1.4021670510795008,1e-11,0.632090566086003
0.712351656054263,3.099426460446035,1e-11,0.22983337889931715
0.055549880051586564,0.0749131654875504,1e-11,0.7415235985564945
0.04564633633277554,0.4588838321606388,1e-11,0.09947253124576502
0.24360780422610284,0.49216296318868374,1e-11,0.49497386525753123
0.6080024102045509,2.138007661163477,1e-11,0.2843780315893179
0.29275123403876047,0.29819384542125826,1e-11,0.9817480760717612
0.0758372087412202,0.07991832005770631,1e-11,0.9489339701642967
0.00013466298330705524,0.00013466423238557142,1e-11,0.9999907244968166
4.934343031664496e-07,3.529105155895557e-06,1e-11,0.13981853228208332
0.10961248678815484,0.9369229565399618,1e-11,0.11699199600461452
0.0022324013909684214,0.012854713166585801,1e-11,0.17366403762094562
0.1844401014141851,0.1914450543839934,1e-11,0.9634101126699359
0.5493380061760491,12.013079921612995,1e-11,0.04572832360731431
0.14158322311972027,0.47935796630788413,1e-11,0.2953601130491771
0.08738654549409186,0.10210729035042808,1e-11,0.855830618892978
0.3631215675541051,1.1113099188329991,1e-11,0.326750946248571
1.329281858752458e-10,1.6470472892075777e-10,1e-11,
4.9555978937440336e-05,4.9556316626082e-05,1e-11,0.9999931857598656
0.11405856945978306,0.43680679632558483,1e-11,0.26111903573672113
0.05190360264834412,0.08095742311953073,1e-11,0.6411222176836127
0.15563997657814418,0.3339256790263357,1e-11,0.46609166755896403
0.06275497911240013,0.06606679263708208,1e-11,0.9498717374873276
0.15808252318629223,13.067767388461117,1e-11,0.01209713323531299
0.8684350748271694,2.0654333832667064,1e-11,0.42046143044983875
0.6960650126361483,0.8823018752696236,1e-11,0.7889193394533328
0.17252590773234064,1.8608709549479159,1e-11,0.09271245127106059
0.06242605365360526,0.6192454568489048,1e-11,0.10080986943572709
7.564203343215869e-05,7.564266378138002e-05,1e-11,0.9999916667500875
0.1836531044900505,0.2135830619317559,1e-11,0.8598673641486204
0.0007159394063251073,0.0014396829153337618,1e-11,0.49728964530994035
0.024128331837500447,0.051492591650400515,1e-11,0.46857870354079906
0.1365768731055798,0.1483910010037985,1e-11,0.920385145876088
1.4644717175701705,8.859106075752893,1e-11,0.1653069401187537
0.26006509820525,0.5530439861402131,1e-11,0.47024306334164845
0.06674653507690036,0.09242500101896639,1e-11,0.7221696980366102
0.8978557445106752,1.360708024415398,1e-11,0.6598445282899111
1.2295352395337535,2.1601449083871587,1e-11,0.5691910921160231
0.00018469096189683464,0.00018469198123353023,1e-11,0.9999944808827715
0.600894163776642,1.4448601036057622,1e-11,0.4158839753946166
0.5062603246143779,0.5495620896493627,1e-11,0.9212067829085288
0.032520493044340244,0.034381157267894695,1e-11,0.9458812799971702
0.056982195864248235,0.05707674213314688,1e-11,0.9983435237302422
0.8480672245512174,9.79848341626701,1e-11,0.08655086593740555
0.024946709012096096,0.0518964934787215,1e-11,0.48070124472522785
0.03640188616976527,0.07361948907625686,1e-11,0.49445991308170195
0.062348057031702674,0.06263304429599095,1e-11,0.9954498896310789
0.03764134729684504,0.03786263488069991,1e-11,0.9941555154692188
7.528607398367911e-05,7.528676174762297e-05,1e-11,0.9999908647426468
0.06417679786683661,0.06783625475257239,1e-11,0.9460545559438184
0.47979444001861377,0.7388494111920096,1e-11,0.6493805540760273
0.391733039559434,0.8671867631903565,1e-11,0.45172857357538393
0.1916383225121593,0.33294619489345967,1e-11,0.5755834589834617
1.476846799109352e-08,2.607835912335242e-08,1e-11,0.5663112437879108
0.8197799768566968,1.3945409569753,1e-11,0.5878493369135351
0.5233647715919086,0.7635094604322901,1e-11,0.6854725431896884
0.898446451688895,1.802624822680486,1e-11,0.4984101186140961
0.5628545027819044,3.276863631701916,1e-11,0.17176622711320236
0.0001902018400078545,0.00019020342923223822,1e-11,0.9999916446070919
0.2872785613272737,1.7523606720624507,1e-11,0.16393803279615923
1.5983688305781463,3.41254595799685,1e-11,0.46838016256823745
0.6534480054541653,0.701351255769863,1e-11,0.9316986318601297
0.1400465795150534,2.5597865713090227,1e-11,0.05471025634900351
0.9164384938176136,8.899178522207537,1e-11,0.10298012243834402
0.25062191465626016,0.2594830806475624,1e-11,0.9658506983608007
0.24249485849487354,1.3084203587816579,1e-11,0.18533406092876287
0.12629483568281283,0.652852330831168,1e-11,0.19345084595473938
0.15268296495619946,0.1715254282973111,1e-11,0.8901476968857858
0.00011871566590966295,0.00011871665887069703,1e-11,0.999991635874497
0.07543447510283037,0.11094966264203028,1e-11,0.6798981926264466
0.45205791371961873,1.9735259146129336,1e-11,0.22906104772801048
0.28369786138511205,0.4074442145015799,1e-11,0.6962863903520023
0.00217114892054626,0.0035330655288913966,1e-11,0.6145226865428454
0.5439604176594239,9.009876744980051,1e-11,0.06037379123554573
0.1456317754597159,0.15036373338685985,1e-11,0.9685299252648281
1.0553114523722333,1.2693126904979755,1e-11,0.8314038457759487
1.5495143426780622,2.2399816044904037,1e-11,0.6917531552811913
0.45599248560842537,0.564657082262479,1e-11,0.8075564797334088
0.00018491519420774132,0.0001849162875722433,1e-11,0.9999940872460921
0.007030984592014525,0.046901070890119044,1e-11,0.14991096063641882
0.017124680453064693,0.03916262742895162,1e-11,0.4372709794339536
0.09359884949425572,0.12808782765993854,1e-11,0.730739612063311
0.01967005357164175,0.2735118879829803,1e-11,0.07191663118082
0.8757638379959964,7.894867117499922,1e-11,0.11092825565800349
0.023594349096623227,0.25855011861112404,1e-11,0.09125638473255021
2.1081006289612368e-10,2.215384701699787e-10,1e-11,
0.03715695362307999,0.25417742236721963,1e-11,0.14618510675349422
0.02259991338960013,0.05772210483446255,1e-11,0.3915296133849059
0.0003513712746508506,0.00035137554984316895,1e-11,0.9999878329829146
1.0493369823989063,1.2573587638425183,1e-11,0.8345565423126391
0.35680060784075107,0.9763523183775231,1e-11,0.36544247514429323
0.036282810236106564,0.03632678596875454,1e-11,0.998789440588391
1.1133103657823193,1.3864672321907714,1e-11,0.8029835396997922
0.6509529384203825,10.257035010801339,1e-11,0.06346404567546916
0.13049156135323817,0.13090372387639615,1e-11,0.9968514071949003
0.30691111506882296,0.3803029667181371,1e-11,0.8070174096125082
0.037437361732405694,0.0394467117872437,1e-11,0.9490616590382625
0.07903957204538506,0.0961547446999529,1e-11,0.8220038677449036
5.630064139852195e-05,5.630111268756193e-05,1e-11,0.9999916291345324
0.9966690281847939,2.408668296340686,1e-11,0.41378425983310385
0.005627396452007807,0.01227416277642402,1e-11,0.45847497336574383
0.4619603570811312,1.0869817569129456,1e-11,0.424993661708831
0.4625096565991255,0.985539850122456,1e-11,0.4692957433853714
0.14781683023501616,12.375982947202191,1e-11,0.011943845661845611
0.04723870109376396,0.05153959471098068,1e-11,0.9165516601103502
0.024022239052538162,0.03972814325528582,1e-11,0.6046655364227728
0.2366216565121785,0.7956335788516655,1e-11,0.2974002892810199
0.6506829843807272,1.6183006685016337,1e-11,0.40207793090958016
6.200142083545883e-05,6.200204377791695e-05,1e-11,0.999989952872193
0.27645875572885903,0.2805342440809997,1e-11,0.9854724033228403
0.05838476273876982,0.07234877932791356,1e-11,0.8069902945307034
0.00605316728085786,0.10087791193735836,1e-11,0.0600048827796581
0.029514189017369425,0.23221231114619273,1e-11,0.12710001839130883
0.2572733714514193,7.5586084689867565,1e-11,0.03403713428298625
0.05039263850587985,0.05096030596209205,1e-11,0.9888605956048523
0.04230593643043947,1.4615216041865642,1e-11,0.0289465008996467
0.055572049663078604,0.056135490761581926,1e-11,0.9899628365075428
0.0720666507386061,0.07265035055004325,1e-11,0.9919656298005737
8.27545878669708e-05,8.27549556759585e-05,1e-11,0.999995555444569
0.002694066207014191,0.024989487574678018,1e-11,0.10780798121463295
0.20016256845451058,0.20200555389136343,1e-11,0.9908765605630626
0.030569991026190308,0.030659504134031956,1e-11,0.9970804124081613
0.5417465999996455,1.1562227782102301,1e-11,0.4685486311195492
0.583779137331665,11.553494621612947,1e-11,0.050528360158630985
0.08047481362561515,0.08559512150305548,1e-11,0.9401799099349657
2.2854374194017465e-07,4.558830595655365e-07,1e-11,0.5013209794590313
1.1472573261669154,1.8300459552395483,1e-11,0.6269008288465315
0.20783435036050316,0.21591449988831182,1e-11,0.962577087078504
0.0004150829539299428,0.00041508704640058007,1e-11,0.9999901406929637
0.3026716972497566,0.36099754571923787,1e-11,0.8384314542823967
0.08960340698091275,0.20151178620683252,1e-11,0.44465591153533546
0.4964514817044086,0.534606433027247,1e-11,0.9286298312820831
0.8066343018706068,0.9263656011083594,1e-11,0.8707515703362702
1.3419148020855114,10.510996192474359,1e-11,0.12766770889388132
0.05411113040583566,0.05491141481275111,1e-11,0.9854259007959559
0.18690824805019274,0.44114815281469216,1e-11,0.42368589068694357
1.0493727137973465,1.4167866646731782,1e-11,0.7406709421840966
3.0220820152379545e-10,3.401204863613938e-10,1e-11,
0.00020276823042653824,0.00020276980210485993,1e-11,0.9999922489527268
0.3634319302082696,0.37797402899528837,1e-11,0.9615261957926743
0.4743921494615979,0.5172135614726159,1e-11,0.9172074841017386
0.5030425304805279,0.5988882709177507,1e-11,0.8399605651145139
0.03754824370228313,0.04026292404736319,1e-11,0.9325761749969612
0.45242672531344097,4.157511000569837,1e-11,0.10882153414661572
0.8989576749967548,1.0844704323499812,1e-11,0.8289370075759175
0.2069351368840722,0.30964745951129846,1e-11,0.6682927003847144
0.3521340401965233,0.7624031973312614,1e-11,0.4618737715544001
0.0165356991781636,0.037856447803101455,1e-11,0.43680007337637433
0.0005844510860742464,0.0005844559564917765,1e-11,0.9999916667501186
0.03208144084013255,0.03534981336659213,1e-11,0.9075420146475679
0.17648704906712037,0.1820457306633344,1e-11,0.9694654657598427
1.0059217251317831,1.3480658134307355,1e-11,0.7461963022204242
0.06591656541121463,0.4826652654507527,1e-11,0.13656786624091602
0.9137417421075392,6.463121558338538,1e-11,0.14137777447936983
0.08266018019111236,0.08686334510137245,1e-11,0.9516117540102231
0.040906378894767406,0.06576498256342447,1e-11,0.6220085112212543
0.16182533485072723,0.29394125885724365,1e-11,0.5505363060628374
0.051160425313760104,0.07186688744212523,1e-11,0.7118775716418755
0.00020826719914814745,0.00020826806526077376,1e-11,0.9999958413565458
0.25512724432421463,0.6177430516224475,1e-11,0.41299897045243245
0.021266621055988026,0.07481683974820666,1e-11,0.2842491226248003
0.768690894269022,0.8278872881628394,1e-11,0.928497037289726
0.47166191872843133,0.6790971617677938,1e-11,0.6945426152284648
1.2033055601821117,8.079928800872487,1e-11,0.14892526776376747
0.35998821648700147,0.3986992662290365,1e-11,0.9029066441276139
0.009775839070504411,0.016439849881028742,1e-11,0.5946428429243465
0.03547973385151951,0.04961613868960594,1e-11,0.7150845428234047
0.15699864522528528,2.202593293503701,1e-11,0.07127899902734425
0.0002472539205407619,0.0002472551168526052,1e-11,0.999995161629581
0.06622562648304824,0.06630851783554426,1e-11,0.9987499139597479
0.19007318310674096,0.3407893743801947,1e-11,0.5577438658480287
0.04116639128647351,0.054994495112528484,1e-11,0.748554763567513
0.32746143467231625,1.096021905672643,1e-11,0.2987727097218453
0.719031035723984,7.457508714975457,1e-11,0.09641705604447963
0.016923834621188818,1.1894137406854435,1e-11,0.014228719613946813
0.41897608216086435,1.1899077208723468,1e-11,0.3521080457009759
0.3388898798567006,0.3544043429823911,1e-11,0.95622383463156
2.9086670585549853e-12,2.9106076019370366e-12,1e-11,
0.0001946539418397911,0.00019465574111376388,1e-11,0.999990756635471
0.9424505829667811,1.1528259852088003,1e-11,0.817513306482317
0.016906683824411396,0.06812189519548684,1e-11,0.24818281663912786
0.0985652008970238,1.8811425205475707,1e-11,0.052396455781741104
0.040353473098594085,0.48080470045534635,1e-11,0.08392903201731869
0.8203327714089272,10.597630078193193,1e-11,0.07740719060357946
0.10010322724947367,0.10159555679539456,1e-11,0.9853110746867964
0.16060088386286336,0.1987964491905887,1e-11,0.8078659579522632
1.209473728005958,2.6114344889761645,1e-11,0.46314534525434053
1.3880147719444473,1.9441172044679849,1e-11,0.7139563235974155
0.00019291134361184133,0.00019291315746783815,1e-11,0.999990597551662
0.04896133717962233,0.05341302707880057,1e-11,0.9166553527735727
0.07054322984320346,0.07399920479914494,1e-11,0.9532971338635059
1.1072128006886428,1.5599213631300797,1e-11,0.7097875744626967
0.09219816717297562,0.14275617280741346,1e-11,0.6458436462663959
0.003737116937753237,0.013840173002428301,1e-11,0.27001952483524216
0.13869592423548138,0.1494098531961787,1e-11,0.9282916840388722
0.10577319945981938,0.11207784134745641,1e-11,0.9437476506342427
0.7081857902108672,0.9779823514408399,1e-11,0.7241294172308045
0.8052042448871094,1.0569529046559623,1e-11,0.7618165779573718
0.00035390109580708167,0.00035390404011859057,1e-11,0.9999916804806526
0.010983947779225038,0.031710440831164304,1e-11,0.3463826894651765
0.0930876031721461,0.17185091154137094,1e-11,0.5416765167971567
0.009358108302475722,0.9379331015557302,1e-11,0.009977372892537455
0.007516858485080377,0.032393367599740264,1e-11,0.2320493064494057
0.495174381230635,8.341234173275812,1e-11,0.059364642083434956
0.028630059988249152,0.03851671256953567,1e-11,0.7433152540358222
0.16944621280576114,0.20209532846977757,1e-11,0.8384469551511728
0.0590704284216781,1.2414116403900468,1e-11,0.047583272542150806
0.47659372453748056,0.4916368142870608,1e-11,0.9694020274470398
0.00013927888044209245,0.00013928031089937814,1e-11,0.9999897296518334
1.0197222452682353,2.6915429740350167,1e-11,0.37886158798331293
0.11918287646112931,0.5032642267202144,1e-11,0.23681968662435457
0.7498621814956525,1.4978036465917943,1e-11,0.5006411776349594
0.7048134305441401,0.9037137187176055,1e-11,0.7799078579268329
1.2775493598291052,8.98219309941533,1e-11,0.14223133990653838
0.9337139872813477,2.6891820299667613,1e-11,0.3472111507798855
0.020656193037317614,0.16889660964755981,1e-11,0.12230081515799125
0.2086716449385785,1.0849401846071818,1e-11,0.19233470001309896
0.013305013158074816,0.03525588414387122,1e-11,0.37738418653124944
7.266393971229542e-05,7.26645903301667e-05,1e-11,0.9999910462872175
0.05598640105492113,0.062286771692613346,1e-11,0.8988489776162314
0.09208198642818533,0.09494244378424015,1e-11,0.9698716691709
0.1977243200810057,0.20230527116281907,1e-11,0.9773562445729527
0.17720865080956816,0.3390485166466351,1e-11,0.522664580757507
0.2840284927676791,11.5134853194558,1e-11,0.024669201800059628
0.6410443392713115,1.0044180404100487,1e-11,0.6382246370342057
0.06818737886605065,0.07196777090590402,1e-11,0.9474710416584095
0.0027162753690184644,0.11901653082701721,1e-11,0.022822673036625423
0.054762876656911215,0.16724551460906723,1e-11,0.3274400320087403
2.129249379891854e-05,2.129268239256908e-05,1e-11,0.9999911427951133
0.0026336410113407638,0.03458634340080179,1e-11,0.0761468473501512
0.023930946974070708,0.055568189073578904,1e-11,0.4306591122194621
0.048505229354376296,0.05778232841279079,1e-11,0.8394474692653455
0.029140006385905668,0.03429570489310425,1e-11,0.8496692654876669
1.365162279066983,9.019482923086063,1e-11,0.15135704460094324
0.21914455704796024,0.25686465834750083,1e-11,0.8531518444685733
0.05016294573183521,0.0740687906500365,1e-11,0.677248072927872
0.031304036798984115,0.2621889764026596,1e-11,0.1193949388280482
0.5507073788252337,0.7048680950258241,1e-11,0.7812913972295163
2.0900882461552084e-05,2.0900891995129205e-05,1e-11,0.999999543867452
0.10229528770993028,0.13583361144679423,1e-11,0.7530926007220176
0.12284072066403616,0.14027167588572043,1e-11,0.8757343197647022
0.04912860537805978,0.050098667053091656,1e-11,0.9806369763490141
0.05193539828313323,0.5216851437769472,1e-11,0.09955314791432673
1.0718573836073895,8.420998639355256,1e-11,0.12728388039372193
0.42090387746139996,0.5091072845042242,1e-11,0.8267488803883096
0.030833460932967807,0.06257417341534212,1e-11,0.4927505910195207
0.304425709092263,0.3276085017703177,1e-11,0.9292362910218128
0.0012871070792414322,0.05229684097898801,1e-11,0.024611564583003592
0.0002488457012503512,0.0002488480807376162,1e-11,0.9999904379922966
1.3698579439072804,1.9954857313544112,1e-11,0.6864784460160015
0.49416848652152595,0.5385775919476982,1e-11,0.9175437186950681
0.036005961086733096,0.046390310320091874,1e-11,0.776152624078023
0.13658210901206472,0.13812886552055417,1e-11,0.9888020762158559
1.046204051899185,7.335938653489474,1e-11,0.14261352245653514
0.19405114353567654,1.1151534136531656,1e-11,0.17401295746383308
0.02746639005761398,0.03366690950602559,1e-11,0.8158274834432943
0.19902694873769958,0.24585709962004743,1e-11,0.8095228856326698
0.9644006112696512,1.0728649277355156,1e-11,0.8989021696377019
0.00013733448397949127,0.000137334698675861,1e-11,0.9999984366924616
0.18125170069853866,0.23223542241310308,1e-11,0.7804653519915064
0.89455057818822,2.896380738945258,1e-11,0.30885116937836643
0.6458792183938442,0.7983963192659446,1e-11,0.8089706863724943
0.07087143796384698,1.3819530348625104,1e-11,0.05128353581921685
1.2670865440667802,9.399148385361494,1e-11,0.1348086541585169
0.6977912326142468,2.3804844469639574,1e-11,0.2931299271894852
0.7874329543750134,1.0608297809306488,1e-11,0.7422802117076795
1.5252356913416254,2.8767112299372313,1e-11,0.5302011809419277
0.09472260122078514,0.15392106270821518,1e-11,0.6153972663270181
7.550585996651502e-05,7.550650369095255e-05,1e-11,0.9999914745829027
0.09307888441355776,0.1454163843298038,1e-11,0.6400852616611289
0.39431043955396106,0.4605654973929932,1e-11,0.8561441136731575
0.7540346582493567,1.6964632520800011,1e-11,0.4444745014811545
0.04598178181902104,0.04927157620843126,1e-11,0.9332313954095245
1.053706522172801,10.838942279814646,1e-11,0.0972148845312257
0.03735003955374668,0.04129937421990975,1e-11,0.9043730143431772
0.29170635180235793,0.36031468497235475,1e-11,0.8095877408514149
0.4950002511191172,2.4520049361496183,1e-11,0.20187571559150927
0.1984039142044145,0.3049043060582687,1e-11,0.6507087970299067
0.00017768015611716262,0.00017768165415449723,1e-11,0.99999156898138
1.1069816964745969,1.6229814205231234,1e-11,0.6820667707445424
0.023493788038022496,1.0686360809187867,1e-11,0.021984835116013603
0.1361342703134203,0.13960674097930673,1e-11,0.9751267693699609
0.6768602688242831,1.4695711959754494,1e-11,0.4605835162514921
1.0985500527127368,9.879705824360094,1e-11,0.11119258733433893
0.12262101535855804,0.12386764794348797,1e-11,0.9899357693019353
0.06690948849775802,0.06869975664015901,1e-11,0.9739406916420651
0.226675443749194,0.24215353802818654,1e-11,0.9360814861305438
0.011540752869178125,0.09126726629585559,1e-11,0.1264500772025664
0.00010580238025380635,0.00010580280637114821,1e-11,0.9999959725327099
0.33309151502941164,1.9132881293862982,1e-11,0.17409375509806424
0.020493728114547673,0.19309752345266706,1e-11,0.10613149121806933
0.057920376688507434,0.05930739084826408,1e-11,0.9766131313497626
0.2067782746038268,0.25361399355655373,1e-11,0.8153267558468419
0.3918207400054224,9.294942050659797,1e-11,0.0421541885758835
0.016652921676443444,0.03225344314534716,1e-11,0.5163145404786271
0.07308066351720784,0.07330953655312548,1e-11,0.9968779909589008
0.3879968083983815,1.4815949707898988,1e-11,0.261877784447071
0.044963693116466065,0.18492321839504078,1e-11,0.24314790488024454
0.0001890578399179362,0.00018905868276092712,1e-11,0.9999955418974753
0.04367722912006633,0.054454130624936765,1e-11,0.8020921208145181
0.06143227451917538,0.07118156332126768,1e-11,0.8630363208224257
0.141914062930861,0.14663263856210543,1e-11,0.9678204274470182
0.5680026011262032,1.3389262446297594,1e-11,0.4242224718533824
0.9324451479143312,8.994445621691336,1e-11,0.10366899608193886
0.05543718666954183,0.07300785081146369,1e-11,0.7593318534016767
0.14403576252834507,0.8669376286726688,1e-11,0.16614316620316977
1.0693527856285396,2.104517672436418,1e-11,0.5081225021933604
0.051724972937438246,0.05191228800465909,1e-11,0.9963917008010891
0.00019877483320193982,0.00019877736804453785,1e-11,0.999987247830963
0.024571543983054972,0.02567542465362908,1e-11,0.9570063324963125
0.319243581972435,0.332690728227678,1e-11,0.9595806401732953
0.06859557265498654,0.07698487977627226,1e-11,0.8910265607263907
0.0028770805579807607,0.003867556268304162,1e-11,0.7439014091557864
0.8931930924431034,8.68655377306841,1e-11,0.10282479286691791
0.1817037677512576,1.6490873639008465,1e-11,0.11018444002957188
0.11356541170539435,0.18744619103948335,1e-11,0.6058560650158696
0.11842893037812022,0.2804312298621354,1e-11,0.42231006309939806
0.48802207097844646,0.5257192520920664,1e-11,0.9282940828900476
0.0002748409902750074,0.0002748425452354653,1e-11,0.9999943423589802
0.044500170149729075,0.05509059249219659,1e-11,0.8077635061926841
0.022061876783836764,0.03200041481875535,1e-11,0.689424712422989
0.8207526579387967,2.1410393479577134,1e-11,0.3833430986318365
0.05054798733052864,0.1075553286191628,1e-11,0.469971948200832
1.1003485766966714,7.584422775764306,1e-11,0.14508006861283992
0.10127959117161157,0.1070625086153653,1e-11,0.9459855973996505
0.050415272884658406,0.0701684983017548,1e-11,0.7184886965636773
0.07390250964176763,0.07551784068990271,1e-11,0.9786099412618526
0.08352320469130209,0.1164422448351497,1e-11,0.7172929791034864
0.00029285823154021333,0.0002928606720214676,1e-11,0.9999916667497981
0.007136868180209272,0.01084963787140906,1e-11,0.6577978237427011
0.20352339564835475,0.5520143141547961,1e-11,0.3686922429900661
0.033041473979732894,0.03328682733806125,1e-11,0.9926291155406147
0.5702654851821573,1.5626276006629218,1e-11,0.36494010789277653
0.39807240530547117,8.841088020258285,1e-11,0.04502527340451044
0.008656792973846581,0.028281616860789012,1e-11,0.3060925765474453
0.13753688800926503,0.15287514533199453,1e-11,0.8996680769171479
1.1289714114679572,2.1861671512879175,1e-11,0.5164158700321044
0.1989847031655965,0.24370256349451935,1e-11,0.8165064015425159
0.00011582744140101315,0.00011582840662807913,1e-11,0.9999916667500307
0.6985744421719281,2.0487632440794488,1e-11,0.34097372851191105
0.09592321339974363,0.22704319911642704,1e-11,0.4224888205110011
0.04549322261843212,0.1402080457397085,1e-11,0.3244694152779845
1.4219992560474668,3.1666214281926974,1e-11,0.4490588118261588
0.15562806479888563,7.534907209389923,1e-11,0.02065427754769741
0.9562082701568436,1.7813199764407688,1e-11,0.5367975898790684
0.013102109378737934,0.2140102281763288,1e-11,0.06122188406781545
0.9282741373184309,1.651287674663466,1e-11,0.5621516780882011
1.0296628972772197,1.6068733098743495,1e-11,0.640786607724373
0.00042359088095738007,0.0004235950295011451,1e-11,0.99999020634456
0.25136131561050573,0.4130391806564685,1e-11,0.6085653065915001
0.05495757879956365,0.06388902947149866,1e-11,0.8602036883981875
0.5253085676076563,1.7393410314696875,1e-11,0.3020158543398401
0.7959405798026234,1.3079492482702741,1e-11,0.6085408748506353
0.428243994700812,8.42118001655307,1e-11,0.050853205116033064
1.3562546957819532,2.9851611713679747,1e-11,0.45433215090374446
0.03376142196717917,0.06947796181361592,1e-11,0.48592994218438323
0.0392430523792588,0.03956904885847671,1e-11,0.9917613263744631
0.09116616209222675,0.30375400150633847,1e-11,0.3001315592226836
0.0002121207213900114,0.00021212277613741004,1e-11,0.9999903134051135
1.3615782593601191,2.6913852501950646,1e-11,0.5059024007289314
0.47716942739289425,0.5749722330811339,1e-11,0.8298999498390756
0.49039446238003487,0.705363266625421,1e-11,0.6952367462033657
0.050793815922064695,0.06710006187875446,1e-11,0.7569861263890618
0.2302766928379607,1.8296441967560788,1e-11,0.12585872884260038
0.6227088630800522,2.030986370189708,1e-11,0.30660415659110846
0.3902594628767554,1.649997707134544,1e-11,0.2365212152655027
0.16616184513556712,0.1675498711374051,1e-11,0.9917157441398466
0.2445080680466139,0.396800413006379,1e-11,0.6161991268962796
0.0001308601592247122,0.00013086125970546906,1e-11,0.9999915904771256
0.0030905030074961527,0.0035345133940071585,1e-11,0.8743786380145468
0.13974356142571154,0.1637148929538782,1e-11,0.8535787972880399
0.9894173902576457,1.1820040586683564,1e-11,0.837067675869338
0.027252376802048943,0.02921746514863914,1e-11,0.932742681933798
0.013666019067975432,0.03285774350976966,1e-11,0.41591471623460957
0.045521433930935246,0.33676584798551074,1e-11,0.13517235848955145
1.7858288593848912,3.3274008412296237,1e-11,0.5367038552304229
0.08004021437386927,0.09134122079652975,1e-11,0.8762770376385223
1.2585076223385797e-10,1.417669085703519e-10,1e-11,
0.00017601229100989467,0.00017601375777658577,1e-11,0.9999916667497494
0.04501571454159873,0.045157456292241556,1e-11,0.9968611661886904
0.03586278472445824,0.14204702055180016,1e-11,0.25247122104458497
0.22716716899888814,0.23706234010320187,1e-11,0.9582592026215299
0.2342575886733302,0.252952746642536,1e-11,0.9260922910806535
1.7198135769716787,9.57788147014698,1e-11,0.17956095847835615
0.17389601190435675,0.24538030017407492,1e-11,0.7086795956358086
0.012751545914515562,0.012914209321423769,1e-11,0.9874043077001733
0.14982634187305188,0.16735321500549624,1e-11,0.8952701737348234
1.2883204018468017,1.9110338279415873,1e-11,0.6741484022993341
1.7028882493750555e-06,1.702902440107675e-06,1e-11,0.99999166673775
0.2513346311118472,0.28876163844445757,1e-11,0.8703878827733921
0.0048476305305397635,0.03351621670255706,1e-11,0.1446353737822062
0.062020740156419375,0.11001683731630091,1e-11,0.5637386210086037
0.018592625947461937,0.019951540730435813,1e-11,0.9318892309454142
9.56389715864359e-07,3.5353363312950644e-06,1e-11,0.2705229789308375
0.002704124702618313,0.039450124717026074,1e-11,0.06854540313915038
0.01885974775970863,0.025821664286821342,1e-11,0.7303846704154588
0.8699604643728414,1.4323109302941144,1e-11,0.6073824097636408
0.21765962215697332,0.5979498133180139,1e-11,0.36400985050765977
5.3771250537147395e-05,5.377183108045317e-05,1e-11,0.9999892035793814
0.10642364216048826,0.10702926309034382,1e-11,0.9943415388243462
0.023771935756554494,0.027999989337613038,1e-11,0.848998028889286
0.23591950930427322,0.244059341422766,1e-11,0.9666481435578704
0.262938392807907,0.37689805511042784,1e-11,0.6976379666667909
0.6806011278283086,7.241503674597485,1e-11,0.09398616066657446
0.036889276839966643,0.1448179874924626,1e-11,0.2547285560219971
0.008593536209391886,0.11191528021955323,1e-11,0.07678608490755913
0.019933667342758338,0.03654275250413284,1e-11,0.5454889403994382
0.16811366181116225,1.1451516084443385,1e-11,0.14680472050293908
0.0002966484271513415,0.00029665089921743605,1e-11,0.9999916667500381
0.5999239417119397,1.7743430553516206,1e-11,0.33811045722105476
0.02513346553474378,0.03126834259758585,1e-11,0.8037990966839499
0.27616702509304286,0.472340725424396,1e-11,0.5846775647916196
0.30755190567919843,0.5461975902756612,1e-11,0.5630781079132547
0.846363077290983,10.606720832347799,1e-11,0.07979498005734167
0.06323688949710222,0.06370120103566088,1e-11,0.9927111022867728
0.22186888793060033,1.952495943174903,1e-11,0.11363346935811047
0.36929193309556657,1.2170958106891339,1e-11,0.30342059339311106
0.11312105260474023,0.11488044804142211,1e-11,0.9846849880316666
0.00013185613709735551,0.00013185723216933503,1e-11,0.9999916950176982
0.01343877391102274,0.13184479396137652,1e-11,0.10192874141818282
0.41097318507714387,0.7894223130454026,1e-11,0.5205999099413691
0.025778750267850994,1.1757341572409092,1e-11,0.02192566245446665
0.14470237031885064,0.14826620630236867,1e-11,0.9759632618086277
1.1477065320306716,8.568842207437918,1e-11,0.1339395106417575
0.2389821823112529,0.2973357223538698,1e-11,0.8037452762800957
1.1055364955678137,1.658084350672923,1e-11,0.6667552800429838
0.24902736109419354,0.2773394512258669,1e-11,0.8979153885012349
1.2238010718851482,3.055925377754169,1e-11,0.40046824467439457
3.819773920269423e-05,3.81980861768959e-05,1e-11,0.9999909164506289
0.7937221474349547,0.8665275005498331,1e-11,0.9159803317624869
0.4666837616903984,0.7886447005778049,1e-11,0.5917541338304562
0.013326061831895887,0.01710010614120086,1e-11,0.7792970243493507
0.05851846006945824,0.0971071720192057,1e-11,0.6026172820467324
1.7523625429613945,10.393962636922181,1e-11,0.16859426997904786
0.04090614948554388,0.29002623763611396,1e-11,0.14104292707774746
0.08435820291893203,0.09967311290735116,1e-11,0.8463486336314714
0.6006688600098455,0.7465194286792364,1e-11,0.8046258904106034
1.0181773048092873,1.3321403159175074,1e-11,0.7643168611018434
6.70337011350318e-05,6.703404859683002e-05,1e-11,0.9999948166371344
1.1344376486719963,2.2139571913086646,1e-11,0.512402702782809
0.2081629130416733,0.3477572756645632,1e-11,0.5985867948955907
0.5249203879977469,2.3194005358197294,1e-11,0.226317265987967
1.2318802723270428,2.9909833689882195,1e-11,0.4118646345879748
0.05044787208677753,4.290149104733493,1e-11,0.011759002042869879
1.6760071577997422,3.6503035049989414,1e-11,0.45914186464345197
0.4100467483034822,0.5218072038276025,1e-11,0.7858204051145213
0.1840055446059883,0.1932489125261721,1e-11,0.9521685902427423
0.04962802367241919,0.06337160341653195,1e-11,0.7831271578568355
0.00022521375612570598,0.0002252156831985809,1e-11,0.9999914434339228
0.07659560940060307,0.11244253821829374,1e-11,0.6811977976866892
0.4075405637004447,0.42555092302224884,1e-11,0.9576775460997825
0.032595251389680155,0.03273181782074574,1e-11,0.9958277162663717
0.930548494973502,1.1002743006226334,1e-11,0.8457422793997048
1.4454872382399084,9.979564505668392,1e-11,0.1448447211718379
0.35895089343357955,0.9174692356738545,1e-11,0.39124025032832904
0.03785400450443468,0.04227046910563492,1e-11,0.8955189120290244
0.2878031877080898,1.7697259433803991,1e-11,0.16262585107293479
0.03321884877581265,1.0029464490727442,1e-11,0.03312125867390481
0.00029434125774091844,0.00029434413304407943,1e-11,0.9999902314915156
1.2931498502788568,2.9181407053572146,1e-11,0.4431417059173506
0.05360183085769,0.05918028377043318,1e-11,0.9057379830353194
0.04922295698255458,0.08930228772683774,1e-11,0.5511948040247322
0.585261216470774,2.267164426905869,1e-11,0.258146788792692
1.1899917725780098,8.261294877741577,1e-11,0.1440442194823728
0.8849700119726585,1.5626762566712817,1e-11,0.5663169246954375
0.07509045656868511,1.4792944709177822,1e-11,0.050760993192989885
0.015447095626076235,0.1368019291807931,1e-11,0.11291577332701093
0.021004037523968736,0.1030620339605381,1e-11,0.20379995151280508
1.0344234048139311e-05,1.0344320249944716e-05,1e-11,0.9999916667501274
0.21929926191858884,1.3554287106295788,1e-11,0.16179328370337323
0.6028599106550504,1.918729574516161,1e-11,0.3141974349392469
0.024887059989581135,0.17103293419894688,1e-11,0.14551033756242707
0.06401296929090255,1.2312054858228418,1e-11,0.05199210857001768
1.0249026444862257,6.919536049820069,1e-11,0.1481172490622224
0.13978463959580537,0.14138556745155492,1e-11,0.988676865081734
0.028561233430097855,0.04289589066518815,1e-11,0.665826795695293
0.035189343311567506,0.040093355127129214,1e-11,0.8776851725176923
0.7149574367128428,2.226880009075714,1e-11,0.3210579078347343
4.447363618985826e-05,4.4474106541339825e-05,1e-11,0.9999894241499573
0.2032370551564801,1.22789786971917,1e-11,0.1655162535650966
0.07442154108267568,0.159387921253388,1e-11,0.4669208337585603
0.2666396696710888,0.37048248957017954,1e-11,0.7197092364080002
0.1367304066489222,0.1388219842833186,1e-11,0.9849333832447766
1.556259712706224,9.14693146985851,1e-11,0.17014008663282323
0.026539656915982687,0.050222443732254055,1e-11,0.528442165368753
0.07978115873176411,0.22942187277148446,1e-11,0.34774870315538786
0.018674606470879655,0.018966160809723437,1e-11,0.984627656499975
0.7436626561546346,1.6681590584657726,1e-11,0.44579841015795624
0.0003051720319752622,0.00030517569509369536,1e-11,0.9999879966901295
0.7210784940176402,0.9012154516962039,1e-11,0.8001177661351427
0.428834119446821,0.512561588747249,1e-11,0.8366489586059966
0.5346129074862506,1.1196021763021846,1e-11,0.4775025618938746
0.03271902009778357,0.0396246749511762,1e-11,0.8257233690395825
2.0418506445558786,13.51458430932163,1e-11,0.1510849758913798
0.026085634231612566,0.027710131995086037,1e-11,0.9413753148573399
0.06562766750196744,0.08553127917480652,1e-11,0.7672943528394961
0.15515673301915606,0.24548001614864173,1e-11,0.6320544354421355
0.12458088302249125,0.12524021282424186,1e-11,0.9947354784307506
0.00019471763171880914,0.000194718098296725,1e-11,0.9999976038287147
0.17551273248212468,0.2163011323188612,1e-11,0.8114277100657609
0.016882204376498986,0.03803624710984573,1e-11,0.4438451650538627
0.006094856287552828,0.037091785257901626,1e-11,0.1643182242422383
0.658523649452694,0.9339970047494872,1e-11,0.7050597015879302
0.3807933774445844,8.740629401523076,1e-11,0.043565898970413984
0.05528371203691594,0.060926082591074564,1e-11,0.9073899007748578
0.20705319854932805,1.4798119104846255,1e-11,0.13991859173610782
0.4553412127164451,0.6742267911004263,1e-11,0.6753531878691275
0.31426371683423976,0.3263382676147621,1e-11,0.9629998931207903
0.00010180402645589492,0.00010180470751130508,1e-11,0.9999933101776253
1.40049807060596e-10,1.531776402457002e-10,1e-11,
0.6699844066237266,0.7147026996643389,1e-11,0.9374309162934262
0.08238252828347416,0.12610807599947,1e-11,0.6532692504468975
0.006115285743726071,0.03232410745048336,1e-11,0.18918653061322585
0.5465436778047386,9.307951482608908,1e-11,0.05871793367487008
0.04020589107158292,0.11107599379769081,1e-11,0.36196742155476236
0.015222912155559121,0.03244753760692235,1e-11,0.4691546193727646
0.4169493048866751,0.5024347881291105,1e-11,0.8298575551252072
0.3523849302856513,0.7081402659354156,1e-11,0.497620241690634
3.749402345997024e-05,3.7494112341876914e-05,1e-11,0.9999976294436346
0.07403962322199109,0.07419082247399109,1e-11,0.9979620221617977
0.08594698957801256,0.09089487538773598,1e-11,0.9455647440120588
1.1039102345990628,1.3052412473893409,1e-11,0.8457518767561419
0.09687120576314298,0.10093342993407795,1e-11,0.9597534318056158
0.7615842906133277,4.677913080839979,1e-11,0.162804284186609
0.040450821666069316,0.06368367056332655,1e-11,0.6351835770183085
0.04723075767712522,0.5303803248577869,1e-11,0.0890507348472804
0.26262246496937525,0.859537436788826,1e-11,0.30553929791646434
0.02860547733475907,0.04121591356401199,1e-11,0.6940396284151802
8.186076200209641e-06,8.186108620277873e-06,1e-11,0.9999960396239854
0.05294570942523328,0.07056249454739259,1e-11,0.7503378354867092
0.5417546092641742,1.2504344513075565,1e-11,0.4332531055087864
1.4701561425496625,2.668320551633693,1e-11,0.5509668400408458
0.019826102596323423,0.023434968191553978,1e-11,0.8460050994849996
0.5632598194799787,10.514282889504734,1e-11,0.05357092113644952
0.03754039701485734,0.04985924803495674,1e-11,0.752927460689689
0.025099174381908434,0.03595736992581832,1e-11,0.6980258687909924
0.3292903842947685,2.1859002679117308,1e-11,0.15064291318713796
0.08593822106795906,0.2591598866025786,1e-11,0.3316030972020961
0.00014331090118167454,0.0001433120954372188,1e-11,0.9999916667498259
0.07703776998780583,0.08220599259572661,1e-11,0.937130828973295
0.12518009587233872,0.6953953479017859,1e-11,0.18001284628958794
0.1335501871214266,0.1652827726690861,1e-11,0.8080103265741341
0.6374520474899745,0.9374205148825796,1e-11,0.6800065044126127
0.9615049111212376,10.51692454263496,1e-11,0.09142453264006567
0.026774344787590876,0.06687556631515235,1e-11,0.400360643847355
0.14810264747152532,0.3520180497132128,1e-11,0.42072458384501515
1.0817700874295393,1.295171970211513,1e-11,0.8352327816767658
0.12450149998548687,0.12775217735168057,1e-11,0.9745548182928803
0.00016664494480774528,0.0001666465618681846,1e-11,0.9999902964668386
0.04082166632664884,0.06179840025360833,1e-11,0.6605618617816132
0.05340455259916608,0.08737393127662645,1e-11,0.6112183785125441
0.26361843810902175,0.3216565595282325,1e-11,0.8195649375087075
0.20650304355122193,0.4607988560081834,1e-11,0.4481413980497265
1.5691415717190376,10.427833150129475,1e-11,0.15047628295621077
0.05990755229621466,1.0386154373883336,1e-11,0.05768020591611474
0.1137963155308824,0.9718311616365889,1e-11,0.11709473828689178
1.0888856442990913,2.0716162945833854,1e-11,0.5256212973156175
0.14087937890085753,0.14167123854858313,1e-11,0.9944105828689142
3.0927119836049176e-05,3.092729065375975e-05,1e-11,0.9999944767968042
0.05322242255485624,0.055808471835228406,1e-11,0.953662066074711
0.0075077254598393895,0.3182917485118141,1e-11,0.023587559196686887
0.07708333906802808,0.08371926124000603,1e-11,0.9207360161366676
0.16761706158069628,0.4199841236322481,1e-11,0.39910332831406575
0.1859628004779247,7.563938046566372,1e-11,0.024585447333527802
0.22786916038694097,0.2407468231542703,1e-11,0.9465095215022741
0.07655790970807619,0.2150008910100291,1e-11,0.35608182528185434
0.9167574550932943,1.1701022891729498,1e-11,0.7834848829680315
0.0932874255658456,0.2856133741017657,1e-11,0.3266213490850283
0.00018016508381621984,0.00018016638338591787,1e-11,0.999992786835848
2.359189157800965e-06,2.3614102460513912e-06,1e-11,0.9990594229638242
0.18741959055980748,0.3370611059089904,1e-11,0.5560403952700864
0.26256262903969396,0.47039253285252053,1e-11,0.5581777147853104
0.04260067383326904,0.042890819580383564,1e-11,0.9932352482430244
1.219022523757235,10.27543730680013,1e-11,0.11863461255809561
0.4557023175995469,0.51955149884848,1e-11,0.8771071175996091
0.11708290367286807,0.24714027276478495,1e-11,0.47375080703379086
0.041837802457146016,0.07256458014799219,1e-11,0.5765595607639389
0.11294240355582277,0.17698525476909122,1e-11,0.6381458370821697
0.0002588354121688928,0.0002588370542237199,1e-11,0.9999936560287628
0.5503346302656565,0.7311266612548444,1e-11,0.7527213264540352
0.18271432808267243,0.24516548121269588,1e-11,0.7452693877575559
2.0798264951531932e-10,2.1781865034666148e-10,1e-11,
0.4600954829519761,0.7174026545956971,1e-11,0.6413350717405273
1.471993313179195,11.60803095067337,1e-11,0.1268081830100398
0.2226289974294686,0.34990596524006445,1e-11,0.636253792577462
0.5496585055723631,0.7419526719923183,1e-11,0.740826910288496
0.21255687642872287,0.3338890603680407,1e-11,0.6366092863133184
0.7251075221588511,0.9436996207489088,1e-11,0.7683668682450189
0.0001871479516559305,0.0001871495283247876,1e-11,0.9999915753522265
0.05792268142283575,0.06913720624760386,1e-11,0.8377932023373191
0.16296424571564,1.2273645395783672,1e-11,0.13277574873690143
0.06909915640519385,0.07459486898854208,1e-11,0.9263258631878235
0.10523486620418254,0.10761051291426488,1e-11,0.9779236559166384
1.292461247781268,10.213560913782796,1e-11,0.1265436470875836
0.054514545517401036,0.07633886995310077,1e-11,0.7141125556468463
0.0238897943794616,0.2341147041326669,1e-11,0.10204311800049883
0.2689821082531046,1.1438141386448863,1e-11,0.2351624264513607
0.18456182364849588,0.2775570140423989,1e-11,0.6649510346018591
4.862681804236418e-05,4.862686430518025e-05,1e-11,0.9999990486160947
0.37903274508686713,1.7448733461775785,1e-11,0.21722650868454058
0.11267844766450018,0.2735530462378021,1e-11,0.4119071208095698
0.011926408982663811,0.10020148163639658,1e-11,0.1190242777640898
0.07747299823242228,0.11684495238779331,1e-11,0.6630410355707913
0.34807554654173345,9.190415064286979,1e-11,0.03787375696385245
0.014489226267848581,0.049981193187806784,1e-11,0.28989356483356854
0.18274180347904825,0.2905849852857176,1e-11,0.6288755879777045
0.07508159109482938,0.09993893335935798,1e-11,0.7512746891629595
1.0443600243670983,1.3544248174611349,1e-11,0.7710727172917194
0.00019136476389499998,0.00019136610180391694,1e-11,0.9999930086420513
0.09425714404315735,0.10302804970298281,1e-11,0.9148687596716535
0.02792604480685323,0.056954905346970855,1e-11,0.4903185184265867
0.02974529894434724,0.0993596728012426,1e-11,0.29936993657224725
0.02615259271808537,0.05249425727688201,1e-11,0.49819911881299694
0.7584712433965687,10.567039692579842,1e-11,0.07177707905546772
0.008031188512172683,0.04449683757305325,1e-11,0.18048897292953409
0.03488637993828097,0.05510870264222393,1e-11,0.6330466562562707
0.6709007444942068,0.7232400238939162,1e-11,0.9276322138286605
1.6908589827853108e-10,1.7971995321535758e-10,1e-11,
4.629569865156325e-05,4.6295778355761825e-05,1e-11,0.99999827837005
0.03193311125497322,0.03200539909652867,1e-11,0.9977413860287314
0.03184150051397625,0.31109878381393175,1e-11,0.10235173575291333
1.426113640978969e-06,1.5233238510297602e-06,1e-11,0.9361854605079035
1.0358383487472371,1.461683347932187,1e-11,0.7086612502034836
1.6473874998471854,9.315049772770475,1e-11,0.17685224878376796
0.00175585877275648,0.0018022921850071089,1e-11,0.9742364680727694
1.177960627792075e-06,1.3177637069112708e-06,1e-11,0.8939088408749071
0.021438853795951566,0.12644902722873577,1e-11,0.16954542289337238
0.017412717901882934,0.40915245293741165,1e-11,0.042558019087683606
0.00030517296678686024,0.00030517559270468685,1e-11,0.9999913953871497
0.024277378460629283,0.06850361430277353,1e-11,0.3543955849296897
0.4314467661849154,0.4430572622583323,1e-11,0.973794592567479
0.16923812401429159,0.6452004227946737,1e-11,0.2623031821356219
0.0568554152868005,0.075195166724816,1e-11,0.7561046509128492
1.979084459337901,12.943167042341633,1e-11,0.15290573418882894
0.048404975334919866,0.17337510913165094,1e-11,0.27919218379937083
0.16962904846817287,0.17449731241799066,1e-11,0.9721012095695987
0.5291378857369224,2.237596966290388,1e-11,0.2364759577834772
0.12671994727093613,1.4669004022492782,1e-11,0.08638619709738271
0.00019686274930528144,0.00019686449025280674,1e-11,0.9999911566198502
0.8974644045996205,1.1100642064368125,1e-11,0.8084797252227287
0.0723279753241455,0.1336312221987566,1e-11,0.5412505710422104
0.12974007781588195,0.14716608373890772,1e-11,0.881589524703655
0.00475107368131862,0.16177020024993954,1e-11,0.029369276133540522
0.8747673791443089,11.929976134582523,1e-11,0.07332515750878495
0.3809204488507418,0.524657189509065,1e-11,0.7260368417083518
0.10412536771552629,0.11009694251905922,1e-11,0.9457607571391079
0.5926001692286299,2.205949813515959,1e-11,0.2686371945534484
0.07649671183668148,0.19849505258510408,1e-11,0.38538346845639276
5.478473419059707e-05,5.4784855181220654e-05,1e-11,0.9999977915315613
1.2072520933807163,1.7644025990811047,1e-11,0.6842271112100204
0.20784156648385743,0.2377550959481096,1e-11,0.8741834350806897
0.152773341861397,0.1581734164392662,1e-11,0.9658597841569498
1.164778910081953,2.0435882226595092,1e-11,0.5699675194673608
1.0777544146623234e-10,3.4433664402672204e-10,1e-11,
0.06385255648661149,0.08266694715228953,1e-11,0.7724073367434501
0.10509347762851501,2.250273844895269,1e-11,0.04670252816870216
0.08480696597987747,0.16791355370891667,1e-11,0.5050632549108749
0.044919615560376526,0.04947670904229745,1e-11,0.9078941673742875
0.00029070268740231893,0.0002907041373424653,1e-11,0.999995012316785
0.024915060833985675,0.03803704736139591,1e-11,0.655020895740508
0.047037879589009686,0.05542433306257603,1e-11,0.8486864340956933
0.8190013834044569,1.4038933116098289,1e-11,0.5833786489553947
0.02644493242415472,0.02858175918407722,1e-11,0.9252380951725001
0.07937266082456251,9.632059421364787,1e-11,0.008240466275416315
0.7922113222733586,1.7031312136013521,1e-11,0.4651499050376688
0.07541714453102295,0.12235657056945648,1e-11,0.6163718399430943
0.09741613527348615,0.15854285687627617,1e-11,0.6144467003613279
0.41242389198668983,0.6395643507515704,1e-11,0.6448512827552673
0.00014547666074311665,0.0001454778960735178,1e-11,0.9999915084666847
0.037091832923142665,0.038726443369103365,1e-11,0.9577908451240627
0.1742673229283096,0.2519075543276324,1e-11,0.691790777745619
0.008760900153269722,0.10118519299804798,1e-11,0.08658282791869293
0.09889376547782341,0.399944854851207,1e-11,0.24726850284051094
1.2176615068874836,11.806196650754098,1e-11,0.10313749151465369
0.11342411995885673,0.1772762480016935,1e-11,0.6398156619254104
0.16512127114041003,1.314426158614059,1e-11,0.12562232580224603
0.01632060473176516,0.07221221782874777,1e-11,0.22600891126858463
0.1147020474327168,0.298433453624071,1e-11,0.3843471502266768
7.120052021921933e-05,7.120107160391973e-05,1e-11,0.9999922559494122
0.053989081799866376,0.2860549704963868,1e-11,0.18873673722984066
0.03849045676205725,0.06114976780589003,1e-11,0.6294456731910893
1.4462182480510036e-06,2.230313117967106e-06,1e-11,0.648437314205105
0.13348622608842325,0.31890491150058586,1e-11,0.41857689008398363
1.62265612823366,10.926101842256479,1e-11,0.1485118985398864
0.6107690313845358,2.243917967088065,1e-11,0.27218866301834177
0.5238101878380486,1.7283990968468077,1e-11,0.303060901150468
0.1516228796141237,0.163193674780683,1e-11,0.9290977718216754
0.42959341983736826,0.6206831026544841,1e-11,0.692130038662435
4.9685390467025124e-05,4.9685413303775416e-05,1e-11,0.9999995403731443
0.8581968186414646,1.0235613480223307,1e-11,0.8384419950007155
0.861095401644719,0.9771301406148629,1e-11,0.881249452711459
0.045942443763008295,0.13057792432159362,1e-11,0.3518392867837217
0.5107548160798729,2.252991670436618,1e-11,0.22670071211621096
1.7634768957251372,10.119349696572222,1e-11,0.17426780856505913
0.04692227481451607,0.06981195475381144,1e-11,0.6721237785130821
0.7121249959412868,1.0406449700529161,1e-11,0.684311188190412
0.07691552106408,0.0837730385313704,1e-11,0.9181417125663591
0.5700273774902448,1.9142997659557326,1e-11,0.297773309921319
0.00028402228119181233,0.0002840242806005077,1e-11,0.999992960430386
0.21820188287365352,1.0045751599203703,1e-11,0.2172081209841479
0.03971866092079104,0.053138387818819195,1e-11,0.7474570183840711
0.43356539842657144,0.45307740022970233,1e-11,0.9569345065694324
0.1878691937348966,0.2691223822344351,1e-11,0.6980808960409765
0.4023895416579297,9.930384320536263,1e-11,0.040521044168026696
0.4087493208773198,1.2605100462063383,1e-11,0.324272957686852
0.03205003104115589,0.03995949672233516,1e-11,0.8020629304683331
0.046343666530691795,0.056284805922315086,1e-11,0.8233779218259336
0.024240599940461762,0.04615676008865176,1e-11,0.5251798413472619
0.00016615343670489015,0.00016615426427322912,1e-11,0.9999950192771604
1.0124857317773759,2.379073378223102,1e-11,0.4255798669537414
0.052823811240235094,0.061764649958323446,1e-11,0.8552434325439987
0.04794472488487313,0.06711803305847448,1e-11,0.7143344746575453
0.04453124878214685,0.05389130693497192,1e-11,0.8263159925937701
7.302850752926595e-07,8.892388718223598e-07,1e-11,0.8212473593243301
0.13520936438284792,0.24919143301581428,1e-11,0.5425923465605946
0.030639188848979895,0.03170149934905703,1e-11,0.9664902127063358
0.3728159479017705,0.800526975036521,1e-11,0.46571316086476927
0.6914322677073609,2.0082961773288015,1e-11,0.34428799671720856
3.476889305625526e-05,3.4769472222784224e-05,1e-11,0.999983342671259
0.14579787214007692,0.44743972513994895,1e-11,0.3258491902892052
1.0016787268053813,1.6042213907913068,1e-11,0.6244018017433914
0.49754101384232435,0.5427164054486235,1e-11,0.9167605932808388
0.14084139106175175,0.6913233380375104,1e-11,0.20372723342678453
0.03826074433039424,9.241686934428213,1e-11,0.004140017358504197
0.06874787563772622,0.08490133519331422,1e-11,0.8097384508876364
0.09524382981280434,0.11058283885132532,1e-11,0.8612894261184257
0.7983700806392184,0.8928619119482122,1e-11,0.8941697142139103
0.6048871178165844,0.8541302164181547,1e-11,0.7081907491263032
0.0002504405610164071,0.00025044286157608063,1e-11,0.9999908140337518
0.2057158200611827,0.21777223100348547,1e-11,0.9446375192707199
0.5097268115323027,0.5430091873452287,1e-11,0.9387075272600017
0.09365927647878187,0.2509225727240594,1e-11,0.3732596691561081
0.3138343985454683,0.48166078055287687,1e-11,0.6515672672897134
0.021711361199397938,0.03403646389447423,1e-11,0.6378853357596512
0.08759792777434638,0.0879057973146687,1e-11,0.9964977333722341
0.22265231234948563,0.6685873346328958,1e-11,0.3330190400207601
0.5274863488416986,0.5603236531046959,1e-11,0.9413958270705706
0.6539372519360602,0.9204133989440065,1e-11,0.7104821080248557
8.247236676081629e-06,8.247355251184865e-06,1e-11,0.9999856226511864
0.8813708611030755,1.1469491091812762,1e-11,0.7684480976947811
0.058760697986007866,0.4726536897027473,1e-11,0.12432082784112522
0.1772226703574927,1.794558575989388,1e-11,0.09875557851868118
0.04253035855887265,0.08646573966797459,1e-11,0.4918752643785589
0.3544454432027544,5.144936130067928,1e-11,0.06889209783019691
0.44361787445190404,0.7799240674567923,1e-11,0.5687962366624625
1.8489577095696868e-11,3.4193974542581326e-10,1e-11,
0.3916337567078942,0.4399124516643062,1e-11,0.8902538567077135
0.6731331600637113,0.8677370325844607,1e-11,0.7757340470520857
0.00012639957505849084,0.0001264008024615415,1e-11,0.9999902895944743
0.078355271294542,0.08741589545977155,1e-11,0.8963503820721117
0.09587354856604788,0.11281220380063879,1e-11,0.8498508613081894
0.7135102480488816,0.9082342464960239,1e-11,0.7856015678792236
0.18751790411638275,0.18931647927049605,1e-11,0.9904996376382877
0.6529403131822589,8.644022535688954,1e-11,0.0755366278241913
0.38240006232037915,0.3962386725654462,1e-11,0.965075064088346
0.05721542101048277,0.1233493814923223,1e-11,0.46384846294542675
0.030546906264819,0.08185151016395519,1e-11,0.37319905526032543
0.9257898569533567,1.378473101303839,1e-11,0.6716053117595777
0.00014414330505009866,0.00014414379169097892,1e-11,0.9999966239206382
0.037377545112184885,0.06256566439355249,1e-11,0.597413061532784
0.3622034971916487,0.37010272793293303,1e-11,0.9786566535583175
0.09689036032237157,0.20425967893879685,1e-11,0.4743489308597377
0.677133475410896,2.3227862557848376,1e-11,0.29151777255634825
1.2961214075022611,8.369766115395699,1e-11,0.15485754197099022
0.9337353679344388,1.128135687821418,1e-11,0.8276800193579619
0.08262557523722325,0.17230037461549705,1e-11,0.47954379334118835
0.0884044209685559,0.10129712385937002,1e-11,0.8727238997554071
0.03644440679684042,0.08373911421996336,1e-11,0.43521366492018726
0.00011844730870859985,0.00011844864082257029,1e-11,0.999988753657609
0.8412009933226524,1.7509228368204242,1e-11,0.4804329326415237
0.03044927470534154,0.08440507692333808,1e-11,0.3607516966425782
0.06725431939093819,1.6971393661346155,1e-11,0.039628047485643934
0.34142663071012275,0.4689634498709411,1e-11,0.7280452896789366
1.3516886383542808,9.96136959641509,1e-11,0.13569305157000983
0.5994269631420397,0.7361749142355202,1e-11,0.8142452989783193
0.2540932335607918,0.40604584795405807,1e-11,0.6257747366241782
0.13347071054545684,0.13826264650991305,1e-11,0.9653417890846416
0.14282984551420722,1.1871939414760675,1e-11,0.12030877224375265
1.7132208162746407e-05,1.7132306995786334e-05,1e-11,0.9999942311890657
0.08792217156657411,0.09407489599384701,1e-11,0.9345975952216273
0.10139869769290585,0.18106152819100013,1e-11,0.560023427980467
0.09465851553093489,0.5017369836464249,1e-11,0.18866162674115516
0.9184000307596003,1.1347285745052438,1e-11,0.8093565733638413
0.6793030777012582,12.519645805838888,1e-11,0.054258969321995205
0.04317976325688141,0.0572971442316138,1e-11,0.7536110889285281
0.6148010704853407,0.6577349825254051,1e-11,0.9347246030989297
0.6342084748758622,0.6944079766721208,1e-11,0.9133081649137175
0.3504426350957368,0.6549125594661837,1e-11,0.5350983578347941
6.018509136551685e-06,6.0185592907298245e-06,1e-11,0.9999916667468547
0.0639730754659032,0.0640608687280678,1e-11,0.9986295336933804
0.06969829192405327,0.14527208168064562,1e-11,0.479777608455232
0.09619861256293524,0.7222441544242539,1e-11,0.1331940341415725
0.06624563087016497,0.06921876279720368,1e-11,0.957047311929724
1.5179550710149214,9.581878309344987,1e-11,0.15841936434681023
0.05682873822241377,0.060006586443060984,1e-11,0.9470416764389255
0.1554301421941728,0.15617030718673497,1e-11,0.995260526755082
0.07976055234732164,0.08758845812971346,1e-11,0.9106285696821019
1.4493958608599258e-10,1.6194054293180402e-10,1e-11,
0.00019825749898714454,0.0001982597598977312,1e-11,0.9999885962204946
0.22063275018979409,0.3071775506712389,1e-11,0.7182580553418416
0.166650384385092,0.31735222425537385,1e-11,0.5251275133682005
1.3466479006887964,2.4011847676824063,1e-11,0.5608264381872471
0.04884571070121945,0.20686242025153825,1e-11,0.23612655523330237
1.1742157052837265,8.887998004430315,1e-11,0.13211250775466268
0.0782413443537071,0.08058925649959095,1e-11,0.9708656929240218
0.10141350649019971,0.13031650650653265,1e-11,0.7782092169967428
0.05342358033158894,0.228441871660272,1e-11,0.23386071889236654
0.25163861517193026,1.1274309941484957,1e-11,0.22319646743611393
5.8798952038806726e-05,5.8799085840329234e-05,1e-11,0.9999977244285247
0.03974974325365267,0.04597969974555023,1e-11,0.8645063685414676
0.6584629917909837,1.776213967839111,1e-11,0.3707115267154723
0.06421872586057349,0.09116515121903301,1e-11,0.7044218651739177
0.6624343103457411,0.7078756030423456,1e-11,0.9358061042062976
1.5569616536123951,10.697890614355018,1e-11,0.1455391263323611
0.06745478910793926,0.219236694199497,1e-11,0.30768019630216636
0.11304647511263909,0.11376279133864087,1e-11,0.9937034225551876
0.5474595471964543,0.591004490949935,1e-11,0.9263204520096118
0.49146936151485376,1.4983438230565296,1e-11,0.32800840097721123
0.0002279349850701519,0.00022793693942112372,1e-11,0.9999914259137778
0.05843223610109107,0.058941325537437,1e-11,0.991362775918187
0.8702816935488867,1.3317201420772815,1e-11,0.6535019378706545
0.27330513660079375,1.4393574643003144,1e-11,0.18987995920363676
0.0631254721490037,0.13142727816301883,1e-11,0.48030723173544365
1.1546051988977653,9.578101234627688,1e-11,0.12054635575614127
0.6299963572998812,0.7554646841609115,1e-11,0.833919004433163
0.0006545983337770542,0.0365950753895226,1e-11,0.01788760719330202
0.9127803879304418,1.1759445758554188,1e-11,0.7762103815704553
0.485248421850749,0.508834874742304,1e-11,0.953646155044895
0.00030691093347030775,0.00030691348605048547,1e-11,0.9999916830628378
0.2879479264623234,0.5558992639985624,1e-11,0.5179858026634626
0.13734174119063325,0.1390808794556377,1e-11,0.9874954898774623
0.81569985744736,1.0083959864299883,1e-11,0.8089082745511235
0.36773703472759134,0.5259044703905376,1e-11,0.6992468317573136
1.5332579266965611,10.184212073496537,1e-11,0.1505524350466662
0.3741858607413074,0.3857026389856237,1e-11,0.9701407844275974
0.04226902731522651,0.22927441664506798,1e-11,0.1843599819541217
0.06658624308437466,0.6093669427011863,1e-11,0.10927117705009211
0.18868399484174736,0.3014220157610106,1e-11,0.6259794738794058
0.00012951214384625194,0.00012951323612332672,1e-11,0.9999915662899989
0.011931796731087995,0.0876256008348072,1e-11,0.13616793057524315
0.38340563171060593,0.4210678396780362,1e-11,0.9105554867447769
0.6525101117366677,1.1844007588090784,1e-11,0.5509200385794841
1.1709719909415273,2.592901698761102,1e-11,0.4516067815069973
1.4949286973213254,10.02387284530782,1e-11,0.14913683766660132
0.021695075903294347,0.06582078979065405,1e-11,0.32960825861094195
0.12341777653420986,0.4589637221056093,1e-11,0.268905298152979
0.783113548229229,0.9535628545302485,1e-11,0.8212500565733681
0.5123269553579692,1.3340211504983492,1e-11,0.3840471008773584
2.984599163638491e-05,2.9846278213058303e-05,1e-11,0.9999903982442518
0.38337971811211297,1.3987296490825927,1e-11,0.27409136452034627
0.035270470351186585,0.24995216602485293,1e-11,0.14110888059949686
0.7272636197667545,0.8429553974037968,1e-11,0.8627545680431499
0.022317961243372715,0.025738655889453427,1e-11,0.8670989401788318
1.3969897229181056,10.423763964069972,1e-11,0.134019700343699
0.4590028073621589,0.5592000277771353,1e-11,0.8208204301897689
0.3258960272306048,0.7344738675942267,1e-11,0.4437135773095359
0.05181366543795527,0.061461057236218954,1e-11,0.8430324463638013
0.028286117712186042,2.0409949395339164,1e-11,0.013858984735476849
0.00022079582210087856,0.00022079724511238154,1e-11,0.9999935551211145
0.02147771264459745,0.38233709895286705,1e-11,0.05617480674363001
2.1054659014179695e-05,2.5368268255464434e-05,1e-11,0.8299604372736177
0.03533897161590131,0.04419009485142466,1e-11,0.7997034569560787
0.041995832045395504,0.08184299084236306,1e-11,0.5131268006356615
0.4013519476833552,9.782283107556001,1e-11,0.04102845350829646
0.025981053583488022,0.026823792084545578,1e-11,0.9685824249456848
0.30230800753104886,0.44168480945976235,1e-11,0.6844428448893469
0.02997251849880248,0.11285211743725852,1e-11,0.2655911043535896
0.03091328075593686,0.03486179384040611,1e-11,0.8867380977999825
7.075951335643073e-05,7.075993967089388e-05,1e-11,0.9999939752003022
1.1866485870772503,1.6365024264866876,1e-11,0.7251126352588413
0.09812754342906913,0.10359860764476829,1e-11,0.9471897900939071
0.12785358952456294,0.14170421299911043,1e-11,0.9022567982884571
0.7087729285789163,1.4889214867388894,1e-11,0.47603109693265716
1.119733086881313e-07,8.599413571763202e-07,1e-11,0.13021040069034914
0.036092224235923794,0.0370950205368937,1e-11,0.9729668217875077
0.04462602262389411,0.12837768554531487,1e-11,0.3476151048707135
0.12367446431267623,0.16038523810861882,1e-11,0.7711087739192014
0.932765486435027,1.65289039830878,1e-11,0.5643238580062071
0.00010704746903955797,0.00010704801221091945,1e-11,0.9999949259089426
0.19392329900363284,0.7565360020605522,1e-11,0.25633056255809417
0.3396567434023707,2.8083735972655335,1e-11,0.12094428737440374
0.12621109463676122,0.6114767499274003,1e-11,0.2064037506769408
0.8688666316042601,1.7795031355061222,1e-11,0.48826361374021354
0.26269277845788536,3.0501768906338977,1e-11,0.08612378490720637
0.2618199295204057,0.4154986679440115,1e-11,0.6301342211659894
0.22584946858974037,0.22890474197315994,1e-11,0.9866526426797317
0.0983048127635261,0.1495871233762825,1e-11,0.657174297791949
1.2058262936335158,2.660851805782402,1e-11,0.45317303692490013
7.891542566853278e-06,7.89160832960226e-06,1e-11,0.9999916667495097
0.07106314183109569,0.18895447074682928,1e-11,0.3760860568698037
0.003752075198555037,0.004986286221202349,1e-11,0.7524789055631658
0.48487325866885916,0.5299543509718805,1e-11,0.914934008522909
0.5455961855048065,1.0360578239207898,1e-11,0.5266078522915717
1.0437746115390292,8.366719173206699,1e-11,0.12475315472300995
0.1242442607876535,0.1250189190378795,1e-11,0.9938036718267312
0.01023142438077008,0.01886680419307566,1e-11,0.542297692606845
0.2132804279769057,0.2684596907751497,1e-11,0.7944597841153748
0.5261261289522889,0.7870826171177183,1e-11,0.66845095738355
8.726412635576828e-05,8.726426377469329e-05,1e-11,0.999998425255436
0.0796828540597601,0.18544630321839453,1e-11,0.42968154488321075
0.0289756820480996,1.654365052464064,1e-11,0.017514684564293892
1.1822179880700006,2.4126103425511025,1e-11,0.49001613199581956
0.07822446486998967,0.10897026218838313,1e-11,0.7178514880946011
0.08717976016989784,9.119153001351831,1e-11,0.009560072098469478
1.049318661982579,1.407805149059422,1e-11,0.7453578804450646
0.009449136762602615,0.029998526604162773,1e-11,0.31498669542294777
0.06944248609133914,0.205759010443077,1e-11,0.3374942654603713
0.04666577632224312,0.05193846365346228,1e-11,0.8984820312283597
0.00017619938839623866,0.00017620085672206658,1e-11,0.9999916667497807
2.5169218520446976e-06,2.6789444278191006e-06,1e-11,0.9395199937363748
0.3809741890824506,0.40467893494756446,1e-11,0.9414233264496821
0.10711459101634357,0.10749138343179368,1e-11,0.9964946733084965
0.041931559421055774,0.07252197585076732,1e-11,0.5781910783476277
0.6016070244072755,5.836479085122147,1e-11,0.1030770462179571
0.021890437835994023,0.1349872449399287,1e-11,0.1621667132012035
0.07549826029036545,0.12693415635501212,1e-11,0.5947828579662224
0.04205496017991327,0.145008472641033,1e-11,0.2900172618466225
0.09428636122335614,0.0985590794509945,1e-11,0.9566481520379577
0.00014312118524975037,0.00014312182364184888,1e-11,0.9999955395195347
0.6599656549148701,1.2304614741734263,1e-11,0.536356211687333
0.08795296348878782,0.10332153601194168,1e-11,0.8512548969328371
0.011241708195222877,0.04056076227092417,1e-11,0.27715722204958293
0.33675938913065784,1.1778659046411224,1e-11,0.2859063903656021
0.93092652635137,8.309576665162925,1e-11,0.11203055990255038
0.07682010509004007,0.16985303221974407,1e-11,0.45227396936108594
0.13231012742778891,0.1600035255931565,1e-11,0.826920075275191
0.0013924898770902516,0.013820946509671084,1e-11,0.10075213561646225
0.08755612396731292,0.12650800525871475,1e-11,0.6920994745609701
7.018054178212186e-05,7.018098364798996e-05,1e-11,0.9999937039088777
0.06495667934607516,0.27343511811905513,1e-11,0.23755792523253239
0.11308127344588136,0.11711904855050265,1e-11,0.9655241811251551
0.1033841793434179,0.1224246370553329,1e-11,0.8444720101288993
0.7164344455034322,1.2040800193919325,1e-11,0.5950056756736448
1.8885063928236658,11.994856224123808,1e-11,0.15744302036947644
1.3732979650166504,2.057938694003666,1e-11,0.6673172378837656
0.26752284372761337,0.7197478679404892,1e-11,0.3716896647337244
0.5402361375097502,0.564344904693634,1e-11,0.9572800835386798
0.3551714929946599,0.6433936055531629,1e-11,0.552028322832488
0.000321772395873327,0.00032177542746565245,1e-11,0.9999905785461951
0.8309711466537192,1.9073216012361924,1e-11,0.43567437505827117
0.03290319038729202,0.03954084141205286,1e-11,0.8321317709051698
0.12673517918986227,2.083369249508219,1e-11,0.06083183728461876
0.4943039846791822,0.8533815216404009,1e-11,0.5792297725512185
1.164341262520541,8.254795750890697,1e-11,0.14105028127375627
0.1615510882683336,1.6300451202806583,1e-11,0.09910835366355872
0.00829204554689659,0.01685202103038156,1e-11,0.4920505102591154
0.21420551709705224,0.31863850934779026,1e-11,0.6722524453667005
0.022508973978240508,0.03734798764842451,1e-11,0.6026823771639014
0.00027405686935199833,0.00027405812038584017,1e-11,0.9999954351513465
0.3736894244521354,0.39293972233117513,1e-11,0.9510095396697631
0.32662463527009833,0.45683346551831466,1e-11,0.7149752807612642
0.0966293497791161,0.13064524984651568,1e-11,0.7396315586876517
0.7594404670349842,1.4318037253448812,1e-11,0.5304082211771425
1.037222546589738,10.606567859054742,1e-11,0.09779059167610656
0.1999760948622846,0.28287560766384473,1e-11,0.706940045180305
0.037645047350935,0.7045550350729566,1e-11,0.053430953547918165
0.2561732421394559,0.33894309702466763,1e-11,0.755800145771407
0.3885211652674297,1.0420315041675636,1e-11,0.37284973027548085
0.0001433081452155485,0.00014330858546437048,1e-11,0.9999969279661748
0.015881392463948447,0.05224189341558696,1e-11,0.3039972601607516
0.030328534060144813,0.03136879105913841,1e-11,0.9668378358275765
0.053936474637524476,0.33210748178308624,1e-11,0.16240668336629863
0.5708687387224973,0.7674799468638136,1e-11,0.7438223513920629
1.3854943379313442,11.112299697659475,1e-11,0.12468115292311308
0.9646707771798066,2.0385603406546213,1e-11,0.47321178477848347
0.31000821168097575,0.3585464301201699,1e-11,0.8646250126575625
1.1010672699586275,2.657232248993325,1e-11,0.41436621521350253
0.36571878890968945,0.3864237856472935,1e-11,0.946418938205573
0.00011842409897759778,0.00011842477489711142,1e-11,0.9999942924146217
5.499198489524888e-07,7.26598538279728e-07,1e-11,0.7568413917463443
0.9096427187792643,1.143632210837426,1e-11,0.7953979523829409
0.42163591808242984,0.5002001642612786,1e-11,0.8429343854877048
0.2229685652255268,0.22526920278535195,1e-11,0.9897871633965992
1.2305044850591231,9.061354712777936,1e-11,0.13579696679613681
0.09140988285763392,0.12860355827693085,1e-11,0.7107881312334668
0.37347341220318026,0.40207713829689234,1e-11,0.9288601032755281
0.057840648454697295,0.06651619445035593,1e-11,0.8695724241690707
0.44704400476197015,0.7890834995672117,1e-11,0.5665357405232275
1.1495238543223122e-06,1.14955945014264e-06,1e-11,0.9999690352505707
0.007199476165754783,0.04327558184513458,1e-11,0.16636347470771698
0.03857061543375052,0.051615203057784075,1e-11,0.7472723761363502
0.11194757989695661,0.38616746980076605,1e-11,0.2898938638065845
0.2519038821754377,1.787625358447527,1e-11,0.14091536629028634
0.6517688140867822,8.119364016338093,1e-11,0.08027338259194541
0.14381783467566267,0.2339917353516951,1e-11,0.6146278391392802
1.0805250313597285,1.3819961540527776,1e-11,0.7818582043018217
1.3062356034863762,2.115334483922566,1e-11,0.6175078283904119
1.220905574478833,2.0172651369238874,1e-11,0.6052281141092751
0.00036865928991539315,0.0003686626976918051,1e-11,0.9999907563839974
0.3046400540538239,2.114151064049895,1e-11,0.14409568891933933
0.12079066108971222,0.23020957882590642,1e-11,0.5246986754667532
0.04854483038854741,0.11448889683055122,1e-11,0.4240134347734695
0.0066909090319519525,0.016421651362232365,1e-11,0.40744434797465995
0.3527081281111759,11.768042064772132,1e-11,0.02997169165183516
0.08535865003271202,0.10086447485024788,1e-11,0.8462707029352292
0.549285177521053,1.0458062059191775,1e-11,0.525226542367165
1.4518383707865652,2.017362881844218,1e-11,0.7196714006452495
0.14550640599281042,0.14952268768629057,1e-11,0.9731393158080024
0.00027876047653711583,0.00027876290699680096,1e-11,0.9999912812658208
0.030349592789124344,0.03718526160804067,1e-11,0.8161726306790799
0.039788559520839366,0.04041778084205346,1e-11,0.9844320665779995
0.026931877641037494,0.1079124335064604,1e-11,0.24957159027856748
0.8916459782781104,1.0253181578082766,1e-11,0.869628584540135
0.32730376413253026,9.271558061118498,1e-11,0.03530191602909998
0.0667036664000365,0.07132998274263874,1e-11,0.9351420515648494
0.967537129162671,1.3173301495944738,1e-11,0.7344682192694952
0.09061043175552544,0.34716917191925545,1e-11,0.2609979199898532
0.3214631019981071,0.6711413976242985,1e-11,0.47897969509259886
0.00011253687623198562,0.00011253732844965675,1e-11,0.9999959816206999
1.8570190298547452e-06,2.796201107359532e-06,1e-11,0.6641221280426208
0.035041187859685,0.8655230492175972,1e-11,0.040485562910613435
0.1445949488550413,0.18954556571884112,1e-11,0.7628506016834153
0.031508393022737606,0.038588369177915645,1e-11,0.8165256447471236
1.3298957745287647,8.294550319559198,1e-11,0.16033367974063242
0.6161483821129391,0.7676652624361352,1e-11,0.8026263688910877
0.03141408112488657,0.03861123739967543,1e-11,0.8135994399690137
0.03687821744448242,0.04674269744865428,1e-11,0.7889621150981337
1.0004559227015262e-10,2.721504254302712e-10,1e-11,
0.0001226295970158617,0.00012263071340224552,1e-11,0.9999908963557919
0.7073879601363331,1.7283914232730129,1e-11,0.40927532421838203
0.3922799483143151,1.265079534264036,1e-11,0.3100832300970905
0.07820224497561558,0.13280146213144714,1e-11,0.5888658431953923
0.0638642634527338,0.08521577055241157,1e-11,0.7494418349882124
1.1699243056144777,7.985957875871169,1e-11,0.14649768052863082
0.035270231366821954,0.03609065687049022,1e-11,0.9772676483386731
0.020816708567753126,0.020921243532682626,1e-11,0.9950034057599779
0.07647409887637904,0.10165109613924168,1e-11,0.7523194710229668
0.13248455019959282,0.13309356399542221,1e-11,0.9954241679496212
0.00035177780086255873,0.00035177975012495725,1e-11,0.9999944588555827
0.022068555714333107,0.0508724329103514,1e-11,0.43380185400652715
0.728445545193145,1.5764784806515384,1e-11,0.4620713534206238
0.2892203148276339,0.396664131854774,1e-11,0.7291315034592609
0.11893246925668229,0.1204956908253185,1e-11,0.9870267429654194
0.976706959153079,5.674245093677986,1e-11,0.17212985040799283
0.33642113405005725,0.4992571211971049,1e-11,0.6738434361104273
0.35235909774681123,1.779523037923733,1e-11,0.19800760666629408
0.19467374099327103,0.21496916653026055,1e-11,0.9055891323180406
1.5033102637099787,2.41425382316424,1e-11,0.6226811155007994
0.00017898021773930813,0.00017898198141796064,1e-11,0.9999901460547116
0.10344965428193492,0.10361016771366208,1e-11,0.9984507945960405
0.6533176474347139,1.1128067022916692,1e-11,0.5870899645817175
0.5268881966780622,0.7221045563023035,1e-11,0.7296563802008258
0.11524046701565775,1.9653401586488124,1e-11,0.058636397627414544
0.12224765601123591,1.0063696992694626,1e-11,0.12147390377510088
0.41751142112020206,1.086653097990574,1e-11,0.38421776176063843
0.721555691463264,1.8220014246333824,1e-11,0.3960236702934814
0.15882157051162135,0.20504769819693083,1e-11,0.774559148472307
0.02778530459397245,0.11609724293348277,1e-11,0.23932785905942555
2.521330298724231e-05,2.5213433539089195e-05,1e-11,0.9999948221313578
0.11425998202307538,0.2698545185313374,1e-11,0.4234132622456226
1.2260831348457992,2.9890234269934055,1e-11,0.4101952242238161
0.10416517891755227,0.21955589895296027,1e-11,0.47443580160818
0.21755162255314325,0.23337989748217655,1e-11,0.9321780706059222
0.1800251571280766,10.848067441913118,1e-11,0.016595136238969414
0.14197371640988676,0.22426424133136016,1e-11,0.6330644402649749
0.9519423980120635,1.9117427674815328,1e-11,0.4979448146499966
0.04219402124155777,0.04236163192442677,1e-11,0.9960433374434674
0.3580811274666763,0.3750931063884879,1e-11,0.9546459835383055
1.9969747474169516e-05,1.996997235404309e-05,1e-11,0.9999887390994046
0.34242901899712985,0.3481362415408946,1e-11,0.9836063533101183
0.01920259902719312,0.02505007168766662,1e-11,0.7665686256956902
0.023666939924731296,0.0328641493353837,1e-11,0.7201446075237345
0.13447995415763273,0.1387735456310757,1e-11,0.9690604469755546
0.4254612417835218,7.306315321681799,1e-11,0.05823198466687409
0.29954683122523945,0.6911832668522128,1e-11,0.4333826433464395
2.8209677693655006e-10,3.453512293463495e-10,1e-11,
0.36806378787224686,0.38975944419213626,1e-11,0.944335777764517
0.5723071578481259,0.622801426335085,1e-11,0.918923967814114
0.0001560381850514474,0.00015603969080560748,1e-11,0.9999903501849285
0.32939930157892505,0.5115240888131155,1e-11,0.643956577574337
0.169545274676312,0.8084686322199715,1e-11,0.2097116300118635
0.40044790777516337,0.5184851931069202,1e-11,0.7723420323260503
0.39532813194970773,1.5609063011730029,1e-11,0.25326832984953884
0.5744471214748826,8.539632820476337,1e-11,0.067268363119486
1.2482155084796245,1.5611997546402876,1e-11,0.7995232543238664
0.36571844702574885,0.5309900772409637,1e-11,0.6887481757211549
0.24210901000846757,1.1000226082942364,1e-11,0.22009457640502217
0.4280092174758722,1.6898028384519665,1e-11,0.2532894416652612
0.0001474674500424881,0.0001474675248182151,1e-11,0.9999994929342776
0.033685492938490456,0.14654629438179023,1e-11,0.22986246824318335
0.199238888126643,0.20591963818903353,1e-11,0.9675565180613924
0.061320268373059664,0.21488900113545112,1e-11,0.2853578733627582
0.16844081885131862,0.20344249437634365,1e-11,0.8279529769219393
1.3029683172477116,10.15703562456289,1e-11,0.12828234195582877
0.11067061862977148,0.39879574440096033,1e-11,0.2775120351296933
0.5306302968649559,0.5644127545192098,1e-11,0.9401458287684671
0.5604100037084829,0.8904089046677884,1e-11,0.6293849946587988
0.032250892602850675,0.032426322545984224,1e-11,0.9945898908861845
0.00023749497033611144,0.00023749720757988612,1e-11,0.9999905799154547
1.5186766846363834e-06,2.535511437038775e-06,1e-11,0.5989626638837199
0.06747538325217337,0.12053444276993777,1e-11,0.5598016774422112
0.15483233617724784,0.17891563895042306,1e-11,0.8653929700362939
0.1289510793402723,0.5498018467730853,1e-11,0.23454100799609193
1.2584707322140676,8.411517194692454,1e-11,0.1496128109930209
0.011911828216627153,0.012324895429926848,1e-11,0.9664851344461146
0.15774597503293675,0.5798651707208238,1e-11,0.27203905838463194
0.8796714885231922,1.5261993171762598,1e-11,0.5763804757498784
0.09815242893041828,0.24815725395321891,1e-11,0.3955251251648738
9.429215920080468e-05,9.42932420466198e-05,1e-11,0.999988516188524
0.02633307613593369,0.10680420980636048,1e-11,0.2465546646866862
0.3336839596552275,2.0370797852315254,1e-11,0.16380505175809915
1.1078818177568523,2.1172444798940955,1e-11,0.5232658903010902
0.0026358507119029146,0.012325370935517546,1e-11,0.21385569048532935
1.3398068834878072,9.431348278291958,1e-11,0.14205889168271174
0.8731372925138428,1.2622272672569297,1e-11,0.6917433295600905
0.03502559050004342,0.035036394253577574,1e-11,0.9996916419693201
0.3394129706422952,0.4120646057669019,1e-11,0.8236887271854052
0.053520591665591415,0.08375883495044589,1e-11,0.6389844330721137
4.117004065803462e-05,4.117022392520373e-05,1e-11,0.9999955485505873
0.03841724398707259,0.042335427127731,1e-11,0.9074490702825132
0.6907865238879423,0.7830729539351435,1e-11,0.8821483623161314
1.3357589710860793,2.8038902272839836,1e-11,0.47639488810515085
0.023360165176307228,0.04565322915649653,1e-11,0.5116870286706332
1.952122764088919e-06,2.015619921211226e-06,1e-11,0.9684974550736974
0.01486435421693234,0.05668483859701593,1e-11,0.2622280416568893
0.5379687453993187,0.5641640654723223,1e-11,0.9535679039552568
0.597996945668663,1.2015374232670564,1e-11,0.4976931505326496
0.4040430514523277,0.4230899982545277,1e-11,0.9549813352223432
0.00035743787893379125,0.00035744085757782103,1e-11,0.9999916667499906
0.12284013542145172,0.2341137631735035,1e-11,0.5247027503052606
0.04868605757222477,0.05570635638994751,1e-11,0.8739767008170438
0.030329718862970766,0.06490360743370537,1e-11,0.4673040538455512
0.2492184053176172,0.43788030195167865,1e-11,0.5691473313753199
0.9184550290246636,7.640092736513163,1e-11,0.12021516762947491
0.13478187476162712,0.15550472643471178,1e-11,0.8667381233471055
0.11063785356654136,0.5053943109817118,1e-11,0.2189139275264713
0.019296282210368002,0.03187003923781773,1e-11,0.6054677895554827
0.6723158033685247,0.7578190937277955,1e-11,0.8871718975320736
5.9978645180626894e-05,5.997913965310785e-05,1e-11,0.9999917559257466
1.201746311144102,1.4188187817105231,1e-11,0.8470047948584954
0.04074398625205096,0.12606498115293016,1e-11,0.32319828932210914
0.4497876623470802,0.4845358562670157,1e-11,0.9282856088553607
0.034661500132419934,0.04000410483511008,1e-11,0.8664485875959124
1.290460672153438,7.55199522036738,1e-11,0.17087678613369955
0.014272637878382274,0.25098950549063015,1e-11,0.05686547670781038
1.1316664103877527,1.9777639063955716,1e-11,0.572194894814411
0.14604506425365835,0.3967420942446698,1e-11,0.3681108366675928
0.41979168007147843,0.4465942091144067,1e-11,0.9399846023617782
0.00020405839652918757,0.00020405975729151187,1e-11,0.9999933315498246
0.05758856856324471,0.05930241332626903,1e-11,0.9710999153846384
0.027460984000741085,0.06296955908851547,1e-11,0.43609935337389844
0.04838067286503208,0.10090763385288032,1e-11,0.47945503246631815
0.07420131875643066,0.07682355031935514,1e-11,0.9658668266173083
1.4107418491335835,8.31055154417088,1e-11,0.16975309540352887
0.140550170844505,0.14853866604513927,1e-11,0.9462194227716664
0.8667426400554773,3.305785154052158,1e-11,0.26218964623065216
0.04921140583725191,0.05513334740498621,1e-11,0.8925887535136544
0.06237015756953849,0.07849491269380239,1e-11,0.7945757938840661
0.00018204530372497655,0.00018204682076665128,1e-11,0.9999916667499693
1.5506781345258066e-10,1.5685385434652268e-10,1e-11,
0.6973965517259836,1.1025733929617476,1e-11,0.6325171241912771
0.020528015517496966,0.09510171661277908,1e-11,0.21585325952716355
0.04593623199765876,0.22287075101483905,1e-11,0.20611153230510837
1.362910526844293,9.584985707808292,1e-11,0.14219223360281222
0.4351855217399519,0.4511072987649584,1e-11,0.9647051221104221
0.37548681121220956,1.5418594385229827,1e-11,0.24352856157361885
0.12524000002943875,0.2594311274702522,1e-11,0.48274854775782233
0.00864248211269806,0.03158273275942513,1e-11,0.27364579811792605
4.879736235995604e-05,4.8797851718176016e-05,1e-11,0.9999899717261571
0.005966753208792233,0.006839765361840347,1e-11,0.8723622658287774
0.8255620077916582,1.161191535970832,1e-11,0.7109610966130876
0.6401686331221551,2.7557816274459386,1e-11,0.23230020359612605
0.14505054459725067,0.170361304662042,1e-11,0.851428937369304
0.2195261343576785,6.319475015612362,1e-11,0.03473803343083654
0.012549485121252986,0.01972133842497957,1e-11,0.6363404374906663
0.9826132526663415,1.9178728621163292,1e-11,0.5123453551462478
0.15448523388144386,0.2200262576016523,1e-11,0.7021218083940348
0.05214198456800153,0.17625547870046662,1e-11,0.2958318513129061
0.00013706332584304006,0.00013706397123750263,1e-11,0.9999952912902148
0.020508749617398545,0.0692614655749191,1e-11,0.29610620345904365
0.7010564481666559,0.7646310458296832,1e-11,0.9168558509234425
0.1924619165910991,0.3815811123663253,1e-11,0.5043800920794316
0.6392266815232722,0.8611102650978821,1e-11,0.7423284885015411
1.4589844539549781,13.1887439677798,1e-11,0.1106234572086082
0.14157026855519947,0.16139839844820772,1e-11,0.8771479142070233
0.3229072930222907,0.3999382510934993,1e-11,0.8073928716230747
0.0003418040475857346,0.0029864232237756033,1e-11,0.11445264852769488
0.1061080720396833,0.1496091345858466,1e-11,0.7092352504639204
0.00014863157193575823,0.00014863280677437736,1e-11,0.9999916920184316
0.022190902773756006,0.038881110541755484,1e-11,0.570737370012222
0.003042358791571561,0.2404229902211956,1e-11,0.012654192466255034
0.28097615449295116,0.3057476239819178,1e-11,0.9189806639660701
0.03432768946102749,0.0415485550460526,1e-11,0.8262065774123439
1.1845221847744927,9.528353571806472,1e-11,0.12431551535612466
0.01734074454506388,0.032170516043889416,1e-11,0.5390259988806628
0.23135334877892894,0.2520709677842663,1e-11,0.917810372263622
0.592532445162944,1.958141372535099,1e-11,0.3025994207945387
0.6223907565127912,0.908632717728772,1e-11,0.6849750667888405
1.5913961402006198e-05,1.5914094018126198e-05,1e-11,0.9999916667502499
1.8619476338210854e-06,3.4403107704166015e-06,1e-11,0.5412149535536332
0.5460875524193508,2.9163876406291593,1e-11,0.18724793124604727
0.0353530722716901,0.03597120730348561,1e-11,0.9828158386072404
0.40735582355754846,0.6255634669066701,1e-11,0.6511822462585131
1.1073356205867505e-06,1.2080854535651927e-06,1e-11,0.9166037198104502
0.1343569595350915,0.13803571263620426,1e-11,0.973349265701926
0.05831526211149986,0.1954817776852812,1e-11,0.29831559136619573
0.05733779808292617,0.8690795828183296,1e-11,0.06597531367263972
0.8144835866107601,1.706372827339515,1e-11,0.47731865718974165
4.1576873417064215e-05,4.1577024696306596e-05,1e-11,0.9999963614702234
0.249377162836891,0.29981981339986313,1e-11,0.8317567808779273
0.03416567354241601,0.037247520661352014,1e-11,0.9172603420518745
0.05737228291611489,1.3294694229844213,1e-11,0.043154270360971796
0.14846208741870706,0.16326512332226772,1e-11,0.9093313035733843
0.3902019872559695,7.382010111373354,1e-11,0.05285850078351844
0.1529070328685852,0.17650391187718453,1e-11,0.86630959757414
0.005050697301414192,0.005300247068668485,1e-11,0.9529173330938733
0.492219593857975,0.8509320765097775,1e-11,0.5784475723102197
0.0930745035665749,0.09784103756026001,1e-11,0.9512828756466384
8.714184112108889e-05,8.714237551096122e-05,1e-11,0.9999938676233096
0.12172337892042008,0.15848248823178396,1e-11,0.7680557030528009
0.3263734613092586,0.3503354116974974,1e-11,0.9316028309209886
0.10307730098633626,2.300325748267333,1e-11,0.044809871412332294
0.49309542033202236,1.0686195954476616,1e-11,0.46143213397229244
1.0774577162303933,9.875149347230424,1e-11,0.10910799202571819
0.9808186649732439,2.664919346015205,1e-11,0.3680481611722472
1.0449081123559396,1.3719346515664326,1e-11,0.7616311106093107
0.03468450478694712,0.03995288238115004,1e-11,0.8681352312971402
0.3047163507434345,0.4168395391460454,1e-11,0.7310159476898208
7.401427164556055e-06,7.401429467504055e-06,1e-11,0.9999996888509158
0.018804733827899222,0.30546766375591183,1e-11,0.06156047287193516
0.6769001492198139,0.9558367464402622,1e-11,0.7081754826237148
0.2895592615015694,2.2885052494753833,1e-11,0.12652768070684914
0.046796841570294255,0.2465987027402594,1e-11,0.18976921228813204
1.876668282084144,11.54407359896182,1e-11,0.16256551606297073
0.05592617383000553,0.06177196150973788,1e-11,0.9053650307217328
1.5650635724887672,2.3899294711941494,1e-11,0.6548576396720064
0.02065578326531141,0.05484652083778325,1e-11,0.3766106391033255
0.3373870456943764,0.8425922134209324,1e-11,0.40041557507941095
0.00010729204822217787,0.00010729295992298476,1e-11,0.9999915026968448
0.8451525244266435,3.0803960463953044,1e-11,0.2743648906495791
0.010174600467776795,0.03529923655219065,1e-11,0.2882385417240806
0.11126378063373683,0.16353293846916486,1e-11,0.6803753523619115
0.06020142143139941,0.20506553924451731,1e-11,0.2935716144857282
0.812408429936649,6.180847311840512,1e-11,0.13143965365077637
0.06975616781249928,0.10334039292829858,1e-11,0.6750135724846597
0.1777743852227919,0.1816604323276607,1e-11,0.9786081809061231
0.22829415672559195,0.9541102289703931,1e-11,0.23927440435467348
0.8290410699365253,2.2231669100765017,1e-11,0.3729099538945535
0.0004704720195047454,0.00047047594009835396,1e-11,0.9999916667500409
0.04951008694790271,1.28105643549721,1e-11,0.03864785779612169
0.007835489536007096,0.024201238185568387,1e-11,0.32376399405380557
0.17119331817989458,2.2185225735789404,1e-11,0.07716546147363468
1.2746414768422791,3.4840966476592703,1e-11,0.36584561386912867
1.256830099214289,8.863546952149356,1e-11,0.1417976466982572
0.4803923205158592,0.6547184664369481,1e-11,0.733738767336453
0.15815107959015326,0.16442711432874613,1e-11,0.9618309014044671
0.43167224997673204,0.6112637893502896,1e-11,0.7061963386307492
0.5755133311901305,2.2128276369938025,1e-11,0.26008050585086867
0.00020569499059228878,0.0002056977808829511,1e-11,0.9999864349987134
5.287114842106545e-07,6.609440255599678e-07,1e-11,0.7999338276228722
0.05705647988336765,0.06562715463206233,1e-11,0.8694035297317697
0.006618711592757564,0.05019050023177956,1e-11,0.1318717996870399
0.4082370399326626,3.468038281548567,1e-11,0.1177141100502427
0.9351420008892627,8.79854016944735,1e-11,0.10628376786145882
0.674311464823688,1.685366605260378,1e-11,0.40009779636016424
1.266986469561287,2.103653253699539,1e-11,0.6022791386047732
0.39102047168595105,0.4223227841225684,1e-11,0.9258805974637336
0.8706183550528442,1.5232603518528822,1e-11,0.5715492784892817
0.00019750499632284466,0.0001975067349737202,1e-11,0.9999911970046198
0.06667642948274104,0.06749542844046204,1e-11,0.9878658603012878
0.12616162682770662,1.7701630757566706,1e-11,0.0712711888274914
0.2381056971565201,0.24463856141689325,1e-11,0.9732958523687508
0.16863541364287138,0.17060074365298172,1e-11,0.988479944647205
0.5033932594155042,6.023360670570155,1e-11,0.08357348778316712
0.05421912536755725,0.06007305865159364,1e-11,0.9025531009168767
0.4031078184219178,1.2974406422196516,1e-11,0.3106946131518464
0.9418937981991634,1.371480497577249,1e-11,0.6867715580812414
1.152494548826238,2.2793428921791277,1e-11,0.5056257892485911
7.531013053478381e-05,7.531024374921101e-05,1e-11,0.9999984966928592
0.03134192144892335,0.07889469598471101,1e-11,0.3972627190932721
0.23898511902978278,0.3465572158543479,1e-11,0.6895978732995829
0.9910984155234712,2.9405801512123833,1e-11,0.33704179602615064
0.055688177403863955,0.07983018751048047,1e-11,0.6975829462576792
0.8159419129389996,5.742170387846276,1e-11,0.14209643006518938
0.891880571674459,1.7208063932459905,1e-11,0.5182922234453624
0.023875224121605927,0.07923712717458452,1e-11,0.3013136009966797
0.006476643032287854,0.0072273420708869295,1e-11,0.8961306893687749
0.05483852843015844,0.1367886537984388,1e-11,0.4008996865409924
0.00016819415089651066,0.00016819500461562272,1e-11,0.9999949242302766
0.4315467801394526,1.4433536657261894,1e-11,0.2989889383225628
0.09426683142426669,0.09605738132136613,1e-11,0.981359580362606
1.557415303904652,2.478110620555296,1e-11,0.6284688387137721
0.8123860267963035,1.6982140472307712,1e-11,0.47837669704890146
1.0222558598640648,6.156930667797701,1e-11,0.16603335574505013
0.2788156537315321,1.4240192084686525,1e-11,0.19579486854770878
0.07152262063116831,0.07179271690326104,1e-11,0.9962378318617376
0.20977276074524315,0.22787216887710268,1e-11,0.920572098729525
0.10149640637876815,0.7756707646624054,1e-11,0.13084985409104902
4.3155320526209696e-05,4.315610650065326e-05,1e-11,0.9999817876424151
0.05718555507281083,0.14044143292522443,1e-11,0.4071843606384896
0.045306467461768765,0.05050785471048504,1e-11,0.8970182503586615
0.4070491141423865,1.382157084487812,1e-11,0.29450278749844655
0.041502322356767096,0.1365567062472602,1e-11,0.303920060005107
0.9398507864360319,10.784221840184838,1e-11,0.08715054274327903
0.04368878111889598,0.12421143724550548,1e-11,0.3517291329021864
0.7582148838647702,2.2443281692941563,1e-11,0.33783601446451106
0.041432587639982935,0.045793154369904325,1e-11,0.9047768866346715
0.7825390664381946,0.8668216337651906,1e-11,0.9027682696832334
0.00025502224878913923,0.00025502464361512497,1e-11,0.9999906094330658
0.5321643287437572,0.590127370029737,1e-11,0.9017787612815534
0.0281995133906691,0.07373094196595843,1e-11,0.382465117612207
1.0437949808637705,3.050707086557182,1e-11,0.34214854171454584
0.5299388612869353,3.105636384302976,1e-11,0.1706377681448609
1.3023078744209262,11.573579559457373,1e-11,0.11252420806635773
0.029879899651616238,0.037635539520962394,1e-11,0.7939277616831721
0.2877288273390229,0.3259252761304738,1e-11,0.8828061166506148
1.0665832461544895,1.578680666664782,1e-11,0.675616841756743
0.0983085759414195,1.4158538898832,1e-11,0.06943412497848164
3.426022149243347e-05,3.4260473793085894e-05,1e-11,0.9999926358095936
0.0023654167410827767,0.0071801012521839685,1e-11,0.329440582800039
0.5262231080101998,0.5835835740268256,1e-11,0.9017099374116566
0.53134269348188,0.7262631023719551,1e-11,0.7316118521600912
0.04813579661651168,0.055625431934099606,1e-11,0.865355916220821
0.000964550454106175,0.0029842281603101014,1e-11,0.32321605530521674
0.06315337013440203,0.07071645914834157,1e-11,0.8930505132040834
0.15227808823082314,0.5090692513415053,1e-11,0.29913039891829674
0.005352281443769604,0.013398110013963179,1e-11,0.39948033253881243
0.022602654733786306,0.06297730677809675,1e-11,0.3589015772527036
2.077041491523814e-05,2.0770506791243858e-05,1e-11,0.9999955766122299
0.7162055528607739,0.9109054893977008,1e-11,0.7862567096113733
1.1712644734545832,3.157954648853629,1e-11,0.3708933799539409
0.05223477375455038,0.05672139262393037,1e-11,0.9209007631542686
0.791288620973847,1.0099859433623228,1e-11,0.7834649840170892
1.435444243739271,9.474841212519816,1e-11,0.15150061215194943
0.2237495033188392,0.24422185456166476,1e-11,0.9161731398708366
0.3741849625932731,0.6926507724239647,1e-11,0.5402216780669931
0.06498230814598109,0.06502776947329912,1e-11,0.9993008936384217
0.09763970858918102,0.10028493840909636,1e-11,0.97362286040278
3.841435685240401e-05,3.84146274173886e-05,1e-11,0.9999929567198024
0.5680138041160189,0.6866023598330651,1e-11,0.8272820446671945
0.044079083431774926,0.05427442321580741,1e-11,0.8121520381065406
0.12497671891974423,0.12772167279932745,1e-11,0.9785083156255242
0.5009804750237106,0.804873052046366,1e-11,0.6224341512614722
0.9832608547168366,10.176436824352889,1e-11,0.09662132941894043
0.6746013324707112,1.2271686064598237,1e-11,0.5497217977379842
0.03642124329585907,0.036480575376104704,1e-11,0.9983735980139037
1.0842446490915543,1.5376968964514564,1e-11,0.7051094735208648
0.27427529151791835,3.3380845603610747,1e-11,0.0821654714128184
0.00019215068559673686,0.00019215130794890715,1e-11,0.9999967611348737
0.612407349074136,1.0468631927088476,1e-11,0.5849927223914329
0.1468058622468086,0.9461532481204211,1e-11,0.15516076548745725
0.06391389576231075,0.07623060960355582,1e-11,0.8384282389279155
0.17454621841464338,0.5446498051593305,1e-11,0.3204742143689596
0.06446445093690858,8.713964473940896,1e-11,0.00739783265466476
0.24098408091840356,1.8488110967474167,1e-11,0.13034543190613845
0.11007387065904971,0.14348278363695477,1e-11,0.7671573401974311
0.16766713208287515,0.4287597621659084,1e-11,0.39105146256237644
0.8499253639923035,2.084397571192631,1e-11,0.4077558790792493
6.4825103322732e-05,6.482567829382812e-05,1e-11,0.9999911305039725
0.0035269263481979393,0.047260144225653576,1e-11,0.07462792181415871
0.6910239861008279,0.9598725864080667,1e-11,0.7199122007293745
0.9454096555163621,2.222906854214616,1e-11,0.4253033156669934
0.06107909439357049,0.07779950309142523,1e-11,0.7850833484346816
0.026684637471533885,4.837756306223575,1e-11,0.005515911877827577
0.015119702690368357,0.4971071625797217,1e-11,0.030415378873048505
0.1242895248072321,0.1261313609258458,1e-11,0.9853974768440299
0.07611003681902641,0.2890615780437856,1e-11,0.26330042662223907
0.4129126791650268,0.5490660799370429,1e-11,0.7520272955349422
0.00019982181971568306,0.00019982344885697415,1e-11,0.9999918470965224
0.05101947816838644,0.054264966166506425,1e-11,0.940191835959843
0.08249115861089276,0.11899166182377527,1e-11,0.6932515887798999
0.16203027765151407,2.3959476303667273,1e-11,0.06762680268880229
0.36011281824690256,0.7844204430922446,1e-11,0.45908137838339685
0.21667825587511932,7.870590049729806,1e-11,0.027530115849771365
0.0727174637173203,0.07451253521930364,1e-11,0.9759091339906752
0.32194344530471464,0.7201343169346994,1e-11,0.44706027435977325
0.07082160039048263,0.11499511479818653,1e-11,0.6158661653999191
0.00284974536287911,0.15131868026830644,1e-11,0.018832740001605647
6.57639136721692e-05,6.576511917988443e-05,1e-11,0.9999816694969877
0.9144130429875372,1.4774643536012162,1e-11,0.6189070083205184
0.042392488959704,0.048691043665159535,1e-11,0.8706424378830391
0.1253594575951844,0.667454392037396,1e-11,0.18781726375719288
0.18310749052568126,0.3266531675383221,1e-11,0.5605562986135733
0.018533402825204787,0.018753808561290976,1e-11,0.9882474146322939
0.6062978438748243,1.7795511151689187,1e-11,0.3407026854731696
0.10692404712143974,0.10784239647984326,1e-11,0.991484338364317
0.398499600184066,1.0346589309480398,1e-11,0.3851506890477694
0.8230351938074645,1.0042089342945206,1e-11,0.8195856118185856
9.796393209057279e-05,9.796459267848253e-05,1e-11,0.9999932568707562
0.05842015315360806,0.06814574084063939,1e-11,0.8572825305432533
0.0014030464186201355,0.028294273281717387,1e-11,0.04958764639934143
0.13270761189387456,0.1523805455568814,1e-11,0.8708960281569327
0.44692443984620145,0.6832842174930635,1e-11,0.6540827790314628
0.03736914778695609,10.58992631503438,1e-11,0.0035287448349761983
0.2892047407385059,0.29762242659789145,1e-11,0.9717168966209712
0.4121995037691934,0.6461897265800265,1e-11,0.6378923817789064
0.5188972068599453,1.5487306840708321,1e-11,0.3350467658431266
0.038749804795010785,0.03923132768955051,1e-11,0.9877260617241873
8.743304846283944e-05,8.743385273045865e-05,1e-11,0.999990801416224
0.3996852278424434,1.813200573741025,1e-11,0.22043078610867983
0.11529736628731099,0.11581720195134687,1e-11,0.9955115850212454
0.049365320360607916,0.050721356710209366,1e-11,0.9732649826906443
0.034964941217831114,0.03855792401825226,1e-11,0.9068159686522457
1.84838508802761,12.06457276670082,1e-11,0.15320767040580996
1.506883465080699,2.4840103935010887,1e-11,0.6066333172450306
0.09758825923312728,0.09789455829877408,1e-11,0.9968711328702053
0.7289894297489674,0.9088711081627282,1e-11,0.8020823010015256
0.18487972155948876,0.8299754786220473,1e-11,0.22275323346471895
9.637609235198396e-05,9.637766752960976e-05,1e-11,0.9999836561968537
0.047091508914380145,0.08487496759059424,1e-11,0.5548338956844419
0.1035688586845665,0.12074740076011008,1e-11,0.8577315787552865
0.0815531472931503,0.08218892644378913,1e-11,0.9922644183572145
0.5725798827074018,0.6299935357040674,1e-11,0.9088662823619272
0.7167958743095402,9.48793971867163,1e-11,0.07554810586527377
1.1254233188982954,3.2195865939450363,1e-11,0.3495552258214889
0.18981637560700299,0.295899313415793,1e-11,0.6414897466837851
0.047178357637189146,0.048629691579960076,1e-11,0.9701553948705484
0.21506501156996946,1.8433877922543425,1e-11,0.11666834969486212
0.00010770725643810882,0.00010770811102922303,1e-11,0.999992065675407
0.02734536039405118,0.033673057275372766,1e-11,0.8120842776592956
0.779167732920347,0.9319634851470965,1e-11,0.8360496364268682
0.05040459870595232,0.053193129762477705,1e-11,0.9475772328310637
0.02256297757171355,0.2827065121025183,1e-11,0.07981060430447921
1.5533826935524163e-07,1.5633949047389965e-07,1e-11,0.9935958527456941
0.2659383070688245,0.2783628520851351,1e-11,0.9553656498227332
0.34551717545191535,1.622145824675703,1e-11,0.21300007076798452
0.041208943598457344,0.04169761561047624,1e-11,0.9882805766021758
1.6963038880527925,3.1069110492606122,1e-11,0.5459776160815681
9.076616690568912e-06,9.07669232885641e-06,1e-11,0.9999916667564838
0.07558107238449116,0.12103448456596834,1e-11,0.6244589932821719
0.040703292635477,0.04093949509498864,1e-11,0.9942304501078091
0.0031905007974556638,0.04361364406147825,1e-11,0.07315373127176211
0.30698742344514846,1.226395742593086,1e-11,0.25031677197121993
0.7256954249258659,9.003255854667612,1e-11,0.0806036656783045
0.12194511590243702,0.1356965907607784,1e-11,0.898660130064844
0.9846582798011175,1.9462303171861313,1e-11,0.5059310150017295
0.022865378574279283,0.03621465822396998,1e-11,0.6313846297504199
0.6412564385014486,0.8271451134935597,1e-11,0.7752647365502953
0.00016038013953016466,0.00016038146057999116,1e-11,0.9999917630764695
0.0028257382995005645,0.12010392021416078,1e-11,0.023527444353705598
0.39177457414552985,0.4489586020503868,1e-11,0.8726296196493432
0.03349827318349103,0.06465924104384016,1e-11,0.5180740238008451
0.42359827211185885,0.7932029078186668,1e-11,0.5340351982278627
0.196059158893817,9.959353454731833,1e-11,0.019685932403640766
0.372034699136016,0.9728003220354318,1e-11,0.3824368585298079
0.5282624854000251,2.3141941660449157,1e-11,0.2282705976667699
0.03171602750840747,0.03226824752328931,1e-11,0.9828865817865293
8.978310307295369e-05,0.0009447106676763005,1e-11,0.0950376725328959
0.00011665737514744838,0.00011665902692421317,1e-11,0.9999858409862628
0.9581667666499535,2.5318329770150805,1e-11,0.37844785787551827
0.1270203216702582,0.625375937562339,1e-11,0.20311034378037052
0.0033270692929597413,0.04734484829463773,1e-11,0.07027310072375001
0.44657832085082166,0.4658993498265447,1e-11,0.9585296073434825
1.093513038738896,12.094371650235638,1e-11,0.09041503522157687
0.03589299149525474,0.051063795252946804,1e-11,0.7029048921541612
0.12099325815115124,0.16143282139910134,1e-11,0.7494960262883987
0.0352780507102805,0.04643875892846004,1e-11,0.7596682496323197
0.07425550004759102,0.08026078121931741,1e-11,0.9251778878738222
0.00021930260868566664,0.00021930449186306037,1e-11,0.9999914129556685
0.0614951409118084,0.06808907130116104,1e-11,0.9031572870161881
0.039963095232016,0.04240235026484448,1e-11,0.9424735889026687
0.23551167920281255,0.7980715429970924,1e-11,0.29510096089677335
0.03749829093028768,0.08603456810233638,1e-11,0.43585144619641975
1.9085331198560365,10.033086039663916,1e-11,0.19022393631540788
0.24498505272768728,0.4206570561308191,1e-11,0.5823866476436805
0.031341993087043066,0.10013813898629682,1e-11,0.3129875730098398
0.013592862465746019,0.029696050826431723,1e-11,0.4577330011048926
0.030541783074959458,0.030561029414959688,1e-11,0.9993702326011699
0.00017514327921955855,0.00017514370195323734,1e-11,0.9999975863609477
0.5625846665660453,0.8912586346690293,1e-11,0.6312249269539613
0.20217910898860203,0.20950991872033065,1e-11,0.9650097247113425
0.009082299244451428,0.29267224073564424,1e-11,0.031032322100731792
0.004741158226653157,0.079321840981771,1e-11,0.05977115719922241
1.1918316061949545,8.101730497999961,1e-11,0.1471082760021673
1.5178903310629819,3.741560181026959,1e-11,0.40568379435937907
0.39224474851820823,0.4896393701502183,1e-11,0.8010890717343052
0.03717585131029549,0.03776305945921071,1e-11,0.9844501966386094
0.06237393380543687,0.06250921954821222,1e-11,0.9978357473704978
0.00020621627397525457,0.0002062178916036334,1e-11,0.9999921557321422
1.912408749591382e-06,1.9772534053696845e-06,1e-11,0.9672046811995861
1.083262156614745,2.104509043673684,1e-11,0.514733904266705
0.022781425784544174,0.03482586211474506,1e-11,0.6541525292176086
0.924529230424516,1.8310361732252165,1e-11,0.5049213357680615
0.14780668829298055,7.784775587135208,1e-11,0.01898663444290413
0.224140959866282,0.7296619077537927,1e-11,0.30718468030801066
0.11678428851944932,1.1413670743909035,1e-11,0.1023196578381866
0.3997297534141956,0.6455118364444025,1e-11,0.6192446533838641
0.5837238933587628,1.45687957933928,1e-11,0.40066722166803365
0.00023418065125078028,0.0002341826330175712,1e-11,0.9999915375159747
0.05982053914710509,0.06547826052141341,1e-11,0.9135938962144837
0.10289973792995616,0.19973157353188442,1e-11,0.5151901430022511
0.5742315476113679,0.6905569577749459,1e-11,0.8315484206568682
0.03217780157630011,0.09499513339353899,1e-11,0.3387310531266505
0.7934316399043593,9.681617518122449,1e-11,0.08195238434271766
0.9843054213162732,2.7769971975322725,1e-11,0.35444955514933835
0.2531354545893709,1.95633496296266,1e-11,0.12939269572017684
0.010519628394935926,0.03404863790670803,1e-11,0.3089588612548704
0.47245188444366726,2.9357551906495463,1e-11,0.16093027305152635
0.0003080273948630396,0.00030802956447862836,1e-11,0.9999929564696414
2.4372781727082093e-06,2.49297769535811e-06,1e-11,0.9776574324136103
0.41463353460729047,0.509140971410377,1e-11,0.8143786453852055
0.021932332875096758,0.2701566118773561,1e-11,0.0811837723411095
0.22790589504843858,1.0937345484154148,1e-11,0.2083740477784349
1.2276943239239841,8.7768414162937,1e-11,0.13987883176797983
0.023018489219730435,0.043115622843201896,1e-11,0.5338781560327104
0.016015805972686172,0.023227181904653026,1e-11,0.6895285893239497
0.9412720793025071,2.9346109080401495,1e-11,0.3207485110627924
1.9685595419896066e-06,3.0746077061254354e-06,1e-11,0.6402636466654633
9.667115728101385e-05,9.667141043331025e-05,1e-11,0.9999973813116488
0.0874043539456546,0.09865248581794997,1e-11,0.8859822762798669
0.026349049528079774,0.028364033068043568,1e-11,0.9289599072483813
0.08919947395992277,0.09065407253466229,1e-11,0.9839544045394834
0.24243087582408498,0.25180698837032967,1e-11,0.9627646849401362
0.668403046291714,5.679542380033152,1e-11,0.11768607425864695
0.5205750470158613,0.8612511745923901,1e-11,0.6044404493987915
1.290228997510388,2.252374588514115,1e-11,0.5728305602850672
0.16888684014085947,0.4074905544494187,1e-11,0.4144558402563493
0.23648072349037969,0.5242600559062546,1e-11,0.45107522655257554
